Distance,RSSI,SNR,Battery_Level,Packet_Loss_Rate,Node,Health
19.325,-61.11,14.49,43.3,9.99,THANU,FAILURE
14.049,-61.74,18.1,30.77,3.61,THANU,FAILURE
28.953,-82.5,9.17,99.55,8.08,THANU,NORMAL
6.96,-37.69,20.0,34.35,2.23,THANU,NORMAL
17.842,-68.73,12.05,44.05,3.42,THANU,WARNING
21.156,-70.01,16.03,53.29,11.2,THANU,WARNING
24.854,-73.74,14.23,76.56,0.0,THANU,WARNING
12.506,-46.62,20.0,23.69,14.1,THANU,NORMAL
20.764,-66.87,15.52,33.95,7.48,THANU,NORMAL
9.444,-46.14,20.0,99.72,9.31,THANU,WARNING
13.347,-45.9,19.74,84.26,0.41,THANU,WARNING
26.921,-76.13,13.54,49.95,0.0,THANU,NORMAL
28.522,-75.83,18.87,19.78,4.78,THANU,NORMAL
21.705,-48.34,17.25,88.0,13.59,THANU,NORMAL
11.543,-50.91,17.81,80.47,8.72,THANU,FAILURE
24.692,-86.31,9.34,62.26,3.43,THANU,FAILURE
1.263,-35.0,20.0,46.4,10.48,THANU,NORMAL
3.531,-35.0,20.0,94.21,11.14,THANU,WARNING
20.011,-68.48,14.99,36.61,4.74,THANU,WARNING
9.092,-37.49,20.0,38.88,11.86,THANU,WARNING
28.566,-76.53,14.68,88.8,2.2,THANU,WARNING
13.364,-40.89,19.33,66.37,6.55,THANU,NORMAL
13.166,-46.57,20.0,95.58,0.0,THANU,NORMAL
20.503,-64.33,17.7,68.05,14.69,THANU,WARNING
23.143,-74.73,12.87,12.97,8.97,THANU,NORMAL
14.529,-46.32,13.78,25.91,8.75,THANU,WARNING
6.813,-39.65,20.0,35.36,0.0,THANU,WARNING
23.313,-71.2,14.99,88.05,3.85,THANU,NORMAL
9.95,-35.0,19.15,84.78,4.75,THANU,NORMAL
5.666,-39.96,17.05,81.13,15.08,THANU,WARNING
19.133,-59.0,15.45,59.82,16.64,THANU,NORMAL
3.168,-35.0,20.0,22.51,6.24,THANU,NORMAL
29.155,-84.78,11.16,21.81,13.19,THANU,WARNING
19.156,-60.51,15.82,21.35,15.43,THANU,NORMAL
29.584,-81.98,11.49,86.92,11.11,THANU,FAILURE
10.497,-45.79,12.03,22.74,9.92,THANU,FAILURE
29.151,-72.13,16.61,82.77,6.49,THANU,WARNING
4.794,-35.0,17.85,86.03,3.02,THANU,WARNING
1.7,-35.0,19.51,19.45,7.23,THANU,NORMAL
1.473,-35.0,17.36,91.18,0.0,THANU,WARNING
14.214,-49.31,20.0,90.78,7.68,THANU,WARNING
2.949,-35.0,20.0,67.44,3.01,THANU,NORMAL
15.609,-52.21,16.83,56.17,2.65,THANU,WARNING
10.161,-44.32,15.51,68.26,8.4,THANU,NORMAL
10.401,-52.17,18.97,46.43,7.15,THANU,WARNING
19.25,-61.38,15.17,62.98,4.67,THANU,NORMAL
5.311,-37.93,20.0,97.26,10.21,THANU,FAILURE
23.113,-69.95,17.09,20.2,0.0,THANU,NORMAL
17.67,-55.47,12.24,31.04,0.85,THANU,WARNING
27.491,-78.08,14.68,57.17,2.68,THANU,WARNING
11.263,-43.29,15.89,33.27,15.43,THANU,WARNING
29.49,-90.76,12.08,99.35,9.82,THANU,NORMAL
17.487,-51.78,18.99,74.82,4.4,THANU,NORMAL
29.215,-90.39,2.89,49.06,15.99,THANU,WARNING
1.298,-35.0,20.0,91.25,3.01,THANU,WARNING
21.975,-58.35,13.52,23.0,4.15,THANU,WARNING
24.59,-62.34,18.82,35.91,12.41,THANU,NORMAL
2.069,-43.13,20.0,96.03,6.08,THANU,WARNING
17.58,-60.17,12.51,60.13,8.28,THANU,NORMAL
24.157,-69.78,12.52,92.86,12.91,THANU,WARNING
17.051,-57.87,20.0,98.58,5.53,THANU,NORMAL
2.383,-35.0,20.0,42.42,13.13,THANU,WARNING
20.957,-79.78,9.52,61.88,11.4,THANU,FAILURE
2.288,-35.0,20.0,86.2,2.06,THANU,FAILURE
24.615,-65.34,15.71,34.55,3.23,THANU,WARNING
1.77,-35.0,20.0,50.21,4.82,THANU,NORMAL
4.553,-41.84,16.97,23.8,2.76,THANU,WARNING
8.616,-38.38,17.04,68.73,6.55,THANU,NORMAL
19.184,-56.97,20.0,10.38,0.0,THANU,NORMAL
29.303,-74.86,11.13,50.44,3.69,THANU,NORMAL
3.976,-35.0,19.78,93.62,10.73,THANU,WARNING
4.71,-35.0,20.0,90.76,13.88,THANU,NORMAL
11.382,-38.54,20.0,82.34,9.25,THANU,FAILURE
25.168,-65.32,14.15,22.7,4.5,THANU,WARNING
14.283,-50.17,15.4,56.82,10.65,THANU,NORMAL
9.988,-41.43,14.74,74.72,14.38,THANU,NORMAL
17.056,-56.75,20.0,19.11,8.8,THANU,NORMAL
8.185,-35.0,20.0,23.23,0.0,THANU,WARNING
12.334,-47.4,20.0,13.61,1.34,THANU,NORMAL
10.312,-35.0,15.79,39.08,6.04,THANU,NORMAL
24.222,-72.2,12.19,88.96,13.15,THANU,WARNING
27.766,-89.59,10.83,55.67,12.03,THANU,NORMAL
22.907,-56.15,15.44,86.79,14.35,THANU,FAILURE
13.453,-60.1,13.23,17.53,0.0,THANU,WARNING
15.378,-46.03,15.09,15.05,4.38,THANU,FAILURE
4.19,-35.0,20.0,82.35,10.28,THANU,NORMAL
22.533,-71.03,12.78,54.8,5.33,THANU,WARNING
18.096,-67.93,13.14,52.38,8.52,THANU,WARNING
27.122,-77.41,10.97,52.81,12.94,THANU,NORMAL
6.418,-35.0,20.0,44.3,0.0,THANU,NORMAL
22.912,-70.98,9.49,89.78,0.0,THANU,WARNING
20.698,-63.96,17.86,56.89,8.67,THANU,NORMAL
8.342,-44.4,15.67,97.65,5.15,THANU,WARNING
20.188,-61.95,17.33,86.19,16.06,THANU,NORMAL
27.769,-82.0,4.26,76.38,8.02,THANU,WARNING
27.594,-74.3,13.55,67.26,12.93,THANU,FAILURE
21.729,-64.38,14.06,85.17,5.48,THANU,NORMAL
1.918,-35.0,20.0,89.36,11.23,THANU,WARNING
26.232,-73.23,11.83,21.99,1.88,THANU,WARNING
19.904,-52.81,18.97,42.38,7.42,THANU,WARNING
9.658,-37.94,20.0,82.49,1.85,THANU,NORMAL
6.024,-35.0,18.6,29.92,7.89,THANU,WARNING
3.928,-35.0,18.98,62.76,0.39,THANU,NORMAL
1.982,-35.0,20.0,80.24,7.88,THANU,NORMAL
22.746,-61.25,19.13,30.15,11.55,THANU,WARNING
7.457,-35.0,20.0,46.18,4.43,THANU,NORMAL
1.215,-35.0,18.99,92.36,5.34,THANU,NORMAL
12.219,-58.83,16.36,42.04,0.0,THANU,WARNING
14.737,-49.39,13.99,64.42,1.12,THANU,WARNING
5.492,-35.0,18.97,49.05,0.0,THANU,WARNING
1.799,-35.0,20.0,88.93,10.61,THANU,WARNING
6.079,-40.94,16.25,48.17,0.59,THANU,WARNING
20.534,-73.41,12.18,42.33,4.63,THANU,NORMAL
2.926,-35.0,20.0,25.59,5.37,THANU,WARNING
16.874,-57.13,14.09,41.43,7.37,THANU,WARNING
4.819,-35.0,20.0,70.26,12.47,THANU,WARNING
6.273,-35.0,18.28,25.82,4.86,THANU,WARNING
12.096,-35.0,15.32,73.48,4.59,THANU,NORMAL
3.474,-35.0,20.0,10.96,0.0,THANU,WARNING
5.61,-35.0,15.57,43.03,8.2,THANU,FAILURE
10.794,-38.9,20.0,51.93,1.91,THANU,WARNING
10.225,-51.19,15.47,18.65,13.42,THANU,FAILURE
22.604,-67.28,18.72,71.57,14.69,THANU,NORMAL
2.706,-35.0,20.0,19.25,10.81,THANU,WARNING
25.883,-58.67,17.94,18.1,8.09,THANU,FAILURE
24.579,-83.92,11.57,43.11,3.88,THANU,FAILURE
23.097,-78.61,13.62,76.45,0.13,THANU,WARNING
9.626,-39.69,20.0,96.73,4.93,THANU,WARNING
24.775,-64.2,11.47,79.84,8.37,THANU,WARNING
5.893,-35.0,17.48,51.94,17.09,THANU,FAILURE
4.17,-36.33,20.0,34.53,0.0,THANU,NORMAL
1.826,-35.0,20.0,37.13,13.61,THANU,WARNING
28.21,-77.94,17.33,35.53,5.34,THANU,WARNING
9.586,-39.57,20.0,35.05,9.47,THANU,NORMAL
27.57,-71.37,10.96,16.22,5.66,THANU,NORMAL
8.542,-35.0,20.0,29.84,0.0,THANU,WARNING
27.273,-85.15,11.37,19.71,2.16,THANU,NORMAL
27.166,-71.47,8.2,10.66,6.46,THANU,WARNING
27.748,-90.64,8.84,35.7,5.04,THANU,WARNING
15.137,-45.65,16.74,41.7,7.57,THANU,WARNING
26.045,-74.03,10.86,93.47,7.15,THANU,WARNING
28.548,-80.39,8.04,99.53,16.89,THANU,NORMAL
10.076,-39.94,19.26,62.15,14.16,THANU,FAILURE
12.857,-67.12,20.0,91.09,0.0,THANU,NORMAL
21.718,-66.21,10.47,65.64,13.03,THANU,FAILURE
9.361,-41.36,17.37,54.78,18.13,THANU,WARNING
22.737,-60.42,19.24,13.84,9.1,THANU,NORMAL
2.68,-35.0,20.0,14.01,7.59,THANU,FAILURE
15.943,-51.5,12.53,12.77,6.67,THANU,WARNING
4.108,-35.0,19.75,23.51,0.0,THANU,WARNING
9.153,-45.56,20.0,16.92,13.68,THANU,NORMAL
8.129,-39.21,20.0,27.52,14.42,THANU,WARNING
25.248,-74.67,12.06,56.73,5.65,THANU,FAILURE
6.209,-35.0,20.0,55.29,0.0,THANU,WARNING
24.349,-57.11,18.56,40.98,0.0,THANU,NORMAL
23.922,-81.69,10.26,69.94,6.57,THANU,WARNING
15.217,-43.15,15.11,45.27,11.0,THANU,NORMAL
7.398,-40.7,20.0,29.82,2.1,THANU,WARNING
7.193,-42.79,20.0,72.29,10.68,THANU,WARNING
14.215,-40.91,18.22,98.22,0.0,THANU,WARNING
0.76,-35.0,20.0,82.96,10.79,THANU,NORMAL
16.175,-37.68,20.0,47.26,0.67,THANU,FAILURE
28.607,-82.82,12.19,43.81,3.64,THANU,FAILURE
5.064,-35.66,20.0,13.48,2.25,THANU,NORMAL
17.414,-48.48,20.0,69.14,0.0,THANU,FAILURE
28.872,-68.34,11.18,30.04,11.4,THANU,NORMAL
25.885,-79.38,12.9,71.52,9.41,THANU,NORMAL
25.586,-73.51,16.0,78.42,0.0,THANU,WARNING
24.745,-81.26,10.06,89.18,13.75,THANU,NORMAL
9.616,-48.32,20.0,59.34,6.77,THANU,NORMAL
26.773,-82.53,7.72,84.7,0.0,THANU,WARNING
28.27,-73.84,12.51,75.09,10.46,THANU,WARNING
15.126,-62.41,20.0,41.77,6.09,THANU,WARNING
10.96,-45.26,20.0,19.58,5.07,THANU,WARNING
12.72,-42.26,20.0,31.8,5.7,THANU,FAILURE
10.359,-35.73,20.0,86.01,0.0,THANU,WARNING
6.766,-35.53,20.0,58.1,1.63,THANU,NORMAL
18.744,-68.0,17.66,69.9,12.39,THANU,WARNING
17.097,-56.28,20.0,82.55,6.42,THANU,WARNING
14.146,-46.29,20.0,70.03,1.94,THANU,FAILURE
3.327,-35.0,20.0,87.04,8.39,THANU,FAILURE
24.008,-79.61,17.41,17.77,2.96,THANU,NORMAL
5.661,-38.43,20.0,91.33,7.93,THANU,FAILURE
3.88,-35.0,18.01,83.14,15.22,THANU,WARNING
18.881,-67.98,14.79,91.27,11.06,THANU,FAILURE
12.26,-35.0,20.0,75.78,12.3,THANU,WARNING
2.264,-35.0,20.0,34.7,6.82,THANU,WARNING
10.989,-36.32,16.98,20.25,14.72,THANU,NORMAL
23.268,-78.02,11.16,21.67,22.66,THANU,NORMAL
18.65,-54.3,17.59,54.9,1.25,THANU,FAILURE
11.202,-38.7,18.15,45.18,17.09,THANU,NORMAL
6.158,-35.0,20.0,68.88,5.16,THANU,WARNING
19.138,-58.18,20.0,55.29,13.42,THANU,WARNING
26.683,-74.78,11.29,21.28,5.01,THANU,WARNING
19.565,-51.64,19.49,10.2,5.31,THANU,WARNING
24.481,-72.93,15.52,21.55,11.92,THANU,WARNING
15.885,-69.14,12.06,23.21,16.89,THANU,WARNING
21.68,-69.9,12.65,74.79,0.96,THANU,WARNING
26.939,-74.76,14.17,35.68,2.22,THANU,WARNING
23.309,-78.69,13.99,18.43,18.73,THANU,FAILURE
27.341,-70.15,11.51,77.98,7.08,THANU,WARNING
13.219,-49.45,20.0,94.64,1.2,THANU,FAILURE
27.174,-68.02,17.12,19.04,9.53,THANU,FAILURE
18.836,-55.56,17.38,96.68,6.28,THANU,WARNING
26.166,-69.59,12.53,95.52,7.58,THANU,NORMAL
1.662,-35.0,20.0,57.08,13.14,THANU,FAILURE
19.907,-71.45,13.3,36.62,2.07,THANU,FAILURE
25.515,-73.84,14.75,22.43,15.18,THANU,NORMAL
5.639,-35.0,20.0,84.15,4.02,THANU,WARNING
20.023,-57.05,18.12,64.43,7.69,THANU,NORMAL
24.836,-62.13,13.73,68.62,3.19,THANU,NORMAL
8.995,-42.32,15.22,87.48,6.91,THANU,FAILURE
12.455,-38.37,20.0,49.95,6.0,THANU,NORMAL
17.301,-54.66,18.0,43.13,13.72,THANU,NORMAL
15.815,-50.54,14.54,78.61,9.5,THANU,NORMAL
1.656,-35.0,16.48,36.75,3.63,THANU,NORMAL
3.411,-35.0,20.0,39.51,11.28,THANU,WARNING
3.464,-35.0,18.86,44.3,13.75,THANU,NORMAL
8.237,-37.8,20.0,87.07,2.88,THANU,NORMAL
7.753,-35.0,19.11,80.12,5.18,THANU,WARNING
22.396,-72.7,10.98,36.23,12.11,THANU,WARNING
17.396,-46.15,18.73,22.93,12.15,THANU,FAILURE
23.037,-67.9,12.88,45.35,5.72,THANU,WARNING
2.562,-35.0,18.34,66.21,3.29,THANU,WARNING
14.814,-53.58,19.27,70.86,14.13,THANU,FAILURE
10.051,-41.82,20.0,28.04,2.28,THANU,NORMAL
25.573,-74.97,15.16,32.45,6.3,THANU,FAILURE
21.38,-67.52,16.61,93.71,0.0,THANU,WARNING
26.143,-75.41,18.36,44.66,4.29,THANU,WARNING
1.87,-35.0,17.04,38.27,0.09,THANU,WARNING
21.764,-66.28,13.54,72.61,0.0,THANU,FAILURE
16.43,-58.76,14.7,52.11,6.9,THANU,WARNING
24.838,-88.55,10.75,32.21,12.17,THANU,WARNING
15.461,-48.71,12.16,46.84,0.06,THANU,NORMAL
16.436,-42.25,20.0,22.98,2.73,THANU,WARNING
2.027,-35.0,20.0,35.16,7.91,THANU,FAILURE
20.221,-60.61,17.93,47.66,5.73,THANU,WARNING
8.558,-35.0,20.0,56.62,9.07,THANU,WARNING
1.081,-35.0,20.0,76.75,14.42,THANU,WARNING
2.46,-35.0,20.0,44.64,0.0,THANU,FAILURE
28.74,-72.74,13.31,59.11,0.0,THANU,NORMAL
10.709,-38.85,20.0,95.59,7.83,THANU,WARNING
26.108,-84.57,11.14,83.65,0.0,THANU,NORMAL
28.81,-73.88,13.19,31.33,14.12,THANU,NORMAL
28.326,-78.94,13.72,29.21,12.83,THANU,FAILURE
26.511,-81.2,14.54,69.64,11.11,THANU,NORMAL
26.898,-73.82,12.96,63.58,14.56,THANU,NORMAL
9.026,-37.08,20.0,59.22,0.07,THANU,FAILURE
4.968,-35.0,20.0,23.88,7.5,THANU,WARNING
19.358,-55.5,19.43,42.64,2.52,THANU,WARNING
14.899,-52.8,20.0,78.34,10.6,THANU,NORMAL
3.413,-38.08,20.0,75.12,2.55,THANU,FAILURE
20.487,-71.86,20.0,24.87,0.46,THANU,WARNING
17.104,-55.67,20.0,48.42,9.35,THANU,NORMAL
25.96,-63.14,15.23,49.84,16.03,THANU,WARNING
18.471,-63.03,17.09,55.77,6.52,THANU,NORMAL
17.431,-61.36,15.39,51.5,18.48,THANU,NORMAL
13.502,-52.61,16.56,55.15,17.43,THANU,NORMAL
14.152,-58.38,19.12,83.18,5.66,THANU,NORMAL
28.654,-82.45,10.55,45.05,13.5,THANU,NORMAL
4.584,-35.0,20.0,59.68,13.48,THANU,FAILURE
13.663,-48.3,17.32,64.61,3.58,THANU,NORMAL
19.847,-61.16,12.07,94.81,15.0,THANU,NORMAL
13.274,-53.88,16.59,68.93,0.0,THANU,NORMAL
8.855,-41.42,20.0,21.76,17.14,THANU,NORMAL
8.977,-45.59,17.47,62.42,1.28,THANU,FAILURE
7.393,-35.0,20.0,69.57,13.74,THANU,NORMAL
10.645,-35.0,17.72,10.86,3.91,THANU,WARNING
26.214,-83.51,8.5,16.78,2.42,THANU,WARNING
15.404,-57.75,19.82,11.71,15.54,THANU,WARNING
7.587,-35.0,19.17,14.34,13.95,THANU,WARNING
11.844,-45.46,20.0,18.07,2.74,THANU,FAILURE
3.622,-35.0,19.99,96.2,3.29,THANU,NORMAL
27.169,-78.77,11.71,28.6,8.25,THANU,FAILURE
12.542,-40.29,20.0,28.41,9.37,THANU,WARNING
29.422,-83.52,18.61,87.17,13.92,THANU,WARNING
10.752,-35.0,19.78,77.75,5.76,THANU,WARNING
25.173,-77.22,18.74,70.82,0.0,THANU,FAILURE
8.063,-35.0,20.0,47.96,0.0,THANU,WARNING
2.747,-35.0,20.0,12.81,12.13,THANU,NORMAL
1.436,-35.0,20.0,84.39,0.46,THANU,NORMAL
18.382,-66.22,14.56,87.47,11.92,THANU,WARNING
9.691,-35.0,20.0,53.36,1.75,THANU,NORMAL
13.584,-53.79,19.53,68.04,14.41,THANU,FAILURE
24.65,-80.66,12.43,52.99,0.0,THANU,FAILURE
7.819,-40.59,20.0,36.65,4.7,THANU,WARNING
9.605,-35.0,20.0,58.63,3.29,THANU,WARNING
25.437,-72.64,13.19,71.97,6.23,THANU,WARNING
15.036,-43.53,19.86,23.91,0.0,THANU,NORMAL
24.916,-69.84,12.39,57.76,4.0,THANU,NORMAL
11.547,-46.81,20.0,79.84,10.93,THANU,FAILURE
12.252,-55.3,16.83,52.8,8.32,THANU,NORMAL
5.431,-35.0,20.0,24.12,3.79,THANU,WARNING
27.532,-70.71,17.12,88.28,5.63,THANU,NORMAL
26.955,-81.04,13.35,70.65,3.37,THANU,WARNING
29.534,-92.15,6.06,66.93,6.14,THANU,WARNING
12.372,-49.16,20.0,68.65,0.04,THANU,WARNING
24.649,-53.01,18.45,32.06,6.85,THANU,FAILURE
12.741,-50.57,18.62,54.31,2.49,THANU,NORMAL
13.902,-52.77,14.7,39.34,5.26,THANU,NORMAL
24.985,-86.12,12.61,85.02,12.73,THANU,FAILURE
5.732,-35.0,17.7,62.99,0.0,THANU,FAILURE
6.999,-35.0,16.87,74.56,3.04,THANU,NORMAL
9.784,-40.55,20.0,69.43,6.35,THANU,WARNING
23.751,-73.6,14.4,53.53,3.09,THANU,FAILURE
11.493,-35.58,18.76,82.44,17.5,THANU,NORMAL
11.066,-45.24,17.56,65.38,14.51,THANU,FAILURE
29.965,-77.05,15.99,30.41,0.0,THANU,NORMAL
11.822,-44.69,20.0,36.17,0.0,THANU,WARNING
7.809,-35.0,20.0,84.43,1.34,THANU,FAILURE
18.885,-54.41,19.99,94.71,11.24,THANU,NORMAL
24.155,-63.52,18.09,59.32,3.16,THANU,WARNING
2.553,-35.0,17.72,44.7,6.2,THANU,NORMAL
18.757,-57.71,16.98,66.25,14.39,THANU,NORMAL
1.554,-35.0,20.0,53.52,7.48,THANU,NORMAL
16.027,-57.23,17.46,85.75,5.97,THANU,NORMAL
8.081,-35.47,15.05,84.97,0.0,THANU,WARNING
9.546,-38.37,20.0,51.05,14.6,THANU,FAILURE
14.279,-48.49,20.0,82.41,1.03,THANU,WARNING
27.85,-87.75,8.51,27.37,8.29,THANU,NORMAL
21.465,-66.35,15.52,43.65,15.9,THANU,WARNING
28.137,-95.35,12.91,17.16,2.52,THANU,WARNING
19.969,-53.36,12.9,82.7,2.08,THANU,WARNING
0.71,-35.0,20.0,97.77,3.82,THANU,NORMAL
8.335,-35.0,20.0,61.91,9.43,THANU,WARNING
27.22,-69.34,9.28,78.98,5.94,THANU,NORMAL
19.482,-58.84,17.5,46.14,3.51,THANU,WARNING
29.459,-74.42,10.56,60.54,6.19,THANU,WARNING
5.101,-35.0,15.78,41.26,2.98,THANU,NORMAL
9.254,-36.96,20.0,72.72,4.96,THANU,NORMAL
11.19,-50.1,20.0,32.16,8.17,THANU,WARNING
10.133,-35.0,17.85,23.79,6.6,THANU,WARNING
7.934,-35.0,20.0,90.87,13.94,THANU,WARNING
13.582,-51.76,16.56,87.79,13.56,THANU,WARNING
19.448,-71.43,17.69,85.15,6.59,THANU,WARNING
9.682,-35.0,20.0,83.94,7.85,THANU,NORMAL
2.851,-35.0,16.12,75.66,2.77,THANU,WARNING
21.402,-69.68,19.06,88.73,0.0,THANU,WARNING
14.041,-48.47,18.86,28.92,13.81,THANU,WARNING
16.916,-65.98,12.98,88.34,12.28,THANU,NORMAL
13.934,-35.93,20.0,92.6,0.0,THANU,WARNING
26.766,-71.58,14.53,74.44,7.67,THANU,NORMAL
16.983,-46.19,19.26,63.94,4.92,THANU,NORMAL
27.737,-75.17,7.04,31.25,0.0,THANU,WARNING
15.562,-58.79,12.06,87.95,6.9,THANU,NORMAL
9.131,-48.84,19.2,61.91,2.16,THANU,NORMAL
10.986,-35.0,19.42,64.96,15.14,THANU,WARNING
15.903,-52.12,20.0,64.59,8.69,THANU,NORMAL
16.135,-54.88,12.48,88.01,4.16,THANU,FAILURE
20.776,-75.05,11.46,22.33,16.44,THANU,NORMAL
7.123,-39.15,20.0,15.55,0.0,THANU,WARNING
19.936,-60.14,16.2,30.16,10.08,THANU,NORMAL
23.468,-74.27,15.76,54.26,2.26,THANU,NORMAL
20.459,-56.33,20.0,52.25,7.51,THANU,NORMAL
14.714,-43.37,19.01,56.08,10.7,THANU,NORMAL
29.755,-85.01,9.71,20.29,0.0,THANU,NORMAL
12.442,-48.62,16.45,81.36,0.0,THANU,NORMAL
3.644,-35.0,20.0,37.19,6.27,THANU,NORMAL
24.734,-57.2,18.95,92.19,15.7,THANU,WARNING
6.76,-37.02,17.64,85.6,1.42,THANU,WARNING
21.542,-69.51,13.82,15.71,7.7,THANU,FAILURE
5.78,-41.13,19.86,14.82,0.0,THANU,NORMAL
0.998,-35.0,20.0,66.61,3.29,THANU,WARNING
5.214,-35.0,20.0,16.95,11.74,THANU,NORMAL
11.621,-37.82,19.49,61.47,2.51,THANU,FAILURE
3.645,-35.0,20.0,17.12,8.69,THANU,FAILURE
6.332,-35.0,18.28,53.14,19.85,THANU,WARNING
23.056,-67.47,13.61,47.72,3.45,THANU,NORMAL
23.212,-62.92,14.23,63.18,12.7,THANU,NORMAL
24.616,-80.66,11.28,42.06,7.87,THANU,NORMAL
25.314,-64.82,18.07,22.6,0.0,THANU,FAILURE
12.903,-51.02,20.0,85.79,10.38,THANU,WARNING
26.093,-69.85,17.44,36.94,8.34,THANU,NORMAL
16.015,-58.54,13.15,16.07,15.95,THANU,NORMAL
14.383,-53.22,14.91,55.05,7.4,THANU,WARNING
21.697,-67.09,11.28,88.99,10.23,THANU,WARNING
6.808,-43.34,20.0,35.26,9.68,THANU,NORMAL
23.79,-71.83,16.0,50.57,3.76,THANU,WARNING
13.169,-53.0,16.28,46.23,13.13,THANU,WARNING
4.255,-35.0,20.0,14.35,7.27,THANU,NORMAL
4.02,-35.0,19.79,88.15,4.08,THANU,NORMAL
5.365,-35.0,18.74,78.3,11.45,THANU,WARNING
26.772,-78.33,12.49,18.62,12.8,THANU,WARNING
29.733,-77.91,9.54,21.89,6.5,THANU,NORMAL
11.031,-35.7,14.51,10.95,13.63,THANU,FAILURE
9.118,-35.0,20.0,98.71,16.87,THANU,NORMAL
6.954,-36.96,17.99,47.46,2.05,THANU,WARNING
24.803,-72.57,12.93,93.74,0.0,THANU,FAILURE
6.672,-35.0,17.54,47.81,9.93,THANU,FAILURE
27.761,-78.28,14.98,19.34,2.08,THANU,WARNING
20.187,-59.38,18.24,40.9,7.39,THANU,WARNING
26.965,-88.04,12.56,47.64,12.61,THANU,WARNING
16.843,-64.89,10.91,25.9,2.27,THANU,WARNING
20.875,-57.11,20.0,14.82,0.0,THANU,NORMAL
18.774,-51.89,18.43,38.49,0.0,THANU,NORMAL
25.02,-72.18,14.83,58.54,14.67,THANU,WARNING
25.158,-67.88,10.02,32.98,1.52,THANU,WARNING
17.899,-52.75,17.79,96.28,12.53,THANU,WARNING
19.159,-67.72,14.41,53.33,1.56,THANU,NORMAL
27.695,-77.17,8.22,21.72,11.89,THANU,WARNING
27.931,-82.72,9.47,47.21,0.0,THANU,NORMAL
20.095,-67.52,19.17,73.69,7.98,THANU,NORMAL
0.729,-35.0,18.87,53.84,15.72,THANU,WARNING
3.58,-35.0,20.0,39.81,14.79,THANU,FAILURE
25.809,-70.64,12.11,19.57,9.76,THANU,WARNING
2.999,-35.0,20.0,51.36,2.43,THANU,WARNING
6.799,-35.0,20.0,18.76,2.89,THANU,NORMAL
7.301,-38.79,20.0,43.38,6.07,THANU,NORMAL
18.207,-58.49,16.5,20.46,8.38,THANU,WARNING
17.511,-57.25,19.95,70.85,7.57,THANU,WARNING
9.038,-37.23,18.03,79.53,0.61,THANU,NORMAL
6.625,-35.0,20.0,31.91,12.06,THANU,WARNING
23.054,-66.41,13.84,16.72,0.0,THANU,WARNING
28.096,-73.87,16.78,41.23,17.35,THANU,FAILURE
2.058,-35.0,14.96,60.45,12.96,THANU,WARNING
4.429,-35.0,16.52,79.11,11.75,THANU,WARNING
19.444,-56.73,12.08,46.26,0.0,THANU,NORMAL
24.231,-70.96,13.44,42.94,7.62,THANU,WARNING
23.84,-71.55,12.78,91.75,8.81,THANU,NORMAL
21.731,-69.43,8.9,50.47,6.88,THANU,NORMAL
26.679,-59.62,18.33,50.25,14.41,THANU,WARNING
6.912,-35.0,20.0,46.9,0.0,THANU,FAILURE
3.665,-35.0,20.0,42.69,0.74,THANU,WARNING
18.653,-63.77,11.22,75.56,5.22,THANU,NORMAL
24.757,-83.01,19.3,35.36,3.15,THANU,NORMAL
17.67,-73.13,15.86,44.09,7.37,THANU,FAILURE
28.908,-84.93,14.43,35.41,10.41,THANU,WARNING
23.969,-74.13,10.27,61.33,10.77,THANU,FAILURE
21.173,-68.37,11.5,96.44,17.79,THANU,NORMAL
2.278,-35.0,17.38,45.13,12.32,THANU,FAILURE
3.678,-42.19,18.26,97.14,4.92,THANU,WARNING
23.653,-52.78,16.26,69.1,0.0,THANU,FAILURE
6.348,-36.89,19.84,81.59,7.14,THANU,NORMAL
1.351,-35.0,20.0,39.97,2.83,THANU,NORMAL
27.367,-82.82,13.85,30.2,8.95,THANU,WARNING
26.779,-67.32,16.92,61.91,14.04,THANU,FAILURE
6.945,-38.02,20.0,99.17,11.85,THANU,FAILURE
23.516,-73.84,14.04,73.92,7.58,THANU,FAILURE
1.915,-35.0,20.0,71.35,0.0,THANU,WARNING
8.909,-35.0,20.0,50.51,8.31,THANU,WARNING
18.898,-58.34,17.71,89.15,12.39,THANU,WARNING
23.014,-63.18,12.61,72.73,12.91,THANU,NORMAL
0.807,-35.0,18.63,70.74,0.0,THANU,NORMAL
10.123,-44.3,20.0,36.33,9.27,THANU,NORMAL
6.823,-38.47,20.0,96.2,6.85,THANU,WARNING
29.964,-91.8,14.1,32.53,12.62,THANU,FAILURE
20.294,-55.89,13.78,57.13,8.66,THANU,WARNING
12.467,-50.97,13.99,40.56,0.0,THANU,NORMAL
2.732,-35.0,20.0,26.27,17.12,THANU,FAILURE
18.161,-61.07,14.21,22.97,11.84,THANU,FAILURE
19.43,-60.28,15.83,36.36,9.31,THANU,FAILURE
24.584,-62.51,16.7,72.01,1.54,THANU,WARNING
9.013,-43.5,20.0,97.73,0.0,THANU,WARNING
29.452,-96.6,7.15,86.79,8.02,THANU,WARNING
13.464,-54.31,15.67,29.62,19.56,THANU,NORMAL
9.23,-43.05,20.0,17.06,3.54,THANU,FAILURE
10.779,-35.28,20.0,71.8,3.4,THANU,FAILURE
15.828,-61.56,17.22,12.7,5.48,THANU,FAILURE
28.133,-75.92,12.59,87.32,9.35,THANU,WARNING
22.187,-62.22,14.88,84.3,16.48,THANU,NORMAL
17.525,-56.32,14.63,81.43,10.67,THANU,NORMAL
5.303,-42.95,20.0,59.72,2.73,THANU,NORMAL
4.906,-35.0,20.0,97.62,5.14,THANU,NORMAL
15.315,-35.0,18.08,51.25,12.65,THANU,WARNING
21.997,-60.06,18.58,98.79,0.0,THANU,WARNING
22.655,-67.57,9.89,89.37,2.38,THANU,WARNING
7.164,-35.0,20.0,21.39,0.0,THANU,NORMAL
3.453,-35.0,18.81,90.54,0.0,THANU,FAILURE
11.842,-41.26,20.0,37.44,16.18,THANU,NORMAL
27.586,-73.18,13.25,79.14,7.74,THANU,NORMAL
16.588,-49.01,15.16,10.02,0.25,THANU,WARNING
9.943,-38.95,19.14,34.83,14.96,THANU,WARNING
10.047,-35.0,20.0,78.26,4.09,THANU,WARNING
4.397,-37.91,20.0,97.51,4.6,THANU,WARNING
14.46,-62.63,19.21,25.39,0.0,THANU,WARNING
23.845,-65.81,12.48,51.35,8.49,THANU,NORMAL
29.072,-72.97,11.29,62.85,0.0,THANU,NORMAL
15.297,-37.48,19.67,95.73,3.1,THANU,WARNING
5.433,-35.0,20.0,50.79,2.89,THANU,WARNING
20.647,-67.57,11.94,94.02,7.82,THANU,WARNING
22.825,-69.21,14.23,98.04,0.0,THANU,FAILURE
2.615,-35.0,20.0,94.75,0.82,THANU,WARNING
25.579,-71.26,17.11,77.39,13.09,THANU,WARNING
24.965,-70.74,14.15,21.36,0.29,THANU,NORMAL
14.44,-48.98,19.39,64.22,11.69,THANU,WARNING
17.032,-53.46,14.92,77.82,8.04,THANU,WARNING
21.546,-78.16,7.59,95.94,7.06,THANU,FAILURE
20.464,-72.61,16.94,80.02,12.86,THANU,NORMAL
0.988,-35.0,20.0,58.5,13.12,THANU,FAILURE
4.112,-35.45,20.0,28.46,7.48,THANU,FAILURE
5.296,-35.0,19.83,51.14,8.38,THANU,NORMAL
22.792,-60.78,12.38,67.45,19.43,THANU,WARNING
13.482,-53.44,13.11,39.21,4.9,THANU,NORMAL
16.592,-60.75,13.24,51.08,8.56,THANU,WARNING
23.294,-65.52,12.04,11.56,11.29,THANU,WARNING
10.559,-35.59,20.0,89.11,4.19,THANU,WARNING
22.592,-56.9,16.3,13.13,9.83,THANU,NORMAL
13.548,-39.7,20.0,46.84,2.71,THANU,NORMAL
11.627,-41.35,18.91,55.99,0.0,THANU,NORMAL
10.325,-47.26,20.0,97.52,0.0,THANU,WARNING
28.966,-71.81,15.53,94.16,15.58,THANU,FAILURE
23.273,-64.07,15.03,68.17,0.0,THANU,WARNING
1.096,-35.0,18.99,62.56,3.05,THANU,NORMAL
28.744,-83.6,15.88,42.99,3.0,THANU,FAILURE
23.375,-64.31,13.88,13.7,6.38,THANU,NORMAL
4.901,-35.0,20.0,34.09,0.0,THANU,FAILURE
2.752,-35.0,20.0,86.3,13.59,THANU,WARNING
9.592,-37.95,20.0,68.34,9.48,THANU,WARNING
18.913,-56.92,13.91,83.3,0.0,THANU,NORMAL
18.688,-63.71,20.0,85.33,3.58,THANU,WARNING
8.638,-35.0,20.0,15.6,11.63,THANU,NORMAL
13.647,-48.74,19.89,40.34,0.71,THANU,WARNING
6.751,-49.18,14.0,70.84,0.0,THANU,WARNING
1.992,-35.0,20.0,86.78,0.0,THANU,FAILURE
15.751,-49.56,20.0,82.13,11.58,THANU,FAILURE
10.736,-42.53,15.58,47.99,10.99,THANU,WARNING
16.515,-49.02,17.71,93.89,10.38,THANU,FAILURE
28.422,-80.97,15.36,37.06,9.03,THANU,WARNING
4.729,-35.0,14.47,43.82,20.06,THANU,NORMAL
0.558,-35.0,20.0,26.33,11.41,THANU,FAILURE
2.768,-35.0,20.0,30.42,0.0,THANU,WARNING
14.15,-40.22,16.62,10.78,11.27,THANU,WARNING
21.354,-65.63,16.57,37.76,9.98,THANU,WARNING
17.633,-59.72,16.19,37.59,3.67,THANU,NORMAL
15.099,-57.43,16.48,16.05,4.76,THANU,NORMAL
10.942,-35.0,20.0,40.64,4.5,THANU,WARNING
9.644,-36.37,20.0,37.12,0.0,THANU,NORMAL
11.6,-47.07,18.05,81.91,19.22,THANU,WARNING
18.543,-64.03,13.99,24.06,12.34,THANU,FAILURE
5.449,-35.0,20.0,75.26,0.0,THANU,FAILURE
23.255,-77.09,10.33,21.7,5.46,THANU,FAILURE
17.47,-55.61,20.0,54.66,10.14,THANU,WARNING
8.44,-46.01,15.96,76.27,1.69,THANU,NORMAL
15.284,-50.16,19.57,64.58,8.62,THANU,NORMAL
28.902,-78.28,9.27,68.13,7.41,THANU,WARNING
1.105,-35.0,20.0,28.57,10.57,THANU,NORMAL
6.386,-41.96,17.42,84.47,11.65,THANU,NORMAL
13.727,-60.28,20.0,95.69,2.13,THANU,WARNING
19.334,-70.91,12.08,23.89,11.23,THANU,WARNING
6.761,-36.99,20.0,89.94,11.54,THANU,NORMAL
27.976,-86.64,10.72,45.79,9.97,THANU,WARNING
19.456,-65.34,15.96,72.9,0.0,THANU,FAILURE
26.384,-76.06,14.03,55.6,4.29,THANU,WARNING
10.215,-41.55,20.0,81.4,10.78,THANU,NORMAL
24.954,-66.2,16.56,14.08,13.8,THANU,NORMAL
11.657,-40.2,19.55,39.13,11.61,THANU,WARNING
7.956,-35.0,20.0,14.27,2.21,THANU,NORMAL
27.394,-68.01,14.78,94.75,1.71,THANU,WARNING
3.22,-35.0,20.0,25.31,15.42,THANU,NORMAL
28.315,-82.54,11.1,48.21,4.22,THANU,WARNING
14.026,-46.11,20.0,67.73,1.12,THANU,NORMAL
29.782,-89.02,9.21,51.54,13.73,THANU,NORMAL
16.418,-63.7,18.22,58.29,8.16,THANU,WARNING
22.846,-70.44,17.93,28.36,12.15,THANU,FAILURE
0.709,-35.0,20.0,16.03,2.19,THANU,NORMAL
15.152,-50.69,19.54,33.16,3.54,THANU,NORMAL
22.255,-67.78,13.47,38.54,16.99,THANU,NORMAL
23.593,-60.84,13.87,47.42,10.99,THANU,WARNING
5.162,-35.0,19.27,36.64,1.07,THANU,WARNING
12.86,-52.77,15.23,13.22,10.28,THANU,NORMAL
12.863,-43.19,14.82,18.51,16.02,THANU,FAILURE
3.557,-35.0,20.0,70.64,7.54,THANU,NORMAL
13.57,-44.64,18.91,15.68,2.59,THANU,NORMAL
24.309,-67.35,15.46,14.16,0.0,THANU,WARNING
9.355,-41.85,17.96,83.06,5.06,THANU,WARNING
13.261,-45.38,17.97,13.71,0.0,THANU,NORMAL
28.848,-85.41,7.22,16.19,0.0,THANU,WARNING
1.435,-35.0,20.0,59.46,1.68,THANU,FAILURE
17.95,-53.72,15.78,49.86,6.94,THANU,WARNING
22.431,-61.16,20.0,96.8,0.0,THANU,FAILURE
22.946,-73.03,12.0,94.32,4.27,THANU,NORMAL
21.62,-54.92,18.28,69.42,12.58,THANU,NORMAL
21.93,-74.6,10.0,16.47,9.74,THANU,WARNING
2.241,-37.73,20.0,55.29,15.22,THANU,NORMAL
16.257,-57.25,11.27,14.06,9.35,THANU,WARNING
23.598,-74.1,9.86,91.71,11.72,THANU,NORMAL
3.275,-35.0,20.0,69.4,15.12,THANU,NORMAL
0.855,-35.0,20.0,61.65,11.08,THANU,WARNING
24.53,-75.42,13.33,48.51,4.19,THANU,FAILURE
21.513,-65.92,15.03,55.87,4.5,THANU,WARNING
12.66,-50.85,20.0,46.03,10.62,THANU,WARNING
28.242,-91.85,10.48,18.97,11.39,THANU,WARNING
23.115,-69.0,11.99,69.49,7.52,THANU,WARNING
29.052,-88.24,12.72,99.68,0.0,THANU,NORMAL
27.915,-91.65,11.54,20.12,14.6,THANU,WARNING
14.698,-56.2,20.0,99.48,0.0,THANU,WARNING
22.764,-59.98,19.48,90.97,9.3,THANU,NORMAL
20.241,-64.31,9.73,90.48,1.16,THANU,WARNING
24.438,-64.19,12.41,84.81,20.83,THANU,NORMAL
23.737,-70.32,20.0,93.12,1.56,THANU,WARNING
5.02,-43.69,18.18,32.18,1.55,THANU,FAILURE
7.395,-45.15,18.92,49.34,10.79,THANU,FAILURE
8.339,-35.4,20.0,53.18,10.92,THANU,WARNING
24.646,-71.29,12.79,16.12,4.87,THANU,NORMAL
24.417,-57.42,20.0,98.29,0.0,THANU,WARNING
15.112,-53.05,17.92,72.05,14.63,THANU,NORMAL
17.635,-51.69,14.77,50.64,11.01,THANU,FAILURE
24.894,-74.04,12.35,99.3,18.94,THANU,FAILURE
9.722,-44.08,20.0,34.5,11.28,THANU,FAILURE
1.98,-35.0,18.71,40.33,4.91,THANU,FAILURE
14.737,-51.15,19.88,27.18,10.72,THANU,WARNING
27.455,-76.14,11.07,26.79,17.09,THANU,FAILURE
23.819,-56.89,16.2,26.96,11.36,THANU,WARNING
11.315,-48.83,20.0,64.98,5.66,THANU,NORMAL
2.411,-35.0,20.0,36.47,1.24,THANU,NORMAL
19.289,-58.65,18.19,95.66,11.56,THANU,FAILURE
25.117,-76.83,9.84,83.51,9.28,THANU,NORMAL
20.116,-65.34,18.3,24.51,0.0,THANU,NORMAL
13.04,-42.26,16.79,85.06,0.0,THANU,NORMAL
4.139,-38.07,19.98,41.11,0.0,THANU,WARNING
27.368,-78.38,13.09,30.5,7.63,THANU,WARNING
8.641,-37.77,20.0,80.39,7.95,THANU,WARNING
7.116,-38.95,20.0,87.13,10.64,THANU,FAILURE
24.571,-76.85,13.71,96.44,0.38,THANU,FAILURE
29.446,-83.72,9.26,47.82,2.57,THANU,WARNING
19.975,-63.47,18.95,60.59,12.19,THANU,NORMAL
18.932,-64.14,15.69,65.34,1.89,THANU,FAILURE
9.923,-39.49,15.06,66.49,13.33,THANU,NORMAL
1.102,-36.84,20.0,46.19,7.27,THANU,NORMAL
6.158,-44.91,16.69,23.71,10.79,THANU,FAILURE
17.741,-61.97,11.49,16.34,12.2,THANU,NORMAL
4.964,-35.0,19.83,91.54,0.45,THANU,NORMAL
26.573,-73.14,17.21,42.99,11.68,THANU,NORMAL
6.05,-35.0,20.0,26.26,13.23,THANU,FAILURE
15.902,-50.8,18.57,98.52,0.0,THANU,FAILURE
15.604,-49.14,20.0,82.26,10.92,THANU,NORMAL
18.316,-60.7,14.66,98.31,0.0,THANU,NORMAL
10.159,-40.44,20.0,35.09,11.32,THANU,WARNING
26.269,-74.34,11.49,51.69,9.57,THANU,WARNING
13.607,-42.39,20.0,82.78,11.7,THANU,NORMAL
21.155,-63.81,20.0,59.67,0.0,THANU,WARNING
19.259,-75.35,16.32,41.95,2.34,THANU,NORMAL
3.956,-35.0,20.0,24.26,1.79,THANU,NORMAL
18.868,-60.16,14.34,60.56,19.22,THANU,FAILURE
16.746,-55.59,16.06,63.85,0.0,THANU,FAILURE
27.009,-72.2,8.48,74.87,9.99,THANU,NORMAL
26.486,-65.91,16.09,81.15,3.29,THANU,WARNING
4.953,-36.67,20.0,20.63,8.07,THANU,WARNING
2.91,-35.0,17.5,66.52,8.33,THANU,FAILURE
9.19,-38.35,20.0,80.33,0.0,THANU,WARNING
29.605,-88.85,9.81,45.01,5.0,THANU,WARNING
1.136,-35.0,17.37,34.8,16.83,THANU,NORMAL
20.35,-67.93,12.76,53.17,6.2,THANU,WARNING
18.451,-57.41,13.22,37.91,3.63,THANU,WARNING
19.574,-60.64,15.26,55.89,11.06,THANU,WARNING
6.939,-35.0,20.0,37.76,3.14,THANU,NORMAL
7.188,-35.54,18.37,48.04,5.75,THANU,WARNING
13.204,-46.75,13.86,92.36,11.67,THANU,NORMAL
3.328,-35.0,20.0,92.49,0.0,THANU,FAILURE
2.701,-35.0,18.08,99.3,8.37,THANU,FAILURE
3.107,-35.0,20.0,53.75,2.47,THANU,FAILURE
17.403,-60.51,15.76,25.12,1.89,THANU,WARNING
12.233,-40.81,20.0,90.01,1.77,THANU,WARNING
9.162,-46.29,18.09,63.72,5.49,THANU,NORMAL
9.817,-41.61,20.0,77.29,10.48,THANU,WARNING
6.615,-35.0,20.0,24.63,2.01,THANU,FAILURE
12.639,-58.42,17.79,38.77,1.41,THANU,NORMAL
6.49,-35.0,15.25,34.77,19.23,THANU,NORMAL
21.092,-59.6,18.99,60.38,2.53,THANU,NORMAL
4.156,-35.0,19.17,99.75,0.0,THANU,WARNING
28.473,-82.32,3.39,65.11,11.16,THANU,NORMAL
3.15,-38.24,19.6,61.56,0.0,THANU,FAILURE
28.332,-83.36,15.17,78.32,1.11,THANU,NORMAL
25.082,-75.34,15.94,39.59,5.97,THANU,WARNING
20.581,-69.48,13.03,32.79,15.42,THANU,NORMAL
27.413,-71.07,19.29,85.42,1.75,THANU,WARNING
4.607,-35.0,18.58,96.45,0.0,THANU,WARNING
5.701,-35.0,20.0,47.93,0.0,THANU,WARNING
7.939,-40.91,18.27,13.71,10.75,THANU,NORMAL
7.722,-36.14,19.63,26.12,10.98,THANU,NORMAL
9.67,-38.2,14.69,87.13,2.88,THANU,WARNING
17.481,-57.88,15.33,20.95,1.92,THANU,WARNING
1.331,-35.0,20.0,78.67,2.93,THANU,FAILURE
11.777,-35.22,20.0,65.82,3.69,THANU,WARNING
7.768,-35.0,16.22,75.41,8.18,THANU,WARNING
18.396,-49.52,18.81,33.09,11.99,THANU,FAILURE
29.562,-79.24,12.23,11.65,9.41,THANU,FAILURE
15.771,-42.18,19.79,13.58,3.53,THANU,FAILURE
13.058,-52.93,19.68,75.24,7.68,THANU,NORMAL
11.363,-55.57,16.92,65.21,0.0,THANU,NORMAL
23.656,-56.03,17.31,85.64,8.77,THANU,FAILURE
2.623,-35.0,20.0,45.93,0.0,THANU,NORMAL
28.813,-79.97,10.08,60.0,13.26,THANU,FAILURE
12.829,-53.41,20.0,80.52,6.09,THANU,WARNING
9.754,-35.0,20.0,54.7,5.86,THANU,FAILURE
29.235,-88.6,8.56,99.4,13.96,THANU,WARNING
28.108,-80.47,16.14,76.86,6.16,THANU,FAILURE
19.437,-59.21,14.15,71.5,1.78,THANU,FAILURE
1.046,-35.0,20.0,82.14,0.0,THANU,WARNING
22.582,-62.98,12.22,79.95,12.41,THANU,WARNING
10.399,-49.89,14.4,29.77,3.83,THANU,WARNING
11.954,-49.44,20.0,28.93,7.37,THANU,NORMAL
5.183,-35.0,14.61,64.55,1.53,THANU,WARNING
15.942,-44.82,14.96,49.24,18.78,THANU,NORMAL
22.464,-66.5,19.0,88.44,10.01,THANU,NORMAL
8.554,-35.0,20.0,36.11,11.63,THANU,WARNING
28.193,-83.89,15.02,39.78,8.02,THANU,WARNING
6.245,-35.0,17.54,24.97,8.86,THANU,FAILURE
2.455,-35.0,20.0,98.36,0.0,THANU,WARNING
19.509,-51.51,13.33,20.44,2.86,THANU,WARNING
25.555,-74.2,12.44,98.46,0.0,THANU,WARNING
28.617,-84.01,9.24,73.58,6.92,THANU,WARNING
23.132,-64.5,19.29,18.02,6.42,THANU,NORMAL
6.39,-39.32,19.86,23.68,0.03,THANU,NORMAL
29.341,-83.36,4.39,39.43,14.83,THANU,FAILURE
27.623,-76.5,14.24,33.43,7.92,THANU,NORMAL
5.313,-38.9,19.12,97.58,4.71,THANU,NORMAL
16.984,-47.83,17.13,65.2,14.8,THANU,WARNING
16.888,-65.74,19.06,16.7,0.0,THANU,WARNING
13.555,-49.2,18.41,57.29,0.0,THANU,WARNING
29.536,-82.05,7.44,90.74,14.1,THANU,WARNING
2.259,-35.0,19.46,47.46,19.39,THANU,WARNING
19.003,-64.87,13.37,69.95,1.44,THANU,WARNING
6.556,-35.0,20.0,79.59,0.0,THANU,NORMAL
16.056,-57.8,14.06,26.65,21.27,THANU,FAILURE
23.502,-71.84,13.8,87.0,14.53,THANU,FAILURE
7.778,-42.88,20.0,50.39,2.47,THANU,NORMAL
12.104,-54.98,18.75,15.1,15.07,THANU,NORMAL
28.548,-79.52,12.9,89.1,8.34,THANU,WARNING
22.964,-65.05,15.36,60.79,0.27,THANU,NORMAL
17.395,-63.7,16.55,27.85,0.0,THANU,WARNING
7.049,-37.7,20.0,38.57,0.0,THANU,NORMAL
13.047,-40.86,14.66,61.24,8.13,THANU,NORMAL
23.335,-75.48,11.34,43.68,2.0,THANU,WARNING
24.706,-61.95,16.33,31.0,13.23,THANU,WARNING
7.716,-48.33,17.76,53.14,0.0,THANU,NORMAL
20.031,-55.56,14.53,26.65,6.42,THANU,WARNING
3.303,-35.0,14.78,32.08,15.2,THANU,FAILURE
1.185,-35.0,20.0,84.41,5.38,THANU,NORMAL
16.686,-46.02,20.0,30.57,0.0,THANU,WARNING
7.119,-35.0,17.43,72.58,14.46,THANU,NORMAL
2.828,-35.0,20.0,32.54,0.0,THANU,FAILURE
22.03,-66.34,15.22,29.12,13.19,THANU,WARNING
15.19,-53.6,15.39,32.6,0.0,THANU,WARNING
23.99,-68.63,10.47,52.15,3.45,THANU,WARNING
20.086,-57.44,14.3,23.17,16.38,THANU,WARNING
22.029,-60.12,15.16,19.6,0.74,THANU,FAILURE
9.567,-42.78,19.51,78.11,7.03,THANU,NORMAL
8.267,-40.78,20.0,12.1,9.7,THANU,WARNING
18.226,-64.4,16.06,44.69,15.79,THANU,WARNING
6.402,-43.01,20.0,45.64,2.52,THANU,FAILURE
24.555,-74.24,11.84,90.37,6.41,THANU,NORMAL
15.926,-61.6,17.01,79.7,13.99,THANU,NORMAL
7.196,-35.0,18.59,55.96,11.52,THANU,WARNING
18.942,-56.43,17.27,53.18,6.98,THANU,FAILURE
28.379,-73.91,12.1,60.9,6.86,THANU,NORMAL
2.922,-35.0,20.0,42.2,7.85,THANU,WARNING
3.726,-38.27,18.27,73.07,4.52,THANU,WARNING
25.393,-88.91,6.97,71.75,8.55,THANU,FAILURE
3.733,-35.0,20.0,61.72,2.83,THANU,WARNING
1.662,-35.0,19.82,15.19,0.0,THANU,WARNING
10.764,-39.25,20.0,21.42,4.77,THANU,WARNING
14.268,-55.85,14.48,13.53,2.45,THANU,WARNING
17.299,-60.26,12.97,74.67,11.95,THANU,FAILURE
15.465,-48.14,15.3,52.98,0.0,THANU,FAILURE
27.439,-73.38,9.05,95.95,3.7,THANU,FAILURE
23.176,-70.64,18.13,95.71,4.07,THANU,WARNING
29.522,-82.11,10.67,81.84,7.04,THANU,NORMAL
14.555,-45.33,20.0,49.87,1.42,THANU,FAILURE
2.988,-35.0,20.0,38.47,2.32,THANU,WARNING
28.688,-72.87,8.56,28.09,14.68,THANU,NORMAL
0.621,-35.0,19.95,30.92,10.97,THANU,FAILURE
23.395,-61.66,20.0,99.13,1.51,THANU,FAILURE
1.423,-35.0,20.0,57.73,6.95,THANU,NORMAL
22.956,-71.92,17.28,11.1,7.34,THANU,FAILURE
28.169,-84.47,3.08,13.99,2.01,THANU,NORMAL
11.983,-43.89,18.65,51.29,3.32,THANU,NORMAL
7.608,-40.93,13.47,49.91,7.68,THANU,FAILURE
7.175,-35.0,20.0,46.5,8.62,THANU,WARNING
15.006,-57.19,16.85,84.12,4.9,THANU,NORMAL
5.541,-40.58,16.33,73.28,6.92,THANU,NORMAL
20.351,-75.55,12.85,19.67,22.75,THANU,NORMAL
11.366,-37.9,20.0,42.64,0.0,THANU,NORMAL
10.032,-45.32,20.0,63.7,5.73,THANU,WARNING
14.108,-50.38,20.0,44.42,5.79,THANU,FAILURE
16.506,-52.21,20.0,28.75,21.29,THANU,WARNING
4.687,-35.79,20.0,66.52,15.47,THANU,NORMAL
21.379,-55.93,14.35,64.2,2.61,THANU,NORMAL
26.547,-68.29,14.28,97.71,0.0,THANU,NORMAL
8.701,-43.61,20.0,60.5,0.0,THANU,FAILURE
5.822,-39.46,18.69,88.69,13.76,THANU,WARNING
22.935,-67.72,12.72,95.43,6.75,THANU,WARNING
5.914,-36.04,20.0,49.13,8.43,THANU,WARNING
1.717,-35.0,16.99,14.76,3.77,THANU,WARNING
18.768,-57.51,14.43,22.91,0.99,THANU,WARNING
7.573,-43.96,20.0,55.36,10.11,THANU,NORMAL
5.568,-35.0,19.76,90.37,3.81,THANU,FAILURE
29.457,-85.04,11.69,68.87,0.0,THANU,NORMAL
9.11,-40.34,20.0,28.13,0.58,THANU,FAILURE
27.152,-70.29,16.67,73.09,2.95,THANU,WARNING
5.757,-35.0,19.41,90.48,10.55,THANU,FAILURE
24.66,-79.45,12.64,12.72,11.16,THANU,NORMAL
15.31,-49.19,14.99,31.85,11.19,THANU,WARNING
2.819,-35.0,20.0,23.79,11.23,THANU,FAILURE
22.141,-59.65,12.35,80.57,11.24,THANU,WARNING
26.816,-87.08,9.9,90.23,14.35,THANU,WARNING
5.309,-43.41,20.0,59.91,0.69,THANU,WARNING
21.905,-62.25,12.08,86.34,5.66,THANU,WARNING
13.629,-56.38,19.56,69.12,6.98,THANU,NORMAL
22.739,-75.99,10.53,69.1,0.0,THANU,NORMAL
21.561,-69.87,11.63,62.17,6.23,THANU,NORMAL
1.285,-35.0,17.39,14.5,9.56,THANU,WARNING
5.772,-35.0,20.0,94.33,9.13,THANU,WARNING
14.395,-52.79,20.0,42.02,17.82,THANU,FAILURE
28.041,-77.37,11.7,82.23,6.35,THANU,WARNING
10.591,-35.0,16.51,82.9,8.33,THANU,NORMAL
19.052,-59.36,12.61,96.92,4.83,THANU,NORMAL
0.856,-35.0,19.99,39.4,7.47,THANU,FAILURE
21.478,-60.31,14.14,99.77,2.64,THANU,WARNING
18.291,-55.83,12.2,37.05,4.15,THANU,NORMAL
21.604,-65.92,15.57,50.62,7.62,THANU,FAILURE
27.187,-67.11,13.41,73.56,9.49,THANU,NORMAL
4.822,-35.0,20.0,23.95,5.78,THANU,FAILURE
8.217,-35.0,20.0,33.97,18.37,THANU,WARNING
29.876,-83.94,11.44,75.53,18.4,THANU,NORMAL
5.11,-35.0,20.0,97.69,2.52,THANU,WARNING
21.758,-66.83,14.8,75.95,0.0,THANU,WARNING
21.89,-53.9,20.0,87.61,1.94,THANU,FAILURE
20.648,-70.95,7.94,13.37,7.92,THANU,NORMAL
7.209,-38.06,20.0,61.93,0.0,THANU,FAILURE
6.846,-46.85,17.98,92.27,11.48,THANU,WARNING
20.157,-58.29,13.87,71.42,10.52,THANU,WARNING
5.994,-35.38,20.0,70.88,8.75,THANU,WARNING
20.016,-60.35,14.45,28.27,17.29,THANU,NORMAL
15.03,-41.28,15.63,87.5,0.0,THANU,WARNING
11.906,-45.23,15.98,87.85,0.0,THANU,NORMAL
9.357,-37.29,20.0,65.26,11.07,THANU,WARNING
28.454,-77.02,13.2,48.4,8.52,THANU,WARNING
15.489,-57.68,11.92,84.18,15.42,THANU,NORMAL
17.057,-54.62,11.7,51.85,2.84,THANU,WARNING
28.503,-76.23,11.54,84.04,5.83,THANU,WARNING
19.789,-80.86,-0.47,53.64,1.74,THANU,NORMAL
28.757,-62.32,20.0,62.18,15.11,THANU,WARNING
3.638,-37.76,19.88,77.32,3.68,THANU,FAILURE
25.476,-82.09,13.9,33.85,6.33,THANU,NORMAL
10.395,-35.0,20.0,32.22,15.22,THANU,FAILURE
24.409,-77.86,9.44,70.11,2.19,THANU,NORMAL
25.741,-74.97,13.59,95.85,17.44,THANU,WARNING
8.509,-42.69,19.93,50.14,0.82,THANU,NORMAL
12.561,-41.49,19.26,90.84,0.0,THANU,FAILURE
21.917,-65.79,11.25,56.64,0.0,THANU,WARNING
3.422,-36.33,20.0,97.65,5.95,THANU,WARNING
22.788,-59.43,14.35,81.28,16.25,THANU,NORMAL
3.759,-35.0,18.33,87.36,2.26,THANU,WARNING
27.476,-75.7,15.66,71.16,9.8,THANU,NORMAL
8.652,-46.58,16.99,88.16,3.25,THANU,NORMAL
17.48,-57.01,15.79,63.35,1.66,THANU,NORMAL
3.956,-35.0,20.0,61.06,3.15,THANU,WARNING
8.45,-35.0,20.0,88.63,11.53,THANU,NORMAL
12.417,-44.19,15.11,11.36,13.25,THANU,NORMAL
14.868,-59.75,11.63,53.09,1.07,THANU,NORMAL
0.502,-35.0,20.0,88.31,0.0,THANU,NORMAL
26.715,-75.12,13.36,27.65,15.66,THANU,WARNING
0.726,-35.0,20.0,96.22,4.69,THANU,NORMAL
23.324,-74.56,8.86,76.65,2.35,THANU,WARNING
14.382,-36.11,20.0,78.62,0.0,THANU,NORMAL
15.954,-53.21,18.08,69.89,11.0,THANU,WARNING
6.644,-35.0,12.65,50.27,9.06,THANU,NORMAL
18.417,-56.13,15.41,51.49,15.23,THANU,WARNING
16.348,-46.87,18.88,85.52,0.0,THANU,WARNING
5.345,-36.98,20.0,22.52,16.16,THANU,NORMAL
7.525,-35.0,20.0,56.99,13.75,THANU,NORMAL
2.474,-35.0,20.0,37.9,12.06,THANU,WARNING
2.455,-35.0,20.0,98.59,0.0,THANU,NORMAL
0.906,-35.0,20.0,10.33,13.86,THANU,WARNING
7.004,-35.8,20.0,15.73,7.91,THANU,WARNING
20.55,-65.68,16.48,97.06,0.0,THANU,FAILURE
9.828,-35.0,20.0,58.94,9.48,THANU,WARNING
10.611,-40.05,15.21,22.47,9.11,THANU,NORMAL
4.391,-35.0,20.0,50.38,7.31,THANU,NORMAL
17.476,-51.68,17.0,39.04,14.8,THANU,FAILURE
10.593,-36.99,20.0,92.01,2.35,THANU,NORMAL
20.451,-54.37,18.59,71.88,11.37,THANU,NORMAL
22.373,-77.61,13.68,21.75,6.33,THANU,NORMAL
17.748,-53.07,20.0,58.28,5.51,THANU,NORMAL
8.644,-35.0,20.0,22.1,12.47,THANU,NORMAL
15.504,-64.83,18.26,69.87,10.08,THANU,NORMAL
7.932,-35.0,20.0,75.45,11.58,THANU,NORMAL
27.136,-77.68,9.68,60.59,16.3,THANU,FAILURE
23.108,-74.6,9.73,96.94,4.84,THANU,WARNING
15.044,-36.13,20.0,94.99,19.25,THANU,NORMAL
28.981,-75.41,10.63,28.53,18.25,THANU,WARNING
16.629,-57.71,18.05,10.03,8.19,THANU,NORMAL
10.192,-47.59,15.75,69.65,5.67,THANU,WARNING
3.316,-35.0,20.0,52.81,0.0,THANU,WARNING
16.54,-55.16,20.0,40.12,0.0,THANU,NORMAL
25.882,-68.56,16.33,92.52,7.32,THANU,WARNING
26.068,-65.34,14.52,98.07,9.42,THANU,FAILURE
18.335,-51.55,17.37,93.75,8.45,THANU,WARNING
12.106,-44.81,20.0,55.02,8.27,THANU,WARNING
19.684,-70.42,19.67,73.3,10.32,THANU,WARNING
22.983,-58.93,16.99,25.44,1.9,THANU,WARNING
12.643,-51.19,20.0,95.58,11.01,THANU,NORMAL
14.549,-62.06,13.22,35.53,9.61,THANU,WARNING
20.578,-52.86,17.44,27.35,6.91,THANU,FAILURE
26.361,-76.58,17.4,15.41,2.29,THANU,NORMAL
23.835,-64.63,20.0,59.53,15.12,THANU,WARNING
1.161,-35.0,17.75,95.36,3.87,THANU,FAILURE
4.169,-35.0,20.0,22.2,5.31,THANU,NORMAL
25.657,-79.88,15.4,20.87,3.62,THANU,WARNING
25.098,-79.95,15.65,34.53,12.48,THANU,NORMAL
11.97,-42.74,18.97,69.89,0.07,THANU,NORMAL
17.736,-62.98,15.43,59.3,12.29,THANU,WARNING
27.222,-77.6,10.88,18.66,4.9,THANU,NORMAL
27.391,-87.07,6.08,49.81,17.65,THANU,WARNING
23.601,-87.3,9.89,16.02,9.94,THANU,NORMAL
6.683,-35.0,20.0,86.67,12.38,THANU,NORMAL
22.043,-63.29,10.84,19.64,13.04,THANU,FAILURE
3.482,-35.0,20.0,52.42,17.63,THANU,NORMAL
26.871,-67.44,14.53,55.94,0.0,THANU,WARNING
4.9,-35.0,20.0,57.71,17.28,THANU,NORMAL
20.039,-54.35,19.04,64.82,0.81,THANU,WARNING
18.502,-57.92,20.0,73.14,7.1,THANU,NORMAL
23.419,-77.6,8.99,10.39,3.67,THANU,FAILURE
16.772,-64.0,17.52,12.78,6.95,THANU,NORMAL
2.257,-35.0,19.12,65.04,1.12,THANU,NORMAL
21.322,-59.95,16.29,26.39,5.55,THANU,NORMAL
11.803,-49.67,20.0,84.87,0.0,THANU,FAILURE
9.948,-35.0,20.0,66.48,0.0,THANU,WARNING
29.754,-95.21,7.82,98.24,1.32,THANU,WARNING
17.917,-57.08,16.98,75.52,8.27,THANU,WARNING
21.466,-62.48,18.05,18.16,11.55,THANU,FAILURE
16.027,-53.6,16.66,25.39,3.23,THANU,WARNING
23.214,-74.14,14.28,14.19,0.0,THANU,NORMAL
22.686,-71.14,13.54,76.71,7.57,THANU,NORMAL
19.886,-62.91,11.94,21.41,0.0,THANU,WARNING
29.933,-78.78,17.01,69.74,8.68,THANU,NORMAL
14.064,-44.56,20.0,59.99,9.59,THANU,NORMAL
21.333,-52.87,16.25,67.0,2.16,THANU,WARNING
24.034,-69.03,11.52,55.78,7.75,THANU,WARNING
11.593,-55.78,15.21,11.17,10.03,THANU,NORMAL
13.987,-47.47,20.0,32.79,1.24,THANU,NORMAL
29.09,-77.56,12.94,89.65,11.57,THANU,NORMAL
1.453,-35.0,20.0,93.63,8.32,THANU,FAILURE
10.391,-39.35,16.84,18.75,8.11,THANU,FAILURE
14.843,-37.06,20.0,95.74,0.18,THANU,FAILURE
0.543,-35.0,20.0,70.35,4.27,THANU,NORMAL
27.024,-83.52,9.63,93.03,0.38,THANU,WARNING
8.944,-41.4,20.0,46.1,1.92,THANU,FAILURE
8.102,-42.37,18.42,19.16,1.87,THANU,FAILURE
24.7,-77.7,12.4,37.22,13.69,THANU,WARNING
8.701,-35.39,15.42,72.07,15.64,THANU,NORMAL
19.9,-52.67,20.0,81.57,15.06,THANU,NORMAL
24.734,-74.83,10.33,14.51,3.84,THANU,NORMAL
23.878,-74.29,8.43,53.83,12.83,THANU,FAILURE
23.568,-69.65,16.78,15.79,11.05,THANU,NORMAL
3.115,-35.0,20.0,87.73,8.32,THANU,NORMAL
2.855,-39.36,20.0,52.87,12.49,THANU,WARNING
9.55,-35.0,15.74,92.33,5.76,THANU,WARNING
1.56,-35.0,20.0,17.07,6.72,THANU,FAILURE
15.263,-58.18,7.87,39.74,12.12,THANU,NORMAL
12.146,-42.15,15.85,70.89,5.58,THANU,NORMAL
16.932,-62.73,14.38,36.42,15.06,THANU,FAILURE
9.314,-35.0,20.0,85.74,6.81,THANU,WARNING
14.83,-44.21,20.0,98.82,0.0,THANU,WARNING
10.375,-50.72,20.0,35.31,9.7,THANU,NORMAL
6.259,-37.6,18.68,42.5,13.56,THANU,FAILURE
19.656,-56.63,13.18,97.06,6.17,THANU,FAILURE
20.366,-64.64,14.92,42.23,0.0,THANU,WARNING
24.962,-78.53,11.11,60.04,15.62,THANU,NORMAL
26.305,-84.73,11.58,79.23,15.42,THANU,NORMAL
21.282,-65.5,16.64,49.45,11.9,THANU,WARNING
20.781,-54.57,20.0,43.53,10.07,THANU,NORMAL
2.172,-35.0,20.0,54.6,17.56,THANU,FAILURE
3.738,-35.0,20.0,80.16,10.08,THANU,NORMAL
24.471,-70.08,13.04,38.09,0.0,THANU,FAILURE
7.372,-43.01,20.0,41.57,2.83,THANU,WARNING
10.989,-40.14,20.0,27.02,6.5,THANU,NORMAL
4.786,-35.0,19.78,73.15,3.53,THANU,WARNING
6.257,-49.63,17.77,90.95,9.14,THANU,WARNING
23.375,-79.94,15.47,26.72,6.33,THANU,NORMAL
8.225,-45.53,20.0,13.11,13.1,THANU,WARNING
13.747,-50.39,14.94,44.31,0.17,THANU,FAILURE
4.974,-35.0,18.15,46.91,5.34,THANU,NORMAL
20.499,-62.41,12.78,68.13,9.76,THANU,WARNING
21.984,-59.35,10.28,17.7,11.56,THANU,WARNING
11.17,-35.53,20.0,83.93,10.37,THANU,WARNING
23.65,-73.79,18.4,61.66,13.69,THANU,WARNING
7.577,-41.5,20.0,59.14,2.42,THANU,NORMAL
20.911,-49.22,18.01,38.47,1.78,THANU,FAILURE
22.034,-73.18,16.97,42.87,1.33,THANU,NORMAL
29.075,-89.38,16.02,14.99,14.45,THANU,NORMAL
7.353,-35.18,20.0,77.84,7.47,THANU,WARNING
3.264,-35.0,20.0,64.43,16.13,THANU,WARNING
8.26,-43.96,17.16,97.88,14.31,THANU,NORMAL
4.124,-35.0,20.0,41.82,1.04,THANU,WARNING
5.506,-35.0,20.0,69.96,4.18,THANU,WARNING
10.356,-42.3,20.0,92.76,0.0,THANU,NORMAL
12.713,-46.19,15.73,74.05,20.76,THANU,NORMAL
27.16,-78.19,14.82,13.63,5.27,THANU,NORMAL
6.271,-36.56,18.36,66.9,6.7,THANU,NORMAL
29.167,-67.42,8.13,59.09,1.37,THANU,WARNING
24.4,-68.72,14.4,54.94,7.95,THANU,NORMAL
26.503,-76.46,16.3,59.77,8.57,THANU,NORMAL
27.919,-69.87,12.16,51.45,11.01,THANU,WARNING
22.721,-66.6,12.93,72.26,6.32,THANU,FAILURE
23.769,-69.97,16.23,11.34,1.64,THANU,NORMAL
13.416,-45.88,19.08,26.97,10.1,THANU,WARNING
15.558,-62.24,15.16,42.88,0.0,THANU,NORMAL
28.008,-97.16,6.41,50.74,0.0,THANU,NORMAL
11.659,-39.09,20.0,21.74,0.9,THANU,WARNING
1.737,-35.0,20.0,83.81,3.67,THANU,WARNING
23.001,-79.67,10.73,93.65,4.65,THANU,WARNING
17.408,-53.04,18.41,77.61,1.96,THANU,FAILURE
24.539,-59.24,12.39,93.59,0.0,THANU,WARNING
2.729,-35.0,20.0,76.89,4.36,THANU,NORMAL
18.826,-55.21,17.84,49.7,12.68,THANU,WARNING
7.807,-35.0,20.0,45.38,7.24,THANU,WARNING
27.146,-73.39,14.39,24.98,0.55,THANU,WARNING
3.742,-35.0,17.62,17.78,6.8,THANU,NORMAL
25.371,-69.88,9.01,29.77,6.94,THANU,NORMAL
3.112,-35.0,20.0,57.89,0.0,THANU,WARNING
1.24,-35.0,16.93,22.15,8.96,THANU,WARNING
7.434,-35.0,20.0,95.6,4.94,THANU,FAILURE
10.325,-49.56,12.82,29.67,0.94,THANU,NORMAL
18.983,-72.17,15.14,85.03,16.68,THANU,WARNING
4.386,-35.0,19.39,83.69,11.72,THANU,WARNING
13.401,-52.24,20.0,22.71,0.0,THANU,WARNING
6.526,-35.0,20.0,73.97,10.22,THANU,WARNING
25.731,-81.4,15.36,84.17,15.52,THANU,NORMAL
1.827,-35.0,18.75,89.59,8.64,THANU,NORMAL
11.0,-35.12,17.36,95.86,3.18,THANU,NORMAL
19.126,-51.82,14.93,93.71,1.16,THANU,WARNING
27.436,-98.06,4.28,38.0,6.65,THANU,NORMAL
26.106,-77.66,12.18,34.09,0.0,THANU,NORMAL
26.908,-74.85,9.16,45.78,1.27,THANU,FAILURE
2.354,-35.0,20.0,51.85,0.0,THANU,WARNING
25.307,-69.2,12.89,31.05,5.17,THANU,WARNING
23.507,-68.99,18.69,17.75,0.0,THANU,NORMAL
27.122,-83.76,10.01,69.09,7.27,THANU,NORMAL
9.691,-44.09,20.0,25.68,11.47,THANU,NORMAL
27.397,-77.99,13.9,92.34,7.48,THANU,FAILURE
12.378,-54.19,17.88,35.89,0.0,THANU,WARNING
19.206,-61.53,13.85,27.79,6.01,THANU,NORMAL
13.013,-43.27,19.63,27.47,7.36,THANU,FAILURE
13.116,-41.23,20.0,36.05,14.86,THANU,WARNING
16.626,-60.48,18.17,65.09,12.54,THANU,WARNING
11.0,-42.05,20.0,98.05,3.72,THANU,NORMAL
23.886,-60.73,13.68,53.76,0.0,THANU,NORMAL
19.192,-59.78,19.91,63.97,8.02,THANU,WARNING
20.848,-63.01,14.56,85.83,6.3,THANU,WARNING
7.316,-35.0,20.0,40.06,8.51,THANU,WARNING
29.102,-66.2,18.63,26.19,10.41,THANU,NORMAL
19.975,-63.22,10.64,49.03,8.91,THANU,NORMAL
6.317,-35.0,20.0,38.68,0.0,THANU,WARNING
22.639,-66.26,11.37,87.95,10.73,THANU,NORMAL
5.625,-41.05,18.99,98.01,13.18,THANU,WARNING
2.37,-35.0,20.0,71.95,5.35,THANU,WARNING
16.063,-45.7,15.08,68.84,10.52,THANU,NORMAL
16.829,-48.81,18.44,74.28,10.17,THANU,FAILURE
6.074,-35.0,20.0,52.09,13.76,THANU,WARNING
10.777,-49.74,20.0,66.59,6.94,THANU,NORMAL
28.4,-70.48,9.4,16.41,7.84,THANU,NORMAL
8.908,-35.0,20.0,54.41,6.7,THANU,WARNING
5.089,-42.17,18.85,39.91,9.58,THANU,NORMAL
29.781,-85.53,12.81,14.79,19.33,THANU,NORMAL
9.418,-40.73,19.55,59.03,14.96,THANU,NORMAL
20.567,-65.71,15.76,42.42,2.43,THANU,WARNING
7.331,-35.0,20.0,63.16,0.0,THANU,WARNING
16.729,-51.3,20.0,56.19,4.36,THANU,NORMAL
11.895,-49.53,20.0,34.86,15.28,THANU,FAILURE
28.867,-77.03,10.95,58.6,6.71,THANU,WARNING
13.268,-37.91,15.77,44.09,1.44,THANU,NORMAL
17.733,-49.57,19.28,92.9,0.0,THANU,FAILURE
28.371,-74.89,11.83,43.81,4.27,THANU,WARNING
29.682,-77.51,10.88,13.61,17.66,THANU,NORMAL
3.499,-35.0,20.0,78.72,0.0,THANU,NORMAL
25.112,-66.26,20.0,96.73,5.09,THANU,WARNING
11.772,-41.24,17.57,25.24,6.47,THANU,WARNING
18.047,-53.62,15.81,97.55,0.36,THANU,WARNING
11.564,-35.0,18.02,65.55,4.57,THANU,NORMAL
12.333,-53.35,16.02,86.26,10.92,THANU,WARNING
5.186,-35.0,12.52,52.56,12.09,THANU,NORMAL
17.397,-60.19,16.75,66.03,5.38,THANU,NORMAL
16.628,-54.18,12.2,85.7,7.16,THANU,NORMAL
6.086,-36.62,19.61,98.45,3.69,THANU,NORMAL
16.481,-59.23,16.69,26.63,3.82,THANU,WARNING
29.207,-85.51,8.38,90.89,11.2,THANU,WARNING
21.575,-79.47,15.94,70.05,0.0,THANU,FAILURE
14.689,-44.85,18.5,95.22,16.19,THANU,WARNING
27.524,-74.5,10.7,38.63,9.85,THANU,WARNING
17.472,-63.21,15.25,31.83,8.75,THANU,NORMAL
4.484,-35.0,20.0,42.9,6.29,THANU,WARNING
16.652,-70.87,12.17,89.6,16.49,THANU,FAILURE
5.839,-43.46,14.79,51.37,4.16,THANU,FAILURE
23.141,-58.46,16.57,95.63,14.72,THANU,NORMAL
29.032,-83.43,11.98,31.81,1.69,THANU,WARNING
11.144,-52.7,19.17,29.85,10.83,THANU,NORMAL
13.33,-49.81,11.36,71.06,7.91,THANU,WARNING
12.934,-50.0,20.0,36.25,13.84,THANU,WARNING
8.916,-53.13,15.21,21.62,0.28,THANU,NORMAL
23.928,-62.92,20.0,43.83,12.71,THANU,WARNING
18.723,-60.47,13.18,33.95,9.03,THANU,WARNING
2.39,-35.0,16.32,47.17,9.47,THANU,FAILURE
25.245,-67.22,16.35,26.79,6.72,THANU,NORMAL
6.019,-35.0,18.88,96.13,11.33,THANU,WARNING
29.385,-73.87,15.08,82.15,7.45,THANU,WARNING
11.612,-47.85,20.0,85.68,3.55,THANU,WARNING
18.685,-56.8,12.21,36.8,19.75,THANU,FAILURE
2.796,-35.0,20.0,87.11,14.16,THANU,NORMAL
10.668,-35.0,20.0,63.17,11.9,THANU,FAILURE
24.169,-66.93,18.49,15.11,0.72,THANU,NORMAL
14.578,-60.01,13.47,23.79,10.9,THANU,WARNING
27.186,-80.59,10.14,50.14,11.84,THANU,WARNING
17.467,-58.09,17.21,45.44,8.72,THANU,NORMAL
27.893,-85.02,8.41,81.58,8.64,THANU,NORMAL
29.487,-69.67,12.74,88.63,9.37,THANU,FAILURE
13.89,-51.66,14.25,87.84,0.85,THANU,NORMAL
17.172,-57.18,14.86,43.78,6.0,THANU,FAILURE
25.13,-78.99,14.8,67.22,8.03,THANU,WARNING
7.035,-52.39,20.0,54.74,6.0,THANU,NORMAL
25.918,-74.78,10.1,90.0,2.49,THANU,FAILURE
17.962,-55.29,20.0,90.01,17.64,THANU,FAILURE
21.902,-69.14,16.87,14.85,13.41,THANU,WARNING
2.856,-35.0,19.82,61.49,17.29,THANU,WARNING
23.103,-62.63,13.43,55.31,6.22,THANU,NORMAL
9.668,-45.29,19.85,79.34,1.88,THANU,WARNING
24.254,-65.38,14.67,27.62,7.69,THANU,NORMAL
15.52,-50.19,16.12,72.55,0.0,THANU,NORMAL
8.601,-35.0,18.32,76.47,9.98,THANU,FAILURE
28.606,-80.42,10.55,12.41,3.09,THANU,NORMAL
23.069,-66.92,17.79,48.81,17.03,THANU,WARNING
29.578,-77.9,15.49,98.11,8.39,THANU,FAILURE
11.252,-52.99,20.0,37.05,8.67,THANU,WARNING
19.652,-72.94,16.22,89.61,14.27,THANU,FAILURE
18.542,-58.37,17.95,62.82,8.32,THANU,WARNING
20.783,-63.0,17.54,36.69,0.0,THANU,WARNING
1.63,-35.0,19.85,85.24,6.51,THANU,WARNING
9.106,-53.26,18.28,99.16,10.97,THANU,WARNING
27.325,-84.91,11.14,76.78,9.69,THANU,NORMAL
13.003,-40.01,19.34,15.52,3.07,THANU,NORMAL
28.839,-77.31,10.2,14.72,16.15,THANU,NORMAL
6.798,-37.88,19.89,54.24,0.0,THANU,WARNING
29.924,-84.43,10.78,10.55,4.22,THANU,NORMAL
21.079,-61.93,14.47,70.84,8.32,THANU,NORMAL
23.404,-78.5,14.95,11.47,5.79,THANU,FAILURE
12.207,-45.68,17.9,97.58,5.29,THANU,WARNING
27.257,-79.85,9.05,89.26,14.1,THANU,NORMAL
16.591,-50.49,15.09,83.38,0.0,THANU,WARNING
20.588,-64.96,14.11,83.12,3.48,THANU,FAILURE
3.297,-36.76,17.81,85.09,15.17,THANU,FAILURE
19.135,-58.92,16.45,49.08,7.96,THANU,WARNING
26.433,-83.65,13.23,81.27,14.93,THANU,WARNING
5.759,-35.0,18.39,43.04,3.9,THANU,NORMAL
22.263,-68.54,17.31,86.35,8.16,THANU,FAILURE
1.249,-35.0,16.92,65.62,11.99,THANU,FAILURE
27.823,-79.34,12.57,42.25,7.21,THANU,WARNING
29.496,-74.66,8.67,77.09,18.15,THANU,WARNING
10.948,-43.76,20.0,31.85,11.41,THANU,WARNING
3.659,-35.0,20.0,96.82,0.0,THANU,NORMAL
19.928,-55.55,19.87,69.83,6.99,THANU,NORMAL
1.38,-35.0,20.0,46.11,13.77,THANU,FAILURE
14.733,-46.04,20.0,59.57,0.79,THANU,NORMAL
8.517,-35.0,20.0,76.38,4.79,THANU,WARNING
14.464,-48.4,20.0,81.76,10.3,THANU,NORMAL
1.039,-35.0,19.92,97.75,1.91,THANU,WARNING
2.023,-35.0,18.34,28.81,3.13,THANU,FAILURE
0.971,-35.0,20.0,55.4,9.58,THANU,WARNING
18.764,-69.43,18.05,18.23,12.32,THANU,WARNING
17.023,-62.48,14.45,17.4,6.62,THANU,NORMAL
7.378,-35.96,18.72,19.39,7.18,THANU,WARNING
19.576,-71.32,12.04,33.36,12.59,THANU,NORMAL
26.584,-85.82,7.46,72.67,1.91,THANU,WARNING
8.681,-35.0,19.71,87.5,0.34,THANU,NORMAL
25.044,-70.6,10.72,49.24,5.33,THANU,WARNING
20.044,-75.45,13.81,59.97,12.59,THANU,WARNING
1.498,-35.0,20.0,28.57,2.16,THANU,WARNING
11.567,-50.63,20.0,81.2,1.41,THANU,WARNING
15.479,-56.95,18.19,89.95,0.83,THANU,NORMAL
22.085,-62.67,14.4,53.7,14.55,THANU,FAILURE
8.97,-44.1,16.01,24.48,0.0,THANU,NORMAL
29.491,-83.03,11.9,10.46,7.76,THANU,NORMAL
20.694,-70.57,10.99,58.28,10.27,THANU,NORMAL
11.498,-61.82,19.05,54.79,2.49,THANU,WARNING
3.362,-35.0,19.52,93.32,1.88,THANU,NORMAL
5.85,-35.0,20.0,13.28,6.32,THANU,NORMAL
14.884,-53.58,17.89,23.41,5.14,THANU,NORMAL
15.094,-45.06,17.01,27.79,0.0,THANU,WARNING
23.148,-70.35,15.02,59.24,6.02,THANU,NORMAL
21.922,-64.61,14.61,35.63,11.56,THANU,FAILURE
6.438,-38.4,18.93,28.51,8.38,THANU,NORMAL
18.051,-57.0,19.73,56.3,7.07,THANU,NORMAL
1.108,-35.0,20.0,13.66,0.0,THANU,NORMAL
12.257,-44.0,17.86,97.77,10.95,THANU,NORMAL
23.041,-77.86,16.52,87.49,3.48,THANU,NORMAL
12.286,-46.39,20.0,34.48,0.0,THANU,NORMAL
25.15,-86.12,8.0,40.26,1.74,THANU,FAILURE
29.297,-87.0,9.43,32.13,0.0,THANU,WARNING
18.413,-57.05,14.79,93.56,10.97,THANU,WARNING
4.778,-35.0,20.0,68.79,14.21,THANU,FAILURE
11.7,-46.22,18.78,56.91,0.76,THANU,WARNING
0.78,-35.0,20.0,55.77,8.54,THANU,NORMAL
18.28,-63.67,13.82,24.93,21.43,THANU,WARNING
24.736,-71.74,10.33,96.64,1.55,THANU,WARNING
19.083,-56.9,20.0,92.31,16.72,THANU,WARNING
23.69,-66.9,14.96,95.72,0.0,THANU,WARNING
24.097,-68.81,18.5,36.18,4.39,THANU,FAILURE
25.605,-81.21,11.49,52.9,1.08,THANU,NORMAL
8.367,-37.4,19.42,56.7,8.29,THANU,WARNING
26.202,-85.03,7.8,54.07,15.18,THANU,NORMAL
19.796,-57.67,15.16,11.73,10.98,THANU,WARNING
9.047,-46.34,18.78,84.98,11.52,THANU,WARNING
29.625,-78.72,14.21,77.19,0.0,THANU,WARNING
28.53,-86.71,12.18,52.73,12.32,THANU,WARNING
17.446,-50.97,18.57,34.07,1.19,THANU,WARNING
25.375,-77.51,12.2,67.15,3.44,THANU,NORMAL
8.214,-35.0,20.0,22.45,21.91,THANU,NORMAL
12.773,-36.14,20.0,99.75,8.24,THANU,FAILURE
5.927,-35.0,20.0,21.28,14.23,THANU,WARNING
15.843,-56.46,18.24,15.26,4.42,THANU,NORMAL
15.132,-44.33,20.0,65.12,5.99,THANU,WARNING
6.778,-39.35,18.84,51.71,6.75,THANU,NORMAL
20.348,-61.96,16.46,74.71,7.45,THANU,WARNING
3.975,-35.0,20.0,21.52,2.92,THANU,WARNING
2.32,-36.1,19.76,42.74,7.22,THANU,NORMAL
11.855,-52.13,20.0,55.09,8.75,THANU,WARNING
12.59,-57.2,16.05,50.23,12.44,THANU,WARNING
9.932,-51.85,17.42,62.47,9.81,THANU,WARNING
8.109,-37.63,20.0,19.16,4.89,THANU,WARNING
10.494,-35.87,20.0,55.34,0.0,THANU,WARNING
5.32,-35.0,20.0,59.93,9.02,THANU,NORMAL
12.402,-50.86,20.0,89.29,11.33,THANU,WARNING
27.186,-81.39,9.1,61.4,11.24,THANU,WARNING
7.121,-35.0,20.0,59.26,0.0,THANU,NORMAL
20.691,-62.78,18.8,83.09,13.71,THANU,NORMAL
4.683,-35.0,15.51,15.85,6.92,THANU,WARNING
10.94,-38.19,20.0,68.32,5.77,THANU,NORMAL
9.975,-38.66,20.0,83.06,0.0,THANU,WARNING
28.142,-78.04,15.09,18.51,3.74,THANU,FAILURE
13.125,-41.28,20.0,83.04,4.62,THANU,WARNING
20.869,-69.98,14.79,80.84,2.35,THANU,NORMAL
18.273,-62.92,14.48,10.08,11.51,THANU,FAILURE
4.66,-41.84,20.0,32.15,0.0,THANU,NORMAL
28.216,-82.09,12.48,23.61,6.26,THANU,FAILURE
10.703,-42.46,20.0,56.02,6.27,THANU,NORMAL
1.82,-35.0,18.63,92.26,12.46,THANU,NORMAL
9.363,-47.81,15.15,64.24,7.55,THANU,NORMAL
10.401,-42.03,17.73,64.16,0.0,THANU,WARNING
3.236,-35.0,19.91,21.06,5.3,THANU,WARNING
18.789,-61.05,16.48,69.97,2.77,THANU,FAILURE
10.73,-35.0,20.0,89.95,0.0,THANU,WARNING
19.059,-61.79,16.22,48.64,10.44,THANU,NORMAL
0.699,-35.0,19.39,71.36,10.55,THANU,WARNING
29.47,-75.68,8.87,36.54,6.39,THANU,WARNING
5.53,-35.0,20.0,34.2,6.5,THANU,FAILURE
19.95,-72.32,17.48,26.66,2.71,THANU,NORMAL
21.616,-78.63,11.12,31.74,3.97,THANU,WARNING
5.562,-35.0,20.0,40.85,0.4,THANU,WARNING
3.796,-35.0,20.0,61.01,7.94,THANU,WARNING
5.001,-35.0,16.24,80.26,9.03,THANU,FAILURE
7.781,-49.8,17.73,36.06,0.0,THANU,NORMAL
5.463,-35.0,20.0,25.13,5.66,THANU,FAILURE
20.383,-66.78,13.67,50.48,1.63,THANU,NORMAL
12.915,-43.47,19.65,81.06,1.64,THANU,NORMAL
16.365,-49.49,19.13,45.04,12.61,THANU,WARNING
1.896,-35.0,20.0,92.19,0.0,THANU,WARNING
25.907,-71.8,18.26,32.31,17.0,THANU,NORMAL
5.532,-35.0,20.0,78.25,7.12,THANU,WARNING
11.124,-45.2,20.0,52.1,11.23,THANU,WARNING
2.621,-35.0,20.0,19.64,12.75,THANU,NORMAL
4.535,-37.22,20.0,35.3,3.93,THANU,NORMAL
20.141,-61.94,16.31,87.24,8.21,THANU,WARNING
20.931,-59.63,17.85,10.53,7.08,THANU,WARNING
20.47,-67.62,16.3,78.07,15.55,THANU,FAILURE
16.788,-55.96,14.91,83.03,13.86,THANU,WARNING
28.599,-71.1,15.02,20.79,8.44,THANU,FAILURE
15.462,-51.77,20.0,96.6,2.48,THANU,FAILURE
13.758,-50.57,10.97,88.51,11.46,THANU,FAILURE
7.803,-40.22,17.61,26.07,2.96,THANU,FAILURE
3.416,-35.0,20.0,31.73,4.07,THANU,WARNING
16.671,-63.49,9.12,83.66,7.79,THANU,FAILURE
9.789,-37.12,20.0,59.17,11.25,THANU,WARNING
15.959,-57.23,15.27,93.03,8.28,THANU,FAILURE
6.581,-35.0,20.0,98.12,1.17,THANU,NORMAL
25.226,-65.36,17.31,40.91,10.75,THANU,WARNING
29.991,-73.0,14.91,18.73,6.45,THANU,WARNING
10.011,-40.02,20.0,73.32,2.8,THANU,WARNING
25.349,-70.84,12.92,93.08,15.92,THANU,FAILURE
26.253,-61.33,14.46,24.84,6.91,THANU,WARNING
29.884,-75.87,8.12,98.68,20.51,THANU,NORMAL
10.61,-35.0,20.0,27.63,6.55,THANU,WARNING
22.803,-79.91,14.22,17.76,10.11,THANU,WARNING
7.25,-52.22,15.12,54.61,2.62,THANU,NORMAL
18.931,-65.12,14.39,82.5,4.49,THANU,WARNING
21.293,-52.73,12.93,41.89,6.54,THANU,NORMAL
22.363,-67.22,16.8,39.87,10.84,THANU,WARNING
6.612,-36.68,19.62,27.74,2.5,THANU,NORMAL
25.537,-77.65,10.31,98.75,2.71,THANU,WARNING
12.919,-45.06,20.0,40.77,8.31,THANU,WARNING
6.883,-35.0,20.0,69.98,0.0,THANU,WARNING
16.505,-45.97,20.0,21.91,14.83,THANU,NORMAL
25.969,-63.73,13.04,50.48,9.25,THANU,WARNING
29.029,-87.24,5.66,81.62,7.55,THANU,WARNING
22.572,-74.42,10.92,97.33,10.46,THANU,FAILURE
0.666,-35.0,20.0,25.96,5.98,THANU,NORMAL
4.474,-35.0,20.0,18.52,0.0,THANU,WARNING
2.75,-35.0,18.84,98.88,5.01,THANU,FAILURE
3.486,-38.78,18.43,59.88,2.02,THANU,WARNING
11.8,-39.19,20.0,41.09,9.42,THANU,WARNING
10.486,-49.35,17.39,96.43,7.95,THANU,WARNING
3.854,-35.0,20.0,45.12,4.34,THANU,WARNING
26.526,-73.03,12.37,30.88,1.56,THANU,NORMAL
18.655,-57.94,16.77,82.32,2.87,THANU,NORMAL
23.996,-62.01,17.53,38.26,7.43,THANU,NORMAL
11.461,-38.46,19.07,38.98,11.65,THANU,FAILURE
12.602,-55.82,10.29,50.05,7.51,THANU,FAILURE
9.87,-35.0,20.0,72.37,0.0,THANU,WARNING
13.434,-50.64,17.43,85.76,3.97,THANU,NORMAL
18.506,-59.0,15.24,30.36,14.4,THANU,FAILURE
15.043,-51.22,17.41,42.62,8.13,THANU,FAILURE
25.219,-78.89,14.84,54.66,0.0,THANU,WARNING
27.054,-81.67,12.94,12.3,9.34,THANU,NORMAL
14.356,-48.25,14.91,72.74,6.14,THANU,WARNING
7.573,-39.38,20.0,60.94,9.84,THANU,NORMAL
28.383,-77.22,12.57,22.02,3.45,THANU,NORMAL
22.184,-57.66,14.08,21.73,9.5,THANU,NORMAL
19.384,-58.05,12.76,90.57,0.15,THANU,FAILURE
22.49,-59.71,13.32,71.5,13.08,THANU,NORMAL
2.741,-35.0,19.39,44.93,10.08,THANU,WARNING
2.495,-35.0,18.37,40.43,14.13,THANU,NORMAL
5.017,-35.0,20.0,38.52,10.15,THANU,WARNING
4.85,-38.02,20.0,68.92,2.28,THANU,WARNING
12.91,-46.87,19.1,26.09,0.0,THANU,NORMAL
5.143,-35.0,20.0,98.87,0.86,THANU,WARNING
25.709,-68.07,10.8,71.83,3.61,THANU,WARNING
17.554,-47.1,16.73,21.44,10.47,THANU,NORMAL
11.364,-47.7,19.9,22.42,1.68,THANU,FAILURE
2.554,-35.0,20.0,68.35,12.94,THANU,WARNING
17.935,-59.61,13.21,44.49,2.9,THANU,NORMAL
3.938,-35.0,20.0,69.4,6.74,THANU,WARNING
22.425,-59.03,13.65,75.03,3.36,THANU,WARNING
24.181,-79.92,14.83,58.41,2.73,THANU,NORMAL
16.547,-47.35,15.32,33.09,0.0,THANU,WARNING
4.913,-35.0,20.0,59.6,0.1,THANU,NORMAL
23.712,-63.3,13.25,47.97,0.0,THANU,FAILURE
9.581,-37.84,20.0,90.13,0.0,THANU,WARNING
7.068,-35.0,20.0,76.62,12.53,THANU,WARNING
14.381,-59.95,12.64,65.71,4.99,THANU,WARNING
27.718,-72.75,13.29,13.58,1.15,THANU,WARNING
9.273,-43.21,20.0,99.12,3.81,THANU,NORMAL
27.215,-64.83,14.31,60.96,0.0,THANU,WARNING
2.083,-35.0,20.0,33.31,9.64,THANU,WARNING
2.964,-35.0,17.35,63.24,2.59,THANU,NORMAL
21.108,-68.86,13.62,83.61,9.47,THANU,WARNING
6.122,-38.91,15.55,58.47,7.26,THANU,NORMAL
9.84,-36.71,19.85,79.92,0.0,THANU,WARNING
4.523,-35.0,20.0,47.17,7.06,THANU,FAILURE
10.301,-36.21,20.0,63.1,11.97,THANU,NORMAL
8.774,-40.08,16.55,48.0,0.0,THANU,WARNING
22.222,-67.79,13.4,57.5,0.0,THANU,WARNING
21.21,-50.87,16.45,25.08,13.54,THANU,WARNING
28.67,-82.81,16.67,63.88,14.9,THANU,WARNING
21.87,-72.65,10.19,98.11,10.39,THANU,WARNING
20.997,-50.26,16.82,78.83,12.66,THANU,NORMAL
20.979,-66.17,11.59,38.8,1.94,THANU,WARNING
26.548,-67.74,18.25,87.75,3.99,THANU,WARNING
9.239,-43.41,13.9,90.62,4.7,THANU,NORMAL
9.353,-40.67,16.85,25.91,2.78,THANU,WARNING
22.366,-66.06,15.45,14.78,8.95,THANU,NORMAL
7.247,-35.0,20.0,61.52,3.4,THANU,NORMAL
27.405,-84.51,14.14,52.83,0.0,THANU,FAILURE
16.276,-49.11,20.0,74.32,7.45,THANU,WARNING
9.354,-42.89,20.0,36.38,0.0,THANU,NORMAL
23.395,-70.16,14.32,44.22,12.45,THANU,NORMAL
9.713,-57.88,20.0,33.75,9.29,THANU,WARNING
28.917,-82.38,15.49,36.29,9.12,THANU,FAILURE
29.498,-78.84,11.15,10.84,5.58,THANU,NORMAL
20.17,-65.5,13.9,55.97,11.0,THANU,WARNING
3.852,-35.0,16.89,52.58,12.46,THANU,WARNING
8.265,-48.71,18.97,42.03,0.91,THANU,NORMAL
15.705,-65.82,15.63,58.62,0.0,THANU,FAILURE
25.618,-69.59,10.46,45.26,9.06,THANU,NORMAL
5.954,-35.0,20.0,48.93,0.0,THANU,FAILURE
3.58,-35.0,17.94,10.18,0.0,THANU,WARNING
2.697,-35.0,20.0,15.97,0.72,THANU,WARNING
15.456,-51.19,20.0,23.56,0.0,THANU,WARNING
26.599,-73.52,17.3,26.56,0.0,THANU,FAILURE
1.75,-35.0,17.83,50.7,0.0,THANU,NORMAL
6.763,-35.0,19.17,88.74,13.29,THANU,WARNING
20.951,-65.83,17.68,46.54,11.4,THANU,FAILURE
24.863,-76.46,14.45,66.45,15.28,THANU,WARNING
24.318,-70.27,15.98,12.32,5.54,THANU,FAILURE
23.66,-65.0,6.39,86.94,8.64,THANU,WARNING
4.329,-35.0,17.49,20.18,6.71,THANU,WARNING
12.219,-42.27,20.0,35.59,8.01,THANU,WARNING
29.55,-76.34,17.29,83.51,11.37,THANU,NORMAL
29.672,-85.21,9.1,33.84,8.16,THANU,WARNING
18.272,-65.33,14.89,33.22,12.93,THANU,WARNING
21.423,-50.46,14.56,64.27,5.46,THANU,WARNING
28.563,-87.59,15.2,91.29,3.35,THANU,FAILURE
13.773,-55.35,13.78,29.23,0.0,THANU,WARNING
4.538,-35.0,20.0,65.87,0.0,THANU,NORMAL
20.234,-66.44,11.74,64.02,12.86,THANU,WARNING
28.823,-69.81,6.99,69.36,1.19,THANU,WARNING
21.068,-74.66,14.18,95.21,6.38,THANU,WARNING
24.198,-76.35,12.45,24.93,1.91,THANU,WARNING
12.971,-47.88,20.0,68.89,18.93,THANU,WARNING
3.346,-35.0,20.0,26.41,1.14,THANU,FAILURE
5.482,-35.0,17.88,38.29,7.77,THANU,FAILURE
29.488,-83.72,10.46,45.1,4.58,THANU,FAILURE
15.049,-44.57,20.0,85.19,6.66,THANU,WARNING
0.855,-35.0,20.0,14.83,10.86,THANU,WARNING
28.683,-79.27,13.83,76.03,2.77,THANU,WARNING
15.185,-44.39,20.0,92.13,3.65,THANU,NORMAL
25.17,-76.81,14.33,17.13,15.62,THANU,NORMAL
16.68,-45.27,20.0,81.17,0.0,THANU,WARNING
3.5,-35.0,16.41,19.69,12.24,THANU,NORMAL
18.659,-57.31,19.51,96.66,18.23,THANU,NORMAL
29.923,-79.63,13.18,83.38,15.63,THANU,NORMAL
1.525,-35.0,20.0,72.55,0.0,THANU,WARNING
25.333,-75.65,13.54,59.51,7.4,THANU,FAILURE
7.447,-46.96,20.0,92.87,0.0,THANU,NORMAL
12.119,-45.57,19.64,20.72,4.62,THANU,WARNING
11.495,-35.0,20.0,20.96,6.71,THANU,WARNING
27.015,-75.6,18.23,84.02,15.01,THANU,WARNING
15.382,-61.3,16.78,53.41,1.91,THANU,WARNING
13.692,-51.39,20.0,86.06,6.66,THANU,WARNING
24.632,-91.1,11.5,45.16,8.33,THANU,WARNING
1.943,-35.0,20.0,50.67,0.0,THANU,NORMAL
3.05,-35.74,20.0,39.89,10.57,THANU,WARNING
1.14,-35.0,19.28,95.57,22.51,THANU,NORMAL
20.795,-70.61,12.21,51.85,4.86,THANU,WARNING
16.006,-60.62,15.07,77.96,2.4,THANU,WARNING
26.343,-71.63,7.65,72.63,0.09,THANU,NORMAL
15.207,-51.63,14.97,31.16,17.03,THANU,NORMAL
7.044,-35.0,20.0,92.26,0.0,THANU,NORMAL
24.252,-67.85,17.17,59.02,8.16,THANU,WARNING
9.183,-42.16,20.0,87.02,0.0,THANU,WARNING
28.103,-93.05,15.37,84.9,10.58,THANU,NORMAL
7.888,-38.56,18.29,15.28,16.0,THANU,NORMAL
5.448,-35.0,20.0,65.78,5.84,THANU,NORMAL
15.053,-57.0,18.79,81.01,0.0,THANU,NORMAL
1.99,-35.0,20.0,91.58,2.38,THANU,WARNING
1.574,-35.0,19.7,55.57,0.0,THANU,FAILURE
15.132,-55.6,16.74,77.56,14.02,THANU,NORMAL
6.846,-35.0,19.68,97.27,0.42,THANU,WARNING
0.776,-35.0,20.0,84.51,0.0,THANU,WARNING
9.234,-46.14,18.48,86.9,0.0,THANU,WARNING
14.582,-52.0,19.18,46.66,0.0,THANU,WARNING
12.132,-48.94,17.1,18.25,17.56,THANU,FAILURE
4.496,-35.0,20.0,96.94,5.6,THANU,NORMAL
17.6,-60.69,15.99,72.62,5.87,THANU,FAILURE
21.455,-63.04,11.57,25.4,0.0,THANU,NORMAL
20.428,-64.39,12.6,97.64,15.91,THANU,NORMAL
12.116,-46.65,20.0,74.42,7.82,THANU,WARNING
4.559,-35.0,20.0,18.13,12.37,THANU,WARNING
15.235,-49.52,20.0,25.37,0.0,THANU,WARNING
26.768,-72.58,16.7,87.89,4.77,THANU,WARNING
14.327,-52.91,16.71,95.84,11.46,THANU,WARNING
6.273,-35.72,20.0,42.83,5.71,THANU,NORMAL
3.245,-35.0,20.0,47.19,6.72,THANU,WARNING
28.346,-77.93,13.87,45.59,2.93,THANU,WARNING
22.419,-68.84,10.07,85.18,6.89,THANU,NORMAL
9.733,-35.0,20.0,50.79,0.07,THANU,WARNING
9.213,-35.0,19.79,43.77,0.0,THANU,WARNING
26.909,-77.47,12.93,65.97,3.75,THANU,NORMAL
5.738,-38.51,19.39,54.15,10.02,THANU,NORMAL
16.284,-54.2,18.58,58.01,5.67,THANU,FAILURE
21.548,-58.48,20.0,46.63,0.53,THANU,WARNING
12.194,-46.37,20.0,51.45,0.27,THANU,NORMAL
1.677,-35.0,20.0,13.24,2.85,THANU,NORMAL
7.219,-41.93,20.0,93.32,12.36,THANU,WARNING
27.103,-73.52,6.32,12.75,13.06,THANU,WARNING
15.932,-47.82,20.0,79.55,4.13,THANU,NORMAL
24.556,-64.4,11.2,36.84,9.25,THANU,WARNING
16.893,-48.77,20.0,20.1,6.09,THANU,WARNING
28.336,-73.53,17.17,64.87,7.84,THANU,WARNING
27.319,-76.85,14.78,73.63,15.84,THANU,FAILURE
14.745,-49.69,17.13,66.72,13.2,THANU,NORMAL
9.889,-40.52,17.04,61.85,9.85,THANU,FAILURE
18.249,-61.78,15.85,58.26,9.92,THANU,NORMAL
20.409,-59.18,15.72,58.7,6.02,THANU,FAILURE
15.201,-53.87,17.39,87.89,0.0,THANU,NORMAL
24.757,-66.61,15.39,18.11,0.42,THANU,WARNING
5.908,-35.0,20.0,24.16,8.58,THANU,FAILURE
10.365,-50.17,15.9,83.14,14.74,THANU,NORMAL
20.748,-52.4,14.1,37.27,8.96,THANU,WARNING
7.777,-36.1,20.0,79.44,2.99,THANU,WARNING
13.475,-44.56,18.94,41.74,12.39,THANU,WARNING
28.93,-85.37,11.43,93.29,7.13,THANU,NORMAL
18.963,-65.94,15.84,35.32,0.44,THANU,NORMAL
28.497,-72.88,13.63,48.42,2.4,THANU,NORMAL
21.812,-79.41,9.79,24.3,0.0,THANU,FAILURE
21.878,-49.25,19.0,70.0,2.04,THANU,NORMAL
17.96,-66.74,19.26,46.26,12.44,THANU,WARNING
4.695,-35.0,20.0,94.71,2.02,THANU,WARNING
15.832,-49.78,18.78,11.42,13.43,THANU,NORMAL
7.954,-40.47,20.0,44.89,1.03,THANU,WARNING
29.961,-84.65,8.4,12.13,19.0,THANU,FAILURE
8.375,-36.0,20.0,39.61,5.9,THANU,NORMAL
7.305,-46.13,20.0,44.22,0.0,THANU,NORMAL
18.905,-59.82,18.53,33.23,7.65,THANU,FAILURE
15.573,-44.24,20.0,33.0,17.02,THANU,NORMAL
1.13,-35.0,14.15,33.41,11.5,THANU,NORMAL
4.321,-35.0,19.05,33.96,0.0,THANU,NORMAL
24.426,-72.36,9.25,35.41,6.32,THANU,WARNING
14.769,-52.4,20.0,86.62,14.45,THANU,FAILURE
4.807,-35.0,20.0,13.51,2.38,THANU,NORMAL
14.225,-48.46,18.28,99.0,0.49,THANU,NORMAL
7.968,-38.56,18.15,35.34,5.51,THANU,NORMAL
7.096,-35.0,20.0,12.52,3.46,THANU,WARNING
28.753,-87.7,17.12,25.76,19.5,THANU,FAILURE
11.18,-50.29,18.05,94.77,1.73,THANU,NORMAL
1.87,-35.0,19.25,99.78,0.0,THANU,NORMAL
29.125,-89.4,6.7,32.21,4.38,THANU,WARNING
23.948,-70.6,19.47,30.29,14.52,THANU,FAILURE
8.005,-35.0,20.0,85.25,3.78,THANU,NORMAL
12.562,-53.51,16.35,92.28,5.49,THANU,NORMAL
25.938,-85.81,6.93,68.53,12.76,THANU,FAILURE
11.044,-35.87,18.16,94.22,0.16,THANU,WARNING
17.238,-63.19,19.04,95.5,0.44,THANU,NORMAL
16.278,-62.55,10.82,78.37,4.45,THANU,NORMAL
12.338,-35.59,17.19,41.38,0.0,THANU,WARNING
19.365,-57.0,15.58,23.45,12.1,THANU,FAILURE
14.462,-66.39,16.25,56.59,15.4,THANU,NORMAL
1.126,-35.0,20.0,36.06,0.0,THANU,FAILURE
24.524,-75.25,11.46,20.67,12.78,THANU,WARNING
3.838,-38.23,18.76,45.46,13.81,THANU,WARNING
14.191,-55.89,15.03,53.18,0.0,THANU,NORMAL
17.607,-60.76,15.66,69.58,8.17,THANU,WARNING
21.312,-55.34,14.5,29.9,5.61,THANU,NORMAL
12.618,-38.49,20.0,88.16,0.15,THANU,NORMAL
22.199,-77.89,16.31,26.69,7.31,THANU,NORMAL
4.375,-35.0,20.0,99.75,2.83,THANU,WARNING
19.777,-51.72,12.96,60.12,0.41,THANU,NORMAL
24.877,-58.18,13.37,23.22,5.8,THANU,FAILURE
26.739,-86.6,12.25,85.1,11.74,THANU,WARNING
17.597,-69.74,14.61,32.84,8.45,THANU,NORMAL
9.73,-35.0,20.0,26.95,3.94,THANU,NORMAL
5.319,-35.0,20.0,22.13,12.42,THANU,NORMAL
10.694,-45.47,20.0,59.58,3.58,THANU,WARNING
16.429,-53.59,19.71,89.14,7.27,THANU,NORMAL
6.292,-37.67,16.06,90.74,4.53,THANU,WARNING
28.599,-79.35,11.69,80.71,9.0,THANU,NORMAL
26.965,-82.49,15.73,62.33,4.26,THANU,NORMAL
1.472,-35.0,20.0,57.69,9.73,THANU,WARNING
17.078,-49.69,17.5,43.64,11.29,THANU,WARNING
23.785,-63.13,16.98,13.97,8.38,THANU,WARNING
7.739,-46.75,20.0,85.29,4.69,THANU,NORMAL
15.955,-47.9,20.0,99.95,4.86,THANU,WARNING
12.477,-63.69,18.74,92.88,8.4,THANU,WARNING
6.298,-35.0,13.21,93.97,0.0,THANU,NORMAL
18.635,-59.34,18.33,39.99,8.39,THANU,NORMAL
29.814,-86.24,10.56,18.94,11.05,THANU,FAILURE
11.276,-47.92,19.07,88.44,5.57,THANU,WARNING
16.795,-49.2,15.38,78.74,7.15,THANU,FAILURE
10.172,-37.84,18.05,45.13,1.73,THANU,WARNING
26.37,-74.41,12.43,85.02,0.0,THANU,WARNING
26.006,-70.37,15.78,22.49,5.65,THANU,WARNING
5.774,-35.51,16.72,68.6,7.41,THANU,WARNING
27.048,-84.8,11.27,95.8,2.59,THANU,WARNING
4.97,-37.23,20.0,91.94,4.63,THANU,NORMAL
3.315,-35.0,20.0,78.48,0.0,THANU,NORMAL
19.762,-61.53,16.05,33.99,2.57,THANU,NORMAL
11.884,-51.48,16.8,19.23,5.17,THANU,NORMAL
16.157,-46.61,17.69,39.23,3.63,THANU,NORMAL
19.751,-59.73,18.1,65.56,6.85,THANU,WARNING
2.059,-35.0,20.0,38.49,7.0,THANU,WARNING
9.142,-38.77,19.52,47.18,2.39,THANU,WARNING
14.097,-50.18,15.69,46.32,14.01,THANU,FAILURE
8.364,-50.78,14.43,40.22,1.81,THANU,WARNING
1.945,-35.0,20.0,93.11,0.99,THANU,NORMAL
3.057,-35.0,20.0,38.8,11.39,THANU,NORMAL
24.152,-65.29,12.7,99.42,8.31,THANU,WARNING
27.386,-73.45,11.84,28.84,7.74,THANU,FAILURE
4.991,-35.0,20.0,88.54,1.56,THANU,NORMAL
7.853,-35.0,18.63,75.91,1.11,THANU,WARNING
19.741,-58.81,20.0,70.19,4.51,THANU,NORMAL
28.651,-76.27,14.4,50.08,11.07,THANU,NORMAL
9.338,-35.0,20.0,83.49,11.86,THANU,WARNING
25.729,-73.42,9.94,54.3,12.61,THANU,WARNING
15.428,-42.34,18.83,22.2,0.0,THANU,NORMAL
28.718,-88.13,12.67,35.24,0.0,THANU,WARNING
4.52,-35.0,20.0,26.42,3.17,THANU,FAILURE
29.223,-85.88,19.22,61.27,0.0,THANU,WARNING
13.509,-45.34,20.0,68.99,0.0,THANU,NORMAL
28.612,-75.06,11.19,40.23,15.05,THANU,NORMAL
14.031,-57.43,16.68,13.56,0.0,THANU,NORMAL
16.137,-66.19,16.06,69.29,5.33,THANU,NORMAL
24.241,-79.11,15.38,15.58,4.42,THANU,NORMAL
21.818,-74.34,5.82,96.91,9.17,THANU,NORMAL
18.778,-52.83,14.88,89.85,9.91,THANU,WARNING
12.801,-44.33,20.0,84.78,0.59,THANU,WARNING
23.877,-71.04,6.86,43.08,5.35,THANU,WARNING
28.473,-78.8,15.93,77.05,0.0,THANU,FAILURE
0.789,-35.0,20.0,14.13,10.56,THANU,WARNING
17.841,-50.53,17.55,18.07,0.0,THANU,WARNING
26.046,-65.88,10.61,54.51,6.18,THANU,WARNING
19.767,-56.13,20.0,62.81,3.09,THANU,WARNING
24.124,-77.46,8.68,79.03,4.28,THANU,WARNING
26.904,-96.42,12.2,36.79,0.0,THANU,NORMAL
22.653,-79.15,18.97,58.83,11.31,THANU,FAILURE
21.652,-65.75,20.0,15.63,17.17,THANU,WARNING
28.96,-71.0,14.65,52.38,13.15,THANU,WARNING
25.979,-73.94,12.54,70.41,10.37,THANU,FAILURE
24.554,-70.79,16.72,99.07,11.08,THANU,FAILURE
3.049,-35.0,20.0,79.12,17.28,THANU,WARNING
7.551,-35.0,20.0,99.59,7.83,THANU,WARNING
16.924,-55.1,13.47,54.81,0.0,THANU,NORMAL
21.432,-57.52,19.2,48.97,11.91,THANU,WARNING
9.445,-35.0,19.07,85.08,13.61,THANU,WARNING
3.253,-35.0,20.0,51.61,2.66,THANU,WARNING
9.677,-50.18,14.25,78.05,10.9,THANU,WARNING
23.245,-59.82,14.57,99.51,4.96,THANU,WARNING
26.383,-85.72,10.25,75.21,13.77,THANU,WARNING
27.431,-79.84,10.31,11.29,17.4,THANU,NORMAL
11.677,-44.71,17.48,26.23,0.0,THANU,WARNING
11.49,-42.57,19.83,34.86,0.0,THANU,NORMAL
12.498,-47.36,16.73,83.99,3.79,THANU,NORMAL
11.586,-54.94,14.84,93.89,6.8,THANU,NORMAL
20.153,-66.43,14.02,68.47,9.65,THANU,WARNING
11.071,-56.56,19.4,17.92,3.78,THANU,NORMAL
1.1,-35.0,20.0,54.96,8.05,THANU,WARNING
13.451,-51.39,15.93,87.31,0.11,THANU,NORMAL
7.112,-44.55,19.84,42.6,16.13,THANU,NORMAL
1.35,-35.0,20.0,15.87,8.89,THANU,NORMAL
14.39,-39.02,20.0,80.16,17.63,THANU,WARNING
6.576,-35.0,20.0,69.14,0.0,THANU,NORMAL
13.856,-47.46,11.64,52.03,0.42,THANU,NORMAL
8.694,-38.41,14.81,86.48,3.69,THANU,NORMAL
18.309,-54.1,16.88,86.47,3.62,THANU,FAILURE
29.731,-88.08,6.92,73.09,16.16,THANU,NORMAL
16.643,-60.68,13.32,94.81,18.53,THANU,NORMAL
19.583,-71.32,9.33,50.85,11.2,THANU,FAILURE
27.619,-77.29,13.43,75.6,18.36,THANU,NORMAL
11.533,-50.99,16.77,84.76,11.33,THANU,WARNING
5.413,-41.17,20.0,67.2,3.48,THANU,NORMAL
8.843,-40.0,19.44,59.78,9.53,THANU,FAILURE
12.382,-44.77,19.39,75.88,2.34,THANU,WARNING
19.528,-54.97,20.0,41.91,1.67,THANU,WARNING
0.635,-35.0,20.0,42.98,2.96,THANU,WARNING
25.675,-75.8,13.24,97.9,11.69,THANU,WARNING
2.745,-35.0,17.48,20.7,7.51,THANU,NORMAL
27.069,-77.24,12.94,85.78,12.53,THANU,FAILURE
28.508,-72.98,11.65,80.99,10.69,THANU,FAILURE
29.708,-90.53,10.16,14.87,13.36,THANU,NORMAL
24.381,-84.57,6.59,73.32,4.02,THANU,WARNING
4.685,-35.0,20.0,18.45,1.61,THANU,NORMAL
21.332,-64.38,11.64,28.95,8.8,THANU,NORMAL
6.498,-35.0,20.0,96.24,11.62,THANU,FAILURE
26.965,-84.72,14.01,42.59,5.44,THANU,NORMAL
9.84,-43.66,19.38,15.11,4.9,THANU,WARNING
10.14,-39.05,20.0,56.91,7.13,THANU,NORMAL
27.571,-72.23,13.53,28.58,3.99,THANU,NORMAL
0.89,-35.0,20.0,48.37,0.0,THANU,NORMAL
6.222,-35.0,19.35,19.15,4.24,THANU,NORMAL
12.947,-58.14,20.0,18.64,9.71,THANU,WARNING
21.171,-66.06,14.22,55.37,14.87,THANU,NORMAL
19.603,-60.68,11.06,40.23,16.1,THANU,NORMAL
20.248,-58.83,16.85,23.97,18.74,THANU,NORMAL
26.461,-77.1,13.05,62.23,14.24,THANU,FAILURE
4.07,-35.0,19.64,15.6,0.0,THANU,WARNING
15.904,-50.82,14.96,77.75,11.38,THANU,WARNING
21.902,-65.02,10.11,14.62,0.0,THANU,WARNING
19.265,-59.91,14.15,97.33,11.44,THANU,WARNING
13.725,-51.89,18.98,76.21,10.96,THANU,WARNING
1.005,-35.0,20.0,90.75,0.0,THANU,WARNING
2.283,-35.0,20.0,49.6,14.09,THANU,FAILURE
4.009,-35.0,20.0,15.23,0.0,THANU,WARNING
10.625,-36.01,17.17,30.65,1.94,THANU,NORMAL
3.971,-35.0,17.0,97.4,7.76,THANU,WARNING
13.069,-37.7,18.08,65.7,8.6,THANU,WARNING
5.77,-35.0,20.0,30.51,10.58,THANU,NORMAL
23.485,-59.57,13.65,53.45,15.26,THANU,WARNING
26.209,-68.66,13.88,38.57,2.9,THANU,NORMAL
11.995,-42.28,18.98,54.07,9.36,THANU,WARNING
15.584,-56.62,17.93,85.3,13.1,THANU,NORMAL
28.628,-75.37,13.09,30.03,9.56,THANU,FAILURE
16.297,-61.08,18.12,45.92,0.0,THANU,NORMAL
29.855,-76.79,11.76,50.15,9.67,THANU,WARNING
4.693,-35.0,20.0,62.83,3.98,THANU,FAILURE
25.936,-63.53,9.78,17.0,2.4,THANU,NORMAL
15.167,-47.94,17.21,28.63,5.88,THANU,NORMAL
1.17,-35.0,20.0,45.8,0.0,THANU,FAILURE
29.181,-82.78,10.99,82.84,12.59,THANU,NORMAL
28.969,-82.98,6.27,26.82,0.0,THANU,WARNING
11.806,-36.96,17.03,89.34,0.56,THANU,WARNING
28.647,-72.82,10.9,40.52,12.87,THANU,WARNING
4.66,-35.45,17.83,32.85,11.03,THANU,WARNING
20.563,-64.67,15.11,46.84,0.0,THANU,NORMAL
6.162,-35.33,17.5,59.83,0.0,THANU,NORMAL
7.776,-35.44,20.0,76.06,0.0,THANU,FAILURE
23.49,-63.79,13.0,52.92,11.08,THANU,NORMAL
11.632,-47.87,15.33,83.62,8.35,THANU,WARNING
0.71,-35.0,20.0,83.69,14.67,THANU,WARNING
12.72,-35.0,20.0,10.16,8.0,THANU,FAILURE
7.228,-36.29,17.93,81.24,9.44,THANU,NORMAL
20.658,-53.77,18.88,49.85,0.0,THANU,NORMAL
6.236,-42.47,16.79,97.04,13.55,THANU,FAILURE
25.346,-64.7,16.41,83.82,10.68,THANU,NORMAL
8.379,-46.79,17.45,44.56,5.69,THANU,WARNING
12.094,-56.42,10.85,67.12,0.98,THANU,FAILURE
9.292,-35.0,19.54,27.48,12.16,THANU,WARNING
19.496,-54.29,20.0,36.13,0.0,THANU,FAILURE
3.484,-35.0,20.0,28.19,0.0,THANU,FAILURE
14.604,-55.27,19.33,77.6,4.59,THANU,WARNING
10.366,-46.84,20.0,10.74,5.6,THANU,WARNING
26.582,-66.28,14.88,46.65,1.62,THANU,FAILURE
2.666,-35.0,20.0,85.38,0.0,THANU,NORMAL
24.976,-73.5,13.11,73.82,8.57,THANU,NORMAL
5.447,-37.77,17.81,47.96,0.0,THANU,FAILURE
3.113,-35.0,18.08,66.97,1.6,THANU,WARNING
6.469,-37.05,20.0,48.86,1.82,THANU,FAILURE
3.528,-37.19,16.01,85.96,11.59,THANU,WARNING
15.869,-54.61,15.52,61.53,13.23,THANU,NORMAL
29.652,-75.56,15.48,66.94,0.0,THANU,FAILURE
1.513,-35.0,20.0,98.98,0.0,THANU,WARNING
14.103,-43.81,20.0,79.31,1.67,THANU,NORMAL
11.889,-55.82,14.2,35.74,1.53,THANU,WARNING
10.518,-38.33,20.0,79.57,6.68,THANU,FAILURE
10.29,-46.68,16.47,93.56,3.94,THANU,NORMAL
26.903,-66.57,14.61,36.56,6.55,THANU,WARNING
1.06,-35.0,20.0,83.56,0.35,THANU,WARNING
23.36,-72.31,10.13,31.4,4.69,THANU,WARNING
7.962,-41.74,18.99,49.06,6.32,THANU,NORMAL
11.807,-51.57,10.47,72.12,15.96,THANU,WARNING
12.894,-53.16,16.07,31.92,13.25,THANU,NORMAL
9.49,-45.26,19.22,26.86,8.11,THANU,NORMAL
3.26,-35.0,18.29,51.63,6.19,THANU,FAILURE
3.873,-35.0,15.37,80.49,8.37,THANU,WARNING
9.295,-41.64,17.49,63.63,0.0,THANU,FAILURE
24.743,-63.97,11.01,73.11,6.29,THANU,WARNING
4.472,-35.0,20.0,72.03,0.0,THANU,WARNING
22.408,-74.93,12.41,59.0,12.31,THANU,FAILURE
9.022,-42.42,20.0,38.4,12.87,THANU,WARNING
26.562,-79.24,8.91,47.95,9.79,THANU,WARNING
13.136,-42.77,16.58,44.26,4.78,THANU,NORMAL
5.566,-36.17,16.85,17.12,1.75,THANU,WARNING
29.582,-86.73,11.38,90.86,8.26,THANU,FAILURE
5.711,-36.36,18.16,67.77,13.35,THANU,NORMAL
17.245,-50.62,18.06,87.15,1.37,THANU,NORMAL
17.294,-53.5,17.17,79.85,20.35,THANU,FAILURE
11.498,-51.26,19.01,16.15,18.17,THANU,WARNING
28.569,-78.61,10.26,29.47,1.16,THANU,WARNING
25.394,-75.17,11.71,95.57,0.7,THANU,NORMAL
24.98,-84.74,17.32,51.57,15.31,THANU,FAILURE
29.237,-76.36,9.02,83.07,11.59,THANU,WARNING
13.985,-49.9,18.2,61.79,7.0,THANU,NORMAL
3.367,-35.0,20.0,84.12,6.07,THANU,WARNING
23.081,-71.38,12.26,76.11,8.82,THANU,WARNING
11.734,-35.51,16.34,35.18,12.04,THANU,WARNING
6.115,-35.0,18.26,99.21,5.8,THANU,NORMAL
14.756,-44.65,17.51,54.15,8.63,THANU,FAILURE
27.809,-96.68,7.3,62.65,14.63,THANU,NORMAL
5.555,-35.0,17.98,58.64,15.32,THANU,WARNING
25.537,-81.65,10.63,89.67,9.76,THANU,NORMAL
12.837,-35.52,20.0,35.19,0.0,THANU,WARNING
4.536,-35.0,16.88,15.55,17.0,THANU,NORMAL
25.527,-76.98,12.18,48.53,12.75,THANU,WARNING
29.104,-81.64,11.41,92.65,0.0,THANU,WARNING
9.092,-47.37,17.94,49.54,0.67,THANU,WARNING
9.454,-43.02,20.0,34.98,2.1,THANU,NORMAL
12.021,-51.04,20.0,65.66,12.66,THANU,NORMAL
24.517,-71.97,15.04,76.38,0.0,THANU,NORMAL
0.807,-35.0,20.0,51.65,9.13,THANU,NORMAL
7.107,-46.46,20.0,44.2,0.0,THANU,WARNING
21.324,-68.84,15.46,42.81,0.0,THANU,NORMAL
12.466,-43.42,16.2,47.92,4.77,THANU,NORMAL
10.244,-49.53,17.83,85.84,7.28,THANU,WARNING
26.232,-71.37,17.83,53.43,10.06,THANU,FAILURE
27.561,-76.69,11.53,38.29,12.75,THANU,WARNING
28.466,-84.5,10.64,26.41,20.08,THANU,WARNING
8.54,-35.0,20.0,35.44,5.09,THANU,FAILURE
27.419,-83.88,11.04,51.65,17.96,THANU,NORMAL
22.24,-65.65,14.57,59.3,10.23,THANU,FAILURE
5.049,-35.0,20.0,65.93,12.39,THANU,WARNING
18.503,-60.51,14.82,16.42,8.71,THANU,NORMAL
1.277,-35.0,20.0,65.19,3.96,THANU,WARNING
21.397,-61.54,14.22,41.68,6.32,THANU,FAILURE
22.14,-72.41,11.67,33.13,6.42,THANU,NORMAL
23.785,-57.78,18.31,39.8,11.9,THANU,NORMAL
5.589,-35.0,18.37,80.6,0.0,THANU,FAILURE
19.033,-54.48,20.0,82.3,0.0,THANU,WARNING
5.776,-35.0,16.15,19.34,14.04,THANU,NORMAL
28.426,-73.65,6.85,54.52,5.43,THANU,WARNING
20.413,-61.11,14.61,57.65,3.66,THANU,NORMAL
3.312,-35.0,20.0,12.72,15.26,THANU,WARNING
6.017,-40.37,15.46,74.54,5.24,THANU,FAILURE
20.072,-62.45,16.3,43.01,14.69,THANU,WARNING
14.562,-58.79,16.26,47.62,10.62,THANU,FAILURE
22.221,-76.76,15.68,64.89,8.26,THANU,FAILURE
8.783,-35.0,20.0,52.2,17.21,THANU,NORMAL
19.909,-54.86,16.55,77.32,14.61,THANU,WARNING
5.72,-35.0,20.0,63.63,0.0,THANU,WARNING
16.539,-54.17,18.1,30.34,3.53,THANU,WARNING
28.755,-93.15,8.95,88.34,0.78,THANU,FAILURE
19.033,-64.36,11.21,29.42,0.0,THANU,WARNING
1.975,-35.0,20.0,74.22,3.6,THANU,NORMAL
29.668,-77.08,15.68,81.3,8.84,THANU,NORMAL
5.128,-35.0,16.44,71.95,1.98,THANU,WARNING
21.683,-59.28,12.97,47.96,19.48,THANU,NORMAL
16.21,-59.65,13.87,89.02,0.0,THANU,WARNING
9.184,-56.21,18.88,39.49,5.82,THANU,NORMAL
5.731,-35.0,20.0,71.84,8.08,THANU,WARNING
5.742,-35.0,17.65,88.99,0.0,THANU,FAILURE
25.823,-61.03,16.01,23.99,2.78,THANU,FAILURE
26.251,-67.78,12.58,68.74,0.0,THANU,WARNING
14.222,-53.34,16.03,91.09,13.18,THANU,NORMAL
3.557,-41.68,17.43,19.28,1.16,THANU,NORMAL
26.583,-93.74,6.68,23.12,10.51,THANU,FAILURE
14.867,-50.61,13.2,44.04,7.93,THANU,NORMAL
13.443,-46.45,20.0,99.49,6.5,THANU,NORMAL
12.517,-50.04,20.0,30.15,9.34,THANU,NORMAL
11.268,-38.73,19.85,39.22,0.0,THANU,FAILURE
16.017,-62.77,16.58,85.16,1.03,THANU,WARNING
18.334,-61.1,16.6,21.77,0.0,THANU,FAILURE
14.26,-43.21,20.0,99.66,4.46,THANU,WARNING
26.951,-80.02,8.97,76.5,8.44,THANU,WARNING
9.871,-35.0,20.0,96.33,10.44,THANU,NORMAL
17.56,-64.72,13.81,23.0,0.0,THANU,WARNING
9.349,-35.0,20.0,30.92,3.29,THANU,FAILURE
22.724,-70.44,14.2,43.37,1.52,THANU,FAILURE
3.513,-35.0,20.0,14.59,10.56,THANU,WARNING
6.067,-35.0,20.0,15.46,7.26,THANU,NORMAL
24.135,-79.45,15.61,91.34,11.67,THANU,FAILURE
5.904,-35.0,20.0,13.85,3.91,THANU,NORMAL
18.96,-52.22,17.33,77.5,4.84,THANU,WARNING
29.122,-87.91,5.84,74.59,13.51,THANU,NORMAL
15.925,-56.6,18.39,16.55,0.0,THANU,FAILURE
6.028,-35.0,20.0,26.89,1.91,THANU,NORMAL
9.96,-44.04,19.32,50.93,8.48,THANU,NORMAL
24.792,-72.51,13.15,67.75,0.0,THANU,WARNING
10.874,-51.17,17.16,90.62,6.16,THANU,WARNING
21.844,-59.4,15.64,57.41,12.23,THANU,NORMAL
23.432,-61.6,15.55,94.27,9.85,THANU,WARNING
15.285,-47.32,20.0,27.12,7.02,THANU,NORMAL
23.605,-82.25,10.37,66.05,0.0,THANU,WARNING
9.849,-35.0,20.0,86.02,7.1,THANU,FAILURE
15.727,-61.5,17.18,31.0,0.0,THANU,FAILURE
20.753,-71.11,14.31,80.97,3.11,THANU,NORMAL
5.458,-35.0,20.0,46.03,16.12,THANU,WARNING
8.572,-35.0,17.19,99.97,3.08,THANU,NORMAL
19.735,-63.7,11.18,18.24,0.0,THANU,NORMAL
19.833,-56.47,14.39,59.79,10.46,THANU,WARNING
15.052,-43.3,17.86,80.47,0.0,THANU,NORMAL
23.97,-69.27,15.64,70.86,0.72,THANU,FAILURE
14.721,-47.43,17.56,55.5,2.08,THANU,NORMAL
26.499,-69.9,12.36,56.18,14.99,THANU,FAILURE
22.209,-73.91,17.38,46.49,15.44,THANU,WARNING
9.783,-48.84,17.5,40.81,0.0,THANU,WARNING
12.16,-37.98,20.0,63.43,13.45,THANU,FAILURE
20.197,-67.52,13.96,77.35,1.24,THANU,WARNING
26.886,-75.69,18.17,35.13,7.8,THANU,NORMAL
5.772,-35.0,20.0,95.2,1.12,THANU,WARNING
15.683,-51.28,19.72,42.83,4.28,THANU,NORMAL
4.004,-35.0,19.57,49.06,15.39,THANU,NORMAL
8.744,-42.17,20.0,47.0,0.0,THANU,NORMAL
20.736,-56.09,18.75,20.02,1.45,THANU,NORMAL
2.793,-35.0,18.29,20.43,2.04,THANU,NORMAL
20.04,-52.95,17.9,81.57,6.92,THANU,NORMAL
27.074,-69.96,18.96,44.32,14.48,THANU,FAILURE
29.096,-86.06,15.17,29.44,3.76,THANU,WARNING
6.891,-37.55,13.69,73.69,0.0,THANU,NORMAL
22.592,-57.03,15.85,96.38,3.13,THANU,NORMAL
27.828,-60.92,15.3,94.31,15.68,THANU,NORMAL
3.195,-35.0,20.0,75.11,14.66,THANU,WARNING
12.714,-57.27,13.02,27.25,10.4,THANU,WARNING
27.623,-91.29,10.0,23.87,4.37,THANU,NORMAL
6.482,-35.0,19.05,88.39,6.17,THANU,NORMAL
28.046,-68.83,18.11,96.65,7.33,THANU,FAILURE
16.052,-63.31,14.34,66.01,4.55,THANU,WARNING
3.447,-35.0,15.59,91.11,0.61,THANU,WARNING
13.771,-39.21,20.0,83.34,0.0,THANU,WARNING
10.125,-54.22,13.93,23.86,12.27,THANU,NORMAL
8.825,-44.89,20.0,30.07,9.55,THANU,WARNING
16.474,-58.98,11.74,16.1,6.77,THANU,NORMAL
14.766,-52.47,13.7,52.67,14.53,THANU,WARNING
14.718,-49.8,12.78,39.16,13.88,THANU,NORMAL
3.1,-35.0,20.0,48.34,0.46,THANU,NORMAL
24.168,-67.43,19.02,10.78,0.0,THANU,WARNING
14.702,-56.03,11.71,74.91,16.61,THANU,WARNING
24.717,-72.02,10.8,28.05,14.87,THANU,NORMAL
24.826,-81.29,15.36,43.14,7.1,THANU,NORMAL
9.855,-35.22,20.0,46.21,6.41,THANU,WARNING
0.628,-35.0,20.0,15.96,5.98,THANU,NORMAL
27.382,-72.81,11.68,42.9,13.43,THANU,FAILURE
22.94,-67.37,15.84,90.99,0.0,THANU,NORMAL
3.664,-35.0,20.0,90.39,0.0,THANU,WARNING
21.201,-74.35,15.18,12.21,7.31,THANU,WARNING
1.091,-35.0,20.0,12.68,3.66,THANU,NORMAL
1.319,-35.0,19.14,63.46,4.69,THANU,FAILURE
16.012,-49.39,14.87,28.43,2.56,THANU,WARNING
3.333,-35.0,18.43,90.87,12.59,THANU,WARNING
28.948,-72.48,14.07,53.46,10.71,THANU,WARNING
26.868,-65.88,11.8,39.32,6.96,THANU,FAILURE
19.669,-68.28,17.12,95.79,17.96,THANU,NORMAL
2.379,-36.75,17.62,38.61,4.4,THANU,NORMAL
10.083,-35.0,20.0,38.87,10.97,THANU,FAILURE
11.466,-54.1,9.35,21.98,3.33,THANU,NORMAL
14.686,-44.32,19.05,30.0,0.0,THANU,WARNING
5.483,-37.22,20.0,78.44,0.0,THANU,WARNING
17.537,-54.11,19.34,78.38,10.4,THANU,NORMAL
13.355,-41.24,20.0,44.79,1.98,THANU,WARNING
28.445,-83.31,11.47,41.44,5.21,THANU,WARNING
28.118,-64.8,15.0,47.66,7.98,THANU,FAILURE
17.181,-60.73,13.93,37.08,0.0,THANU,WARNING
19.508,-48.98,18.99,64.7,3.97,THANU,NORMAL
4.565,-39.66,20.0,85.29,10.01,THANU,WARNING
7.088,-45.31,20.0,10.84,11.02,THANU,WARNING
27.071,-84.27,12.26,94.24,0.0,THANU,WARNING
21.125,-65.75,14.63,20.62,17.44,THANU,FAILURE
6.088,-35.0,20.0,90.97,0.0,THANU,NORMAL
17.321,-61.54,18.85,31.02,16.18,THANU,FAILURE
28.075,-74.12,15.85,92.53,10.31,THANU,NORMAL
10.683,-36.96,20.0,80.86,11.14,THANU,WARNING
5.982,-35.0,20.0,34.23,3.36,THANU,FAILURE
28.29,-92.86,11.38,12.54,6.6,THANU,WARNING
14.107,-46.29,20.0,74.43,7.48,THANU,FAILURE
12.809,-41.6,20.0,83.96,11.76,THANU,WARNING
8.393,-35.63,16.17,71.18,17.41,THANU,FAILURE
26.802,-70.3,14.08,44.35,12.03,THANU,NORMAL
25.446,-89.41,7.77,21.47,0.0,THANU,NORMAL
12.388,-51.41,17.54,41.23,13.03,THANU,NORMAL
1.403,-35.0,20.0,34.17,0.0,THANU,WARNING
13.676,-54.74,20.0,75.08,18.64,THANU,NORMAL
5.835,-35.0,20.0,24.34,14.03,THANU,FAILURE
4.711,-35.0,20.0,83.76,3.81,THANU,WARNING
12.096,-48.01,16.59,65.07,8.67,THANU,WARNING
3.423,-35.0,20.0,53.43,0.83,THANU,NORMAL
28.745,-84.56,9.42,42.42,14.26,THANU,NORMAL
1.902,-35.0,20.0,55.67,2.11,THANU,WARNING
12.34,-44.74,17.17,58.61,14.27,THANU,NORMAL
5.3,-35.0,19.07,31.33,12.63,THANU,WARNING
20.82,-60.47,19.06,98.99,9.24,THANU,WARNING
2.825,-35.0,20.0,91.86,2.41,THANU,NORMAL
16.631,-55.56,17.66,45.17,7.47,THANU,NORMAL
23.306,-76.72,11.53,32.86,5.56,THANU,NORMAL
28.527,-65.75,15.84,37.63,11.31,THANU,WARNING
21.107,-62.69,15.58,98.22,9.9,THANU,WARNING
3.435,-35.0,20.0,46.64,5.39,THANU,WARNING
3.111,-35.0,20.0,92.07,5.24,THANU,WARNING
22.082,-76.57,17.02,15.31,12.83,THANU,NORMAL
6.852,-35.0,19.28,79.91,6.32,THANU,FAILURE
13.694,-47.5,20.0,78.59,8.64,THANU,WARNING
29.31,-82.07,10.32,68.59,15.46,THANU,WARNING
24.687,-73.78,11.24,20.9,5.77,THANU,WARNING
25.475,-67.61,13.96,98.33,0.0,THANU,NORMAL
25.893,-82.72,13.24,29.15,10.23,THANU,NORMAL
18.777,-60.55,12.9,73.87,0.0,THANU,FAILURE
22.446,-63.93,18.53,77.63,0.0,THANU,NORMAL
11.089,-43.17,18.89,78.39,3.74,THANU,FAILURE
29.954,-84.8,4.08,84.34,5.82,THANU,NORMAL
8.749,-36.34,20.0,99.02,1.84,THANU,FAILURE
17.905,-47.9,17.4,18.64,10.82,THANU,WARNING
8.821,-37.5,18.89,52.5,14.33,THANU,WARNING
3.806,-35.0,20.0,97.74,10.07,THANU,WARNING
17.244,-59.36,15.83,89.39,5.98,THANU,NORMAL
10.924,-36.65,18.25,99.16,0.0,THANU,NORMAL
17.705,-65.5,13.24,62.42,5.11,THANU,WARNING
16.981,-56.98,12.74,70.56,1.16,THANU,FAILURE
16.497,-53.36,17.8,33.74,0.36,THANU,WARNING
4.137,-35.0,20.0,51.25,4.5,THANU,NORMAL
13.485,-52.99,20.0,11.89,0.41,THANU,WARNING
24.454,-67.95,9.85,74.77,2.73,THANU,WARNING
9.797,-35.0,20.0,93.33,5.26,THANU,WARNING
13.593,-43.33,18.17,20.09,0.0,THANU,NORMAL
15.068,-52.52,18.85,50.89,15.58,THANU,WARNING
25.951,-70.15,14.16,66.09,6.97,THANU,WARNING
19.84,-68.27,10.69,66.9,1.28,THANU,WARNING
3.456,-35.0,19.76,37.59,0.0,THANU,FAILURE
26.023,-76.85,13.53,11.78,11.56,THANU,NORMAL
25.046,-73.77,12.44,89.9,8.92,THANU,NORMAL
22.733,-73.56,7.82,18.26,6.9,THANU,NORMAL
14.249,-46.9,17.59,25.99,1.42,THANU,WARNING
22.848,-59.16,18.23,96.65,0.0,THANU,NORMAL
14.623,-41.75,20.0,55.03,8.03,THANU,WARNING
22.23,-57.97,19.28,88.66,13.09,THANU,WARNING
26.463,-78.07,12.1,90.73,8.45,THANU,FAILURE
26.771,-66.17,13.05,99.05,6.05,THANU,NORMAL
13.91,-53.49,18.45,13.66,7.81,THANU,WARNING
25.851,-76.18,12.29,14.77,12.28,THANU,FAILURE
3.493,-35.0,16.91,27.16,8.37,THANU,NORMAL
3.504,-35.78,17.9,69.08,0.9,THANU,WARNING
16.674,-50.12,19.8,33.58,3.75,THANU,NORMAL
19.729,-63.51,14.55,54.61,0.79,THANU,NORMAL
5.013,-35.0,17.95,80.77,8.42,THANU,WARNING
14.429,-53.28,14.91,26.72,5.88,THANU,NORMAL
3.284,-35.0,20.0,35.73,15.01,THANU,NORMAL
18.262,-53.97,11.66,75.48,1.56,THANU,NORMAL
25.725,-76.26,12.53,10.69,6.21,THANU,FAILURE
22.26,-72.12,14.97,78.16,0.11,THANU,NORMAL
11.66,-45.46,20.0,70.87,8.21,THANU,NORMAL
29.817,-84.49,11.19,21.66,0.14,THANU,WARNING
20.057,-50.11,12.28,31.95,0.0,THANU,NORMAL
24.55,-68.07,16.02,11.39,11.9,THANU,NORMAL
20.256,-67.57,15.63,62.33,3.88,THANU,NORMAL
29.688,-83.72,15.62,45.74,3.04,THANU,WARNING
24.73,-72.0,18.15,48.11,7.37,THANU,NORMAL
15.823,-57.94,16.57,19.29,13.1,THANU,WARNING
11.323,-43.2,16.49,41.71,4.64,THANU,NORMAL
20.624,-65.56,16.58,92.71,6.24,THANU,NORMAL
17.912,-61.51,18.62,15.83,8.31,THANU,WARNING
19.066,-52.19,17.82,97.75,0.0,THANU,FAILURE
10.619,-41.94,19.03,86.32,8.78,THANU,NORMAL
13.147,-40.6,20.0,28.27,10.76,THANU,NORMAL
16.964,-61.15,13.14,73.49,15.09,THANU,FAILURE
25.259,-67.65,13.07,18.19,6.66,THANU,FAILURE
23.006,-66.21,16.1,24.37,14.63,THANU,NORMAL
4.0,-35.0,20.0,53.92,0.0,THANU,NORMAL
7.744,-35.0,20.0,46.04,8.56,THANU,WARNING
1.286,-35.0,20.0,83.35,0.58,THANU,NORMAL
0.735,-35.0,17.51,94.53,13.87,THANU,NORMAL
7.119,-41.32,18.14,94.85,11.32,THANU,NORMAL
24.08,-76.3,17.64,23.23,6.53,THANU,NORMAL
27.19,-74.48,13.84,71.76,7.64,THANU,WARNING
12.057,-46.75,18.41,61.37,0.0,THANU,FAILURE
17.114,-57.74,15.06,43.32,4.38,THANU,FAILURE
21.329,-62.07,17.97,99.53,12.98,THANU,NORMAL
28.612,-86.17,8.21,51.04,8.77,THANU,WARNING
27.432,-85.49,13.69,69.88,6.1,THANU,NORMAL
2.187,-35.0,19.53,55.26,4.19,THANU,WARNING
7.821,-35.0,18.4,19.26,9.03,THANU,WARNING
1.95,-35.0,17.43,22.7,0.0,THANU,WARNING
18.688,-62.52,15.27,77.51,0.48,THANU,WARNING
21.46,-61.38,15.78,82.15,6.55,THANU,WARNING
9.594,-47.92,15.63,42.74,2.06,THANU,WARNING
25.689,-70.45,11.81,16.03,11.92,THANU,FAILURE
13.858,-43.48,13.28,96.13,0.0,THANU,WARNING
29.952,-85.5,9.74,54.74,7.91,THANU,NORMAL
0.512,-35.0,20.0,22.07,0.28,THANU,NORMAL
3.73,-37.07,14.11,27.86,1.66,THANU,WARNING
9.403,-49.41,19.13,14.08,4.53,THANU,WARNING
1.252,-35.0,20.0,73.89,17.44,THANU,WARNING
23.579,-73.54,12.02,73.37,14.19,THANU,WARNING
2.057,-35.0,20.0,64.23,6.35,THANU,WARNING
22.595,-72.82,11.22,59.17,1.59,THANU,NORMAL
2.051,-35.0,18.92,44.33,9.28,THANU,NORMAL
7.955,-45.44,20.0,95.56,13.4,THANU,NORMAL
25.318,-70.44,6.54,82.05,12.27,THANU,NORMAL
28.557,-81.96,10.23,91.69,3.65,THANU,NORMAL
12.729,-35.0,20.0,38.05,0.14,THANU,NORMAL
29.113,-77.9,11.68,98.05,5.3,THANU,NORMAL
18.993,-62.22,19.01,24.88,16.96,THANU,NORMAL
12.767,-43.84,19.55,15.06,10.68,THANU,FAILURE
24.183,-63.84,15.82,38.79,1.68,THANU,NORMAL
9.212,-39.67,20.0,28.12,0.06,THANU,NORMAL
8.341,-38.07,17.59,56.58,10.51,THANU,NORMAL
19.868,-61.37,17.19,41.52,3.45,THANU,WARNING
12.019,-51.98,20.0,25.46,0.0,THANU,WARNING
4.51,-35.0,15.25,85.98,6.86,THANU,FAILURE
2.475,-35.0,18.08,55.72,9.39,THANU,WARNING
23.741,-58.86,17.39,19.86,1.88,THANU,FAILURE
20.439,-51.67,16.87,16.78,11.98,THANU,FAILURE
12.648,-58.66,15.99,44.49,6.32,THANU,WARNING
26.939,-81.89,12.24,91.72,13.84,THANU,FAILURE
12.62,-38.51,16.55,55.72,10.92,THANU,NORMAL
21.454,-61.72,13.32,22.52,9.06,THANU,NORMAL
27.319,-74.29,13.98,32.2,0.0,THANU,NORMAL
25.301,-72.2,11.84,14.45,3.05,THANU,NORMAL
15.578,-37.7,16.21,84.87,13.46,THANU,FAILURE
20.579,-65.42,13.38,95.14,16.41,THANU,NORMAL
12.703,-47.33,19.19,17.0,8.07,THANU,WARNING
19.592,-59.9,20.0,25.57,5.84,THANU,WARNING
8.098,-39.16,19.09,25.4,1.36,THANU,WARNING
13.325,-43.34,19.76,82.33,4.75,THANU,NORMAL
6.682,-37.75,17.07,85.53,5.3,THANU,WARNING
1.626,-35.0,14.78,47.73,11.54,THANU,NORMAL
17.862,-56.3,13.36,97.24,2.05,THANU,WARNING
26.001,-73.88,12.75,33.35,16.14,THANU,WARNING
1.255,-35.0,20.0,57.26,8.05,THANU,NORMAL
6.283,-35.0,18.89,99.67,9.1,THANU,NORMAL
14.075,-42.54,19.24,84.44,4.65,THANU,WARNING
20.144,-57.53,17.67,53.85,10.53,THANU,FAILURE
5.551,-35.0,14.28,19.77,0.0,THANU,WARNING
2.172,-35.0,20.0,91.39,17.38,THANU,NORMAL
15.812,-55.61,14.32,58.79,7.62,THANU,NORMAL
24.652,-79.19,14.06,37.75,16.2,THANU,FAILURE
1.539,-35.0,20.0,50.61,5.41,THANU,WARNING
10.806,-35.0,20.0,37.98,1.9,THANU,NORMAL
20.074,-65.12,15.76,59.59,15.0,THANU,FAILURE
4.357,-35.0,20.0,34.56,0.0,THANU,WARNING
7.46,-35.0,20.0,50.14,4.01,THANU,NORMAL
16.297,-53.98,14.38,48.36,0.95,THANU,WARNING
28.62,-79.42,12.7,65.45,0.0,THANU,FAILURE
8.977,-47.36,18.5,11.27,11.37,THANU,WARNING
14.882,-55.31,20.0,63.89,7.07,THANU,NORMAL
12.298,-40.41,18.28,63.38,15.19,THANU,FAILURE
26.973,-77.19,15.41,45.31,15.55,THANU,FAILURE
2.621,-35.0,20.0,32.22,8.49,THANU,WARNING
17.201,-56.33,14.77,85.53,8.5,THANU,NORMAL
25.461,-78.48,15.83,41.03,5.62,THANU,WARNING
29.649,-97.26,7.62,38.06,13.92,THANU,NORMAL
21.112,-63.78,12.99,51.69,13.18,THANU,WARNING
11.708,-41.86,17.05,35.02,12.43,THANU,WARNING
12.649,-44.39,20.0,84.77,11.2,THANU,FAILURE
10.875,-49.43,19.09,60.85,9.33,THANU,WARNING
18.307,-54.24,14.46,77.89,5.73,THANU,FAILURE
22.312,-54.96,17.53,77.08,15.5,THANU,WARNING
24.674,-70.42,14.11,80.94,14.42,THANU,WARNING
12.789,-44.11,20.0,88.23,2.42,THANU,WARNING
21.643,-51.33,20.0,92.75,0.0,THANU,NORMAL
27.529,-66.48,12.43,44.52,14.61,THANU,FAILURE
27.664,-77.8,9.11,49.93,2.69,THANU,WARNING
21.269,-65.34,18.22,14.51,10.97,THANU,NORMAL
19.289,-54.38,17.36,93.31,10.83,THANU,NORMAL
16.18,-52.78,18.93,62.84,0.0,THANU,WARNING
5.904,-35.0,19.99,74.11,4.46,THANU,NORMAL
4.147,-40.44,18.93,49.24,4.74,THANU,NORMAL
14.828,-47.79,15.03,52.65,15.27,THANU,WARNING
5.204,-35.0,20.0,58.89,3.69,THANU,NORMAL
17.521,-52.18,17.86,81.58,6.39,THANU,WARNING
19.548,-58.35,18.64,65.17,5.13,THANU,NORMAL
16.006,-53.39,18.93,83.01,6.52,THANU,WARNING
1.575,-35.0,19.71,29.5,1.57,THANU,NORMAL
2.203,-40.21,20.0,28.53,6.76,THANU,NORMAL
3.844,-35.0,20.0,28.61,2.45,THANU,NORMAL
5.033,-39.0,20.0,10.44,9.84,THANU,NORMAL
29.702,-88.8,5.76,26.12,7.44,THANU,NORMAL
10.663,-54.05,10.93,20.69,8.02,THANU,WARNING
9.113,-48.08,13.42,50.84,0.0,THANU,WARNING
2.042,-35.0,20.0,21.45,1.63,THANU,NORMAL
19.242,-59.71,14.52,47.43,14.66,THANU,NORMAL
19.74,-55.44,13.74,99.96,9.59,THANU,WARNING
5.676,-37.69,20.0,55.3,3.96,THANU,NORMAL
27.618,-73.05,14.82,93.22,4.89,THANU,FAILURE
24.115,-69.09,11.57,73.17,1.31,THANU,NORMAL
7.294,-38.57,15.0,90.49,5.17,THANU,NORMAL
14.833,-55.89,17.09,66.3,0.0,THANU,WARNING
14.023,-41.62,17.93,82.91,4.94,THANU,WARNING
10.781,-49.61,20.0,37.25,2.37,THANU,NORMAL
24.62,-61.75,19.23,43.47,7.56,THANU,WARNING
3.723,-35.0,20.0,96.42,2.38,THANU,NORMAL
12.752,-56.03,15.39,34.08,7.67,THANU,WARNING
13.127,-58.58,15.99,47.92,13.31,THANU,WARNING
14.327,-52.84,20.0,68.6,6.81,THANU,WARNING
25.91,-64.56,13.34,45.32,11.03,THANU,WARNING
6.936,-38.37,19.8,11.89,0.0,THANU,WARNING
3.536,-35.0,20.0,81.3,19.05,THANU,FAILURE
18.725,-60.62,13.05,40.21,0.0,THANU,WARNING
5.628,-37.42,20.0,30.49,0.34,THANU,WARNING
2.71,-43.3,19.49,55.5,6.78,THANU,NORMAL
13.086,-37.17,20.0,10.76,6.72,THANU,NORMAL
6.98,-35.04,20.0,87.75,0.0,THANU,WARNING
11.156,-36.06,15.39,33.52,3.41,THANU,NORMAL
8.161,-35.0,20.0,93.05,3.26,THANU,WARNING
3.233,-35.0,18.54,71.0,6.64,THANU,NORMAL
17.03,-53.91,17.43,59.38,12.54,THANU,WARNING
1.297,-35.0,19.24,82.56,14.92,THANU,NORMAL
29.008,-71.25,12.76,99.39,5.19,THANU,NORMAL
10.569,-40.55,17.88,32.61,13.89,THANU,WARNING
21.007,-56.57,15.82,41.96,13.42,THANU,NORMAL
24.406,-70.18,9.96,53.6,8.93,THANU,FAILURE
8.734,-35.0,20.0,58.55,0.0,THANU,FAILURE
22.588,-60.46,15.16,59.77,9.55,THANU,FAILURE
25.056,-69.51,19.25,59.41,0.0,THANU,NORMAL
7.619,-35.0,19.85,84.54,0.0,THANU,NORMAL
29.779,-86.92,9.9,46.41,2.03,THANU,WARNING
1.11,-35.0,18.05,10.99,7.78,THANU,NORMAL
6.902,-50.23,20.0,88.81,3.49,THANU,WARNING
23.511,-67.41,11.7,69.6,3.59,THANU,WARNING
6.227,-35.0,18.0,27.05,0.0,THANU,WARNING
21.099,-70.17,14.09,12.66,13.37,THANU,WARNING
25.738,-77.54,12.5,38.42,8.27,THANU,NORMAL
28.797,-77.28,10.35,21.2,0.0,THANU,WARNING
14.49,-53.55,18.45,90.71,0.0,THANU,NORMAL
29.148,-78.46,5.86,35.01,7.71,THANU,NORMAL
12.643,-53.33,15.44,73.51,10.65,THANU,NORMAL
6.935,-41.27,15.51,69.22,7.67,THANU,FAILURE
15.661,-56.64,16.05,74.26,14.95,THANU,WARNING
19.67,-52.4,20.0,57.7,3.97,THANU,WARNING
14.01,-45.16,12.82,75.67,18.96,THANU,NORMAL
17.226,-60.71,17.07,56.12,6.71,THANU,FAILURE
12.784,-43.72,17.94,43.98,0.49,THANU,NORMAL
15.98,-62.56,13.47,87.26,0.0,THANU,WARNING
28.602,-78.79,14.62,51.29,10.17,THANU,NORMAL
15.245,-53.2,11.27,61.12,9.52,THANU,WARNING
7.969,-35.92,17.94,51.85,18.48,THANU,WARNING
22.883,-69.67,10.53,79.79,11.73,THANU,NORMAL
10.459,-43.14,14.1,58.58,12.53,THANU,WARNING
24.578,-76.98,13.77,52.37,7.73,THANU,FAILURE
2.177,-36.93,20.0,33.2,10.97,THANU,FAILURE
10.299,-38.9,20.0,92.04,1.37,THANU,WARNING
3.284,-35.0,20.0,87.69,11.08,THANU,WARNING
3.017,-35.0,20.0,48.83,1.47,THANU,WARNING
19.922,-67.82,15.48,69.37,3.65,THANU,NORMAL
11.867,-42.85,18.08,55.73,3.92,THANU,WARNING
26.209,-76.62,14.03,25.86,8.15,THANU,WARNING
15.734,-45.52,18.02,43.84,2.14,THANU,WARNING
9.213,-38.09,20.0,86.79,6.12,THANU,NORMAL
21.766,-71.96,16.57,81.77,4.47,THANU,WARNING
18.908,-60.87,13.21,19.22,12.96,THANU,WARNING
24.088,-59.01,11.46,16.78,0.0,THANU,WARNING
19.486,-60.56,13.49,86.82,0.0,THANU,WARNING
5.427,-36.28,20.0,90.94,4.53,THANU,NORMAL
20.274,-55.68,20.0,36.48,4.36,THANU,FAILURE
12.051,-41.27,14.59,41.44,15.64,THANU,WARNING
14.163,-55.54,19.94,40.22,10.35,THANU,WARNING
27.686,-84.29,8.8,21.43,11.46,THANU,WARNING
11.119,-48.93,16.54,77.05,6.81,THANU,NORMAL
18.553,-66.82,18.37,43.31,11.69,THANU,WARNING
11.223,-39.5,20.0,85.26,3.48,THANU,NORMAL
3.294,-35.0,20.0,89.07,2.34,THANU,NORMAL
13.879,-40.81,18.64,92.15,8.14,THANU,NORMAL
18.113,-57.04,19.94,83.61,5.29,THANU,FAILURE
12.521,-50.23,17.15,81.0,0.0,THANU,FAILURE
12.025,-41.44,19.81,50.45,0.0,THANU,FAILURE
24.701,-73.59,14.98,12.43,11.73,THANU,NORMAL
1.376,-35.0,19.9,20.09,0.0,THANU,WARNING
9.22,-35.0,20.0,57.78,10.34,THANU,NORMAL
24.447,-67.46,11.87,42.4,4.65,THANU,NORMAL
27.656,-78.1,14.57,84.62,14.05,THANU,NORMAL
12.663,-39.7,18.69,60.68,0.22,THANU,WARNING
26.719,-75.7,15.33,18.9,5.9,THANU,WARNING
6.368,-39.42,20.0,53.07,9.42,THANU,FAILURE
7.032,-38.52,20.0,83.98,0.68,THANU,WARNING
25.463,-81.1,9.02,87.68,15.23,THANU,NORMAL
27.146,-81.68,11.84,24.95,5.12,THANU,FAILURE
7.073,-43.52,18.43,19.03,0.0,THANU,WARNING
2.25,-35.0,18.87,44.83,6.39,THANU,WARNING
3.165,-35.0,19.88,15.9,8.83,THANU,WARNING
8.211,-37.4,19.6,75.37,2.85,THANU,WARNING
22.963,-69.06,14.43,50.28,12.25,THANU,WARNING
15.545,-40.75,18.68,27.84,0.0,THANU,FAILURE
13.94,-37.59,17.36,19.22,0.0,THANU,FAILURE
17.732,-64.81,17.66,93.46,2.76,THANU,FAILURE
26.762,-86.12,10.43,13.88,0.0,THANU,NORMAL
3.168,-35.0,19.81,18.81,15.42,THANU,WARNING
20.994,-61.85,15.19,31.08,10.92,THANU,WARNING
27.84,-86.4,10.98,18.52,10.41,THANU,WARNING
6.794,-35.0,16.34,67.99,15.34,THANU,NORMAL
25.214,-77.81,3.84,29.64,0.05,THANU,WARNING
21.092,-70.72,18.79,53.19,4.61,THANU,NORMAL
0.927,-35.0,20.0,87.42,0.67,THANU,NORMAL
7.333,-35.0,20.0,84.23,7.03,THANU,NORMAL
18.372,-53.97,19.91,23.16,1.32,THANU,WARNING
15.321,-55.57,14.15,17.99,14.74,THANU,NORMAL
16.074,-60.22,12.69,69.78,3.9,THANU,WARNING
7.342,-36.36,20.0,28.93,0.0,THANU,NORMAL
20.413,-52.73,18.48,80.33,7.79,THANU,FAILURE
8.359,-38.15,19.59,49.1,0.0,THANU,FAILURE
11.988,-56.05,17.1,23.91,0.51,THANU,FAILURE
11.383,-48.37,20.0,97.68,15.01,THANU,NORMAL
20.325,-60.56,9.38,15.01,14.74,THANU,NORMAL
3.162,-35.0,19.7,21.19,5.12,THANU,WARNING
6.563,-35.0,20.0,83.08,8.15,THANU,FAILURE
6.415,-35.0,13.93,50.74,0.0,THANU,WARNING
3.699,-35.0,19.8,94.42,11.47,THANU,NORMAL
6.624,-47.69,17.52,20.17,10.88,THANU,WARNING
18.408,-56.97,11.61,24.13,1.52,THANU,NORMAL
22.099,-55.57,20.0,10.16,4.93,THANU,WARNING
19.979,-64.96,14.76,29.54,11.47,THANU,NORMAL
14.518,-57.82,20.0,69.15,12.41,THANU,WARNING
2.047,-35.0,16.14,75.1,5.88,THANU,WARNING
28.791,-76.39,9.38,48.69,2.68,THANU,WARNING
5.458,-36.77,15.72,33.16,20.89,THANU,WARNING
20.218,-65.45,16.63,74.47,12.92,THANU,NORMAL
27.43,-73.49,14.85,25.53,9.5,THANU,NORMAL
21.084,-67.2,16.24,79.04,0.0,THANU,NORMAL
6.932,-35.0,17.27,80.79,14.04,THANU,WARNING
9.816,-43.23,20.0,49.7,2.56,THANU,WARNING
1.391,-35.0,20.0,27.42,4.07,THANU,NORMAL
18.576,-61.65,19.8,66.69,12.89,THANU,NORMAL
18.583,-62.33,12.46,86.81,0.0,THANU,WARNING
21.902,-64.85,19.63,57.66,5.05,THANU,WARNING
0.824,-35.0,20.0,51.5,6.13,THANU,FAILURE
24.626,-65.69,14.37,98.13,0.23,THANU,WARNING
22.292,-50.7,14.77,58.37,14.26,THANU,WARNING
4.656,-35.0,20.0,13.08,9.49,THANU,NORMAL
10.755,-40.58,20.0,55.18,9.88,THANU,NORMAL
19.336,-61.85,17.54,50.07,0.75,THANU,NORMAL
15.126,-58.22,14.45,36.29,0.69,THANU,WARNING
3.895,-35.0,20.0,38.56,13.31,THANU,NORMAL
3.077,-35.0,17.38,93.77,10.27,THANU,WARNING
23.553,-67.16,14.68,22.02,3.34,THANU,WARNING
5.101,-35.0,15.8,78.76,17.01,THANU,NORMAL
5.577,-35.0,19.31,91.22,12.59,THANU,FAILURE
25.012,-62.24,19.77,33.35,5.52,THANU,NORMAL
18.558,-57.56,20.0,16.01,1.13,THANU,WARNING
18.339,-45.01,17.87,37.64,0.0,THANU,NORMAL
14.641,-66.4,16.55,48.96,15.38,THANU,WARNING
17.285,-51.71,20.0,95.63,10.47,THANU,NORMAL
18.252,-57.47,20.0,48.71,0.0,THANU,WARNING
29.051,-78.88,11.05,18.29,0.4,THANU,NORMAL
7.078,-35.0,17.41,23.22,9.39,THANU,NORMAL
6.83,-35.05,20.0,41.75,0.32,THANU,NORMAL
2.188,-35.0,20.0,26.58,7.79,THANU,WARNING
19.917,-63.24,12.19,15.45,1.27,THANU,FAILURE
16.697,-41.98,13.48,25.77,0.0,THANU,WARNING
3.782,-35.0,20.0,19.49,5.18,THANU,WARNING
11.254,-52.8,18.1,28.24,0.0,THANU,WARNING
5.771,-35.0,20.0,99.68,7.67,THANU,NORMAL
10.279,-46.94,18.54,50.09,14.16,THANU,FAILURE
28.562,-88.33,9.93,69.27,10.26,THANU,WARNING
20.658,-71.88,9.97,24.88,10.42,THANU,WARNING
0.723,-35.0,20.0,86.44,11.08,THANU,NORMAL
7.949,-38.05,20.0,34.02,4.55,THANU,WARNING
0.806,-35.0,20.0,98.42,0.0,THANU,WARNING
21.589,-66.59,13.88,85.3,7.1,THANU,WARNING
14.348,-46.83,19.05,95.58,5.58,THANU,WARNING
29.824,-79.68,7.32,70.15,2.14,THANU,NORMAL
22.141,-82.88,7.88,69.23,8.26,THANU,FAILURE
15.778,-57.5,18.55,85.7,9.66,THANU,WARNING
24.239,-72.95,19.76,74.38,9.04,THANU,WARNING
21.292,-60.62,16.76,64.56,4.55,THANU,WARNING
7.691,-41.37,18.91,42.24,9.82,THANU,WARNING
16.143,-46.51,13.41,30.06,0.0,THANU,WARNING
16.902,-52.97,17.9,80.4,0.2,THANU,WARNING
13.811,-52.68,20.0,44.74,10.61,THANU,NORMAL
5.786,-37.44,18.54,15.51,11.15,THANU,NORMAL
7.089,-35.9,18.86,53.17,19.52,THANU,FAILURE
8.791,-35.0,17.89,69.18,11.58,THANU,NORMAL
0.803,-35.0,20.0,12.07,8.59,THANU,WARNING
27.55,-69.28,14.25,73.46,0.0,THANU,NORMAL
20.74,-59.57,15.0,30.22,2.51,THANU,WARNING
20.844,-62.44,17.6,30.01,11.36,THANU,NORMAL
17.384,-63.77,13.15,60.66,0.99,THANU,FAILURE
20.835,-60.6,12.21,40.36,9.64,THANU,NORMAL
29.465,-74.88,13.81,50.55,7.42,THANU,NORMAL
11.862,-49.97,17.36,56.17,16.18,THANU,NORMAL
21.52,-52.29,17.75,92.89,13.25,THANU,WARNING
11.106,-45.97,20.0,28.44,19.26,THANU,WARNING
25.702,-81.84,13.45,51.79,4.88,THANU,NORMAL
25.812,-79.26,8.59,80.74,14.37,THANU,WARNING
27.117,-64.87,14.82,28.47,3.74,THANU,NORMAL
0.661,-35.0,19.78,17.41,2.03,THANU,NORMAL
9.297,-38.08,19.34,11.6,0.0,THANU,FAILURE
4.451,-36.35,17.11,19.34,11.81,THANU,NORMAL
13.893,-52.44,16.44,34.71,9.59,THANU,FAILURE
15.116,-63.07,13.11,46.83,12.63,THANU,NORMAL
8.049,-43.99,17.95,63.44,10.28,THANU,WARNING
21.842,-68.27,14.39,28.01,4.87,THANU,WARNING
8.458,-35.0,20.0,34.27,6.01,THANU,FAILURE
25.69,-70.67,8.82,72.92,7.36,THANU,WARNING
5.741,-36.82,19.04,91.81,5.13,THANU,NORMAL
11.333,-35.0,19.16,22.2,8.33,THANU,NORMAL
18.856,-68.02,16.35,52.53,5.93,THANU,NORMAL
18.357,-69.38,15.09,36.59,4.53,THANU,NORMAL
2.802,-35.19,20.0,57.52,13.09,THANU,WARNING
25.465,-68.65,15.04,20.72,0.0,THANU,FAILURE
18.143,-57.53,16.77,34.39,12.8,THANU,WARNING
26.161,-67.02,14.48,73.8,10.14,THANU,NORMAL
26.095,-82.36,14.88,83.74,8.09,THANU,NORMAL
16.605,-54.4,20.0,65.95,0.83,THANU,WARNING
27.368,-78.7,13.47,95.0,9.78,THANU,FAILURE
25.528,-66.47,16.43,68.76,7.76,THANU,NORMAL
28.765,-92.81,5.95,77.19,16.02,THANU,FAILURE
25.59,-65.97,13.94,42.17,17.21,THANU,FAILURE
24.726,-73.27,12.89,25.29,8.98,THANU,NORMAL
14.346,-54.5,15.54,69.21,13.35,THANU,NORMAL
6.755,-36.5,20.0,92.72,3.93,THANU,WARNING
27.366,-76.39,13.4,98.37,6.73,THANU,WARNING
21.815,-56.34,16.2,50.5,0.0,THANU,NORMAL
8.812,-35.0,16.99,58.57,5.4,THANU,NORMAL
10.559,-53.44,19.4,38.01,2.48,THANU,NORMAL
20.739,-60.25,17.47,70.53,0.0,THANU,WARNING
14.596,-57.73,14.34,78.87,11.04,THANU,FAILURE
2.904,-35.0,19.45,13.71,4.29,THANU,NORMAL
4.673,-35.0,19.23,86.2,0.0,THANU,NORMAL
22.497,-66.42,15.5,56.24,16.37,THANU,FAILURE
10.193,-52.89,16.19,62.17,12.74,THANU,NORMAL
15.476,-57.26,13.27,28.56,15.24,THANU,NORMAL
23.115,-60.54,20.0,10.93,2.87,THANU,WARNING
22.66,-69.56,14.74,95.7,11.79,THANU,NORMAL
5.427,-39.18,16.33,93.56,0.0,THANU,WARNING
3.403,-35.0,17.19,79.69,1.67,THANU,WARNING
17.939,-59.1,18.38,52.62,9.26,THANU,NORMAL
22.378,-77.35,9.36,38.59,7.41,THANU,NORMAL
4.897,-35.0,19.0,24.05,6.83,THANU,NORMAL
11.473,-39.96,16.18,17.28,7.58,THANU,NORMAL
26.173,-67.75,12.3,51.16,1.35,THANU,WARNING
28.355,-81.94,13.8,81.3,4.88,THANU,WARNING
13.895,-56.12,16.71,75.33,1.58,THANU,FAILURE
2.846,-35.0,19.09,78.03,0.0,THANU,WARNING
8.102,-35.0,16.14,20.68,5.44,THANU,WARNING
7.373,-39.31,16.54,87.65,3.78,THANU,WARNING
7.549,-38.25,18.83,82.36,7.83,THANU,WARNING
15.07,-52.02,17.65,18.47,13.82,THANU,WARNING
17.705,-60.16,17.36,42.09,12.81,THANU,NORMAL
4.114,-35.0,17.38,43.77,10.18,THANU,WARNING
26.736,-75.38,14.08,76.16,4.71,THANU,NORMAL
18.789,-66.06,15.62,87.44,7.29,THANU,FAILURE
18.119,-66.54,15.37,43.82,0.52,THANU,WARNING
29.625,-73.63,7.25,21.78,11.12,THANU,WARNING
19.03,-71.67,13.97,17.43,12.46,THANU,WARNING
27.904,-67.75,13.35,67.5,10.57,THANU,WARNING
8.945,-35.98,20.0,54.82,0.13,THANU,WARNING
7.584,-35.0,20.0,91.18,1.44,THANU,FAILURE
15.737,-58.19,11.36,95.82,0.0,THANU,WARNING
15.504,-47.72,20.0,90.83,9.07,THANU,NORMAL
7.181,-35.95,13.23,16.81,10.61,THANU,NORMAL
21.14,-62.22,14.61,35.58,2.22,THANU,NORMAL
1.374,-35.0,20.0,31.49,0.0,THANU,WARNING
20.874,-70.37,10.55,16.18,0.49,THANU,WARNING
13.987,-54.47,17.93,92.64,10.25,THANU,WARNING
20.826,-62.01,13.36,90.53,0.0,THANU,FAILURE
14.574,-47.39,19.22,45.17,10.45,THANU,WARNING
29.331,-76.52,12.2,96.28,5.94,THANU,WARNING
10.373,-38.59,19.77,60.7,0.0,THANU,NORMAL
29.486,-85.75,15.31,49.06,4.15,THANU,WARNING
2.417,-35.0,20.0,59.47,1.24,THANU,FAILURE
20.671,-70.94,12.0,47.99,9.69,THANU,WARNING
13.899,-36.9,20.0,36.27,10.09,THANU,FAILURE
24.753,-63.31,15.83,26.3,0.0,THANU,FAILURE
23.794,-75.69,10.39,51.46,2.69,THANU,NORMAL
24.106,-71.08,12.71,57.77,12.74,THANU,NORMAL
3.295,-35.0,20.0,83.95,6.27,THANU,NORMAL
24.76,-64.01,12.42,52.6,18.19,THANU,WARNING
6.814,-39.71,18.91,84.65,3.02,THANU,WARNING
1.258,-35.0,20.0,95.92,20.7,THANU,NORMAL
6.923,-39.83,20.0,74.93,16.94,THANU,WARNING
14.639,-48.52,18.79,20.77,2.29,THANU,WARNING
22.392,-60.84,13.62,51.51,13.54,THANU,FAILURE
6.95,-35.0,20.0,87.1,0.0,THANU,NORMAL
3.834,-36.39,15.53,54.25,1.95,THANU,WARNING
19.556,-57.56,13.23,82.97,0.33,THANU,WARNING
29.525,-87.26,14.55,79.83,11.44,THANU,FAILURE
18.226,-56.93,20.0,24.39,14.02,THANU,NORMAL
20.886,-55.45,14.61,39.65,5.68,THANU,WARNING
17.054,-63.89,11.22,78.75,11.09,THANU,FAILURE
23.579,-71.09,9.87,24.33,9.32,THANU,NORMAL
29.286,-73.66,11.21,48.05,6.21,THANU,NORMAL
16.552,-47.86,18.92,22.36,14.19,THANU,FAILURE
12.795,-57.24,13.97,31.21,6.48,THANU,NORMAL
25.88,-69.22,13.05,35.71,10.88,THANU,FAILURE
29.107,-77.34,11.49,57.72,0.0,THANU,NORMAL
4.311,-35.0,20.0,92.07,2.17,THANU,WARNING
17.556,-68.3,11.74,44.7,13.61,THANU,WARNING
23.878,-64.21,14.96,86.5,6.3,THANU,WARNING
16.234,-53.26,20.0,72.57,2.37,THANU,WARNING
12.571,-54.83,16.82,80.24,12.25,THANU,WARNING
19.829,-54.26,16.79,78.6,0.0,THANU,NORMAL
8.469,-40.59,18.91,37.19,14.15,THANU,FAILURE
10.799,-44.82,19.21,31.26,10.88,THANU,NORMAL
29.772,-82.9,11.44,97.98,1.73,THANU,NORMAL
19.276,-52.69,18.59,76.4,0.63,THANU,WARNING
26.251,-68.84,18.74,42.92,13.92,THANU,NORMAL
24.329,-70.35,12.56,59.89,2.87,THANU,NORMAL
19.742,-56.97,15.42,79.83,0.0,THANU,FAILURE
25.302,-64.42,19.87,15.02,0.0,THANU,WARNING
8.971,-41.79,18.17,18.91,8.46,THANU,NORMAL
19.295,-60.53,15.15,12.26,16.47,THANU,FAILURE
17.923,-59.31,16.33,24.77,17.06,THANU,NORMAL
18.861,-67.87,12.89,20.74,5.2,THANU,NORMAL
5.475,-35.0,20.0,51.67,7.27,THANU,WARNING
8.679,-47.25,15.03,35.85,15.66,THANU,WARNING
8.956,-38.69,14.83,14.1,6.97,THANU,WARNING
18.257,-58.17,12.23,50.45,9.5,THANU,FAILURE
29.19,-88.59,13.77,62.07,5.74,THANU,NORMAL
28.645,-83.83,17.3,43.32,3.44,THANU,NORMAL
7.202,-39.95,15.14,33.43,10.98,THANU,WARNING
9.493,-43.93,19.48,45.14,3.99,THANU,NORMAL
1.564,-35.0,20.0,56.79,9.71,THANU,FAILURE
12.265,-44.73,16.28,49.24,14.6,THANU,WARNING
25.123,-60.56,17.68,18.39,12.17,THANU,WARNING
27.515,-85.21,12.86,51.12,0.0,THANU,WARNING
7.477,-36.49,20.0,74.83,13.46,THANU,NORMAL
8.341,-48.33,20.0,83.8,5.74,THANU,FAILURE
7.015,-35.0,20.0,49.56,5.52,THANU,WARNING
10.828,-36.93,20.0,99.44,3.27,THANU,NORMAL
24.24,-71.57,14.5,85.86,4.0,THANU,WARNING
19.582,-71.58,15.7,29.38,13.49,THANU,NORMAL
23.685,-64.5,19.98,51.11,0.18,THANU,NORMAL
17.699,-63.95,14.16,36.59,4.04,THANU,WARNING
8.103,-35.0,19.07,59.52,0.0,THANU,WARNING
7.226,-35.0,20.0,30.17,12.91,THANU,FAILURE
0.766,-35.0,17.91,13.17,0.0,THANU,NORMAL
23.539,-68.61,8.47,91.39,1.01,THANU,NORMAL
25.49,-81.64,6.51,56.78,6.57,THANU,FAILURE
23.164,-69.04,16.73,92.35,12.29,THANU,WARNING
2.695,-35.0,19.26,20.63,11.22,THANU,FAILURE
22.986,-63.3,10.36,23.63,2.1,THANU,NORMAL
1.85,-35.0,19.3,30.38,0.0,THANU,WARNING
3.615,-35.0,18.33,51.14,6.47,THANU,WARNING
13.494,-55.94,13.54,89.2,7.52,THANU,WARNING
14.546,-35.0,19.68,68.54,2.91,THANU,WARNING
24.575,-69.55,17.34,14.95,2.85,THANU,NORMAL
20.546,-53.08,18.71,46.65,14.96,THANU,NORMAL
5.023,-35.0,20.0,75.09,0.0,THANU,NORMAL
7.171,-35.0,20.0,39.01,10.6,THANU,WARNING
8.927,-46.25,20.0,54.33,8.04,THANU,NORMAL
4.148,-35.0,20.0,74.03,17.63,THANU,WARNING
8.986,-51.24,18.88,96.85,5.14,THANU,WARNING
21.994,-59.08,15.19,39.99,5.26,THANU,NORMAL
7.621,-41.1,20.0,76.99,6.03,THANU,NORMAL
25.143,-81.46,11.24,77.27,4.29,THANU,WARNING
14.351,-48.59,19.49,58.84,1.7,THANU,WARNING
10.027,-52.66,15.52,83.2,5.2,THANU,WARNING
12.666,-58.33,18.41,58.25,1.56,THANU,WARNING
21.43,-67.67,17.55,66.25,16.94,THANU,WARNING
15.745,-62.19,16.98,85.35,15.07,THANU,WARNING
0.715,-35.0,20.0,52.86,12.86,THANU,NORMAL
27.709,-69.96,17.09,53.02,3.07,THANU,NORMAL
2.447,-35.0,20.0,63.19,0.0,THANU,WARNING
28.189,-76.32,12.5,82.38,0.88,THANU,WARNING
1.331,-35.0,20.0,21.45,10.08,THANU,NORMAL
23.244,-64.63,14.24,79.41,0.0,THANU,FAILURE
16.273,-47.33,18.83,36.53,12.66,THANU,NORMAL
15.419,-64.64,13.71,16.39,7.78,THANU,FAILURE
2.647,-35.0,16.78,81.3,0.0,THANU,WARNING
7.543,-35.0,20.0,23.06,4.36,THANU,WARNING
23.438,-81.48,9.51,29.19,13.47,THANU,FAILURE
26.792,-80.32,13.75,73.56,7.4,THANU,FAILURE
16.109,-49.97,20.0,60.81,3.2,THANU,WARNING
10.924,-38.95,19.64,92.84,3.07,THANU,WARNING
2.268,-35.0,20.0,95.89,3.81,THANU,WARNING
20.624,-55.23,15.82,38.26,1.4,THANU,WARNING
8.714,-37.86,19.26,39.18,11.56,THANU,NORMAL
2.123,-35.0,19.87,28.88,9.65,THANU,FAILURE
20.143,-65.48,14.1,56.59,13.06,THANU,WARNING
14.829,-52.47,16.65,44.02,7.42,THANU,FAILURE
0.853,-35.0,20.0,11.32,13.08,JESS,WARNING
3.772,-35.0,20.0,45.55,0.0,JESS,NORMAL
21.126,-59.3,13.45,15.55,1.93,JESS,WARNING
2.378,-35.0,20.0,81.91,14.56,JESS,FAILURE
26.046,-79.13,11.83,93.6,7.09,JESS,NORMAL
9.684,-44.52,18.08,36.62,0.0,JESS,WARNING
3.116,-35.0,20.0,68.56,0.0,JESS,WARNING
22.913,-67.71,16.14,17.97,2.78,JESS,WARNING
15.971,-55.43,14.77,42.72,9.15,JESS,NORMAL
9.546,-44.88,20.0,61.83,7.47,JESS,NORMAL
12.48,-57.11,13.48,19.38,15.44,JESS,NORMAL
1.132,-35.0,20.0,43.94,5.09,JESS,NORMAL
20.05,-62.92,12.9,95.97,0.0,JESS,NORMAL
11.29,-40.11,17.51,24.95,2.82,JESS,WARNING
21.564,-56.54,19.78,65.82,8.52,JESS,NORMAL
19.031,-55.24,16.39,85.0,5.99,JESS,WARNING
19.712,-56.0,18.91,79.41,9.97,JESS,NORMAL
23.89,-77.89,10.23,79.42,9.43,JESS,WARNING
19.119,-61.14,10.68,15.32,15.54,JESS,NORMAL
12.852,-56.47,18.33,97.62,0.43,JESS,WARNING
12.003,-35.0,20.0,75.44,3.59,JESS,WARNING
4.028,-35.0,19.59,95.89,10.56,JESS,NORMAL
23.494,-71.18,15.05,98.13,7.93,JESS,WARNING
22.953,-62.83,14.29,42.13,3.76,JESS,NORMAL
7.766,-38.31,20.0,58.9,3.53,JESS,WARNING
25.949,-81.32,15.21,75.65,7.61,JESS,WARNING
17.876,-59.49,14.58,86.42,2.96,JESS,WARNING
14.621,-52.41,17.31,97.39,3.55,JESS,FAILURE
1.016,-35.0,20.0,97.7,0.0,JESS,NORMAL
11.791,-50.56,19.23,39.5,3.95,JESS,WARNING
19.4,-63.71,16.09,71.24,10.6,JESS,WARNING
3.148,-35.0,20.0,23.22,9.78,JESS,FAILURE
14.057,-48.08,20.0,82.95,13.65,JESS,NORMAL
29.806,-76.32,10.96,24.36,11.91,JESS,NORMAL
21.638,-53.76,20.0,90.16,7.36,JESS,NORMAL
16.633,-48.87,18.29,98.12,9.77,JESS,FAILURE
16.224,-59.31,19.06,17.77,0.0,JESS,NORMAL
1.791,-35.0,19.47,56.11,4.1,JESS,FAILURE
28.741,-84.88,14.09,33.83,14.81,JESS,FAILURE
27.881,-79.79,8.97,52.3,13.0,JESS,WARNING
20.631,-64.62,10.32,36.44,12.39,JESS,NORMAL
3.421,-35.0,20.0,15.91,3.3,JESS,WARNING
6.631,-39.16,20.0,45.47,0.0,JESS,NORMAL
5.925,-35.0,20.0,28.41,0.6,JESS,WARNING
15.828,-51.6,20.0,59.44,0.0,JESS,NORMAL
6.63,-35.0,20.0,71.25,15.22,JESS,NORMAL
21.026,-48.96,20.0,46.48,1.18,JESS,WARNING
16.584,-58.83,13.41,28.33,9.19,JESS,WARNING
1.021,-35.0,20.0,27.25,0.0,JESS,NORMAL
22.45,-69.61,17.27,10.21,0.12,JESS,WARNING
6.07,-35.0,20.0,73.21,11.99,JESS,WARNING
24.834,-59.57,14.21,32.78,5.3,JESS,NORMAL
10.974,-35.5,16.87,97.37,0.0,JESS,NORMAL
10.489,-51.64,17.88,77.24,6.86,JESS,WARNING
0.849,-35.0,20.0,36.58,20.38,JESS,NORMAL
29.638,-70.83,9.72,24.31,8.12,JESS,FAILURE
18.554,-58.88,18.64,66.19,8.1,JESS,FAILURE
12.971,-45.17,20.0,87.81,8.99,JESS,NORMAL
3.35,-35.0,16.11,62.59,11.01,JESS,WARNING
21.125,-53.21,9.52,10.99,12.54,JESS,WARNING
8.841,-52.66,12.38,80.77,0.0,JESS,WARNING
29.654,-86.52,15.23,96.78,16.17,JESS,FAILURE
28.541,-82.83,9.83,14.27,5.22,JESS,WARNING
22.191,-67.2,12.37,82.82,20.15,JESS,NORMAL
29.147,-83.39,9.39,74.71,12.46,JESS,WARNING
3.616,-35.0,20.0,45.77,14.91,JESS,NORMAL
8.758,-35.0,20.0,67.07,6.71,JESS,WARNING
7.971,-35.0,20.0,24.29,0.0,JESS,FAILURE
2.624,-35.96,20.0,74.81,6.59,JESS,NORMAL
29.181,-75.57,12.34,62.31,0.0,JESS,WARNING
2.269,-35.0,20.0,17.79,5.15,JESS,NORMAL
25.772,-69.55,10.95,88.14,12.13,JESS,FAILURE
23.161,-72.89,17.7,21.55,3.37,JESS,WARNING
11.588,-35.0,20.0,49.45,8.23,JESS,NORMAL
1.055,-35.0,20.0,21.81,8.45,JESS,WARNING
0.68,-35.0,17.56,68.15,18.66,JESS,WARNING
6.518,-35.0,14.19,76.41,7.1,JESS,WARNING
15.069,-49.0,14.53,95.25,8.28,JESS,FAILURE
14.008,-43.58,20.0,32.73,14.52,JESS,NORMAL
17.766,-48.09,16.34,42.97,8.45,JESS,NORMAL
23.273,-61.79,20.0,44.8,0.0,JESS,NORMAL
11.632,-36.25,17.03,18.73,5.21,JESS,NORMAL
5.231,-35.0,20.0,82.71,0.0,JESS,WARNING
24.101,-68.78,15.15,17.44,9.73,JESS,NORMAL
10.314,-46.03,12.47,40.47,17.15,JESS,NORMAL
8.963,-37.53,20.0,27.13,6.75,JESS,NORMAL
23.047,-66.6,13.75,69.79,6.77,JESS,WARNING
28.057,-88.31,1.38,91.5,0.0,JESS,WARNING
27.491,-68.19,13.29,77.18,1.77,JESS,WARNING
4.555,-35.0,20.0,79.71,3.06,JESS,NORMAL
15.343,-64.65,12.14,17.07,0.0,JESS,NORMAL
3.24,-35.67,16.12,76.51,10.73,JESS,FAILURE
28.849,-74.49,8.3,15.63,4.28,JESS,FAILURE
6.849,-35.0,19.78,53.58,5.28,JESS,NORMAL
6.324,-35.0,20.0,72.28,3.49,JESS,WARNING
26.722,-75.1,13.99,32.93,4.85,JESS,WARNING
29.052,-75.83,6.73,71.43,12.48,JESS,FAILURE
21.08,-63.77,13.24,89.25,14.52,JESS,WARNING
4.07,-35.0,20.0,89.02,0.0,JESS,FAILURE
14.833,-57.68,13.13,27.29,7.85,JESS,WARNING
24.59,-61.35,14.39,34.71,5.36,JESS,NORMAL
17.388,-58.14,11.62,69.94,14.79,JESS,WARNING
4.412,-35.0,20.0,85.72,11.44,JESS,WARNING
5.571,-40.44,20.0,50.97,3.69,JESS,NORMAL
25.992,-80.01,17.18,93.0,8.9,JESS,WARNING
16.047,-63.31,15.57,61.72,0.0,JESS,WARNING
21.322,-65.97,15.65,33.58,8.11,JESS,NORMAL
11.505,-35.14,20.0,11.8,0.0,JESS,FAILURE
16.208,-50.2,16.52,82.66,7.88,JESS,FAILURE
29.325,-86.48,10.99,18.35,0.04,JESS,NORMAL
10.226,-40.17,20.0,17.06,4.44,JESS,NORMAL
20.406,-58.86,15.09,79.94,1.82,JESS,WARNING
5.589,-35.0,17.45,12.85,0.0,JESS,WARNING
4.091,-35.0,20.0,85.85,0.0,JESS,FAILURE
23.617,-66.78,11.01,63.89,6.04,JESS,NORMAL
25.401,-67.07,17.24,67.29,2.29,JESS,NORMAL
20.215,-71.02,9.88,94.42,4.38,JESS,WARNING
5.167,-35.26,20.0,88.0,4.27,JESS,NORMAL
7.597,-40.88,20.0,16.84,13.95,JESS,FAILURE
27.38,-67.02,13.04,86.77,8.79,JESS,WARNING
9.017,-40.04,20.0,70.04,12.02,JESS,NORMAL
24.656,-69.73,15.52,38.51,15.31,JESS,NORMAL
8.935,-43.08,20.0,86.8,14.54,JESS,NORMAL
28.214,-79.66,12.04,12.1,12.17,JESS,WARNING
27.476,-71.56,12.86,85.38,12.67,JESS,WARNING
1.776,-35.0,20.0,65.82,5.03,JESS,WARNING
23.227,-84.68,10.28,33.51,7.15,JESS,WARNING
5.499,-37.8,19.16,10.54,9.06,JESS,WARNING
6.851,-35.0,20.0,56.92,3.11,JESS,WARNING
14.065,-40.27,20.0,48.0,4.74,JESS,WARNING
17.501,-65.06,11.7,87.63,16.07,JESS,NORMAL
10.111,-47.33,20.0,80.91,0.0,JESS,WARNING
17.474,-58.99,12.2,63.07,0.0,JESS,FAILURE
5.534,-35.0,16.92,23.58,10.83,JESS,WARNING
1.159,-35.0,20.0,75.35,3.93,JESS,WARNING
17.351,-48.16,18.17,63.43,5.43,JESS,WARNING
15.764,-52.95,18.08,12.03,8.37,JESS,WARNING
20.845,-58.84,14.51,78.56,0.0,JESS,NORMAL
19.67,-65.43,14.03,84.85,7.97,JESS,WARNING
26.976,-77.96,15.72,79.7,0.0,JESS,NORMAL
14.054,-46.76,20.0,25.87,6.7,JESS,FAILURE
0.747,-35.0,20.0,55.23,3.79,JESS,WARNING
19.104,-58.89,12.65,57.46,3.95,JESS,NORMAL
20.416,-68.92,13.63,94.09,3.89,JESS,WARNING
15.884,-51.94,19.68,93.3,3.05,JESS,FAILURE
20.834,-61.5,9.85,15.61,14.38,JESS,WARNING
10.046,-41.53,17.03,99.93,1.07,JESS,NORMAL
4.89,-35.0,20.0,80.8,14.76,JESS,WARNING
20.104,-57.83,13.12,43.8,6.41,JESS,FAILURE
7.733,-42.28,17.66,76.9,0.0,JESS,NORMAL
13.961,-50.26,20.0,43.9,11.18,JESS,WARNING
15.003,-52.16,19.04,94.27,14.73,JESS,WARNING
14.577,-52.19,19.8,44.03,11.23,JESS,WARNING
18.154,-53.77,18.65,78.95,0.0,JESS,WARNING
1.369,-35.0,20.0,23.97,1.11,JESS,FAILURE
29.696,-81.93,11.85,86.71,1.17,JESS,WARNING
21.631,-66.36,10.89,65.84,15.43,JESS,WARNING
13.049,-45.38,17.77,82.68,7.02,JESS,WARNING
6.144,-40.41,19.2,47.62,0.0,JESS,WARNING
2.865,-35.0,16.37,41.17,0.0,JESS,WARNING
20.33,-67.68,12.79,57.94,9.61,JESS,WARNING
9.85,-35.0,19.89,44.94,1.33,JESS,NORMAL
7.27,-35.0,20.0,56.27,13.02,JESS,NORMAL
11.709,-51.42,12.26,48.76,0.0,JESS,NORMAL
17.991,-57.73,16.73,27.7,1.14,JESS,NORMAL
20.315,-55.73,17.93,97.9,11.24,JESS,NORMAL
19.533,-65.08,17.13,11.45,14.59,JESS,NORMAL
25.966,-68.59,17.51,93.31,3.26,JESS,FAILURE
6.953,-37.99,16.8,84.47,2.02,JESS,WARNING
19.284,-56.9,15.28,47.88,9.53,JESS,WARNING
3.483,-35.0,20.0,38.99,0.0,JESS,NORMAL
16.664,-58.54,15.17,24.82,9.52,JESS,WARNING
17.727,-66.79,15.11,21.98,15.56,JESS,NORMAL
6.879,-35.0,20.0,59.58,2.6,JESS,NORMAL
12.055,-51.89,20.0,19.49,11.19,JESS,FAILURE
24.902,-63.9,16.8,52.88,0.0,JESS,WARNING
4.878,-35.0,20.0,83.32,14.74,JESS,NORMAL
13.318,-47.23,16.22,78.13,0.0,JESS,WARNING
28.016,-75.6,12.19,21.93,12.97,JESS,FAILURE
15.371,-50.58,18.07,96.5,1.86,JESS,FAILURE
21.891,-67.2,11.84,35.76,0.0,JESS,WARNING
24.893,-80.82,15.68,73.51,8.7,JESS,FAILURE
6.511,-35.0,20.0,37.04,7.42,JESS,WARNING
6.937,-35.0,20.0,65.57,5.98,JESS,FAILURE
22.878,-67.33,10.41,61.52,18.69,JESS,WARNING
22.723,-64.7,11.64,26.05,2.5,JESS,NORMAL
2.275,-35.0,17.75,68.73,6.06,JESS,WARNING
10.014,-42.33,12.19,39.34,0.0,JESS,NORMAL
12.257,-51.9,17.99,65.0,9.86,JESS,NORMAL
24.957,-79.68,4.9,58.72,2.13,JESS,NORMAL
12.945,-51.43,17.01,85.84,11.74,JESS,FAILURE
27.815,-84.7,15.27,29.22,6.11,JESS,WARNING
29.9,-80.44,12.48,23.63,9.26,JESS,NORMAL
23.531,-80.51,9.85,86.94,5.13,JESS,NORMAL
20.158,-63.79,14.72,50.01,5.29,JESS,NORMAL
12.061,-48.27,20.0,80.37,3.31,JESS,WARNING
2.478,-35.0,20.0,96.36,11.99,JESS,WARNING
17.408,-61.12,12.97,58.99,3.64,JESS,NORMAL
11.17,-46.39,18.91,37.06,0.0,JESS,WARNING
10.851,-49.91,17.84,81.48,12.35,JESS,WARNING
20.787,-58.85,12.4,93.78,22.89,JESS,FAILURE
14.177,-53.59,20.0,32.06,5.06,JESS,WARNING
22.687,-76.91,4.94,71.95,10.99,JESS,NORMAL
12.246,-49.35,18.26,80.25,2.77,JESS,NORMAL
4.95,-35.45,20.0,12.39,1.73,JESS,NORMAL
14.11,-47.06,16.43,63.3,2.97,JESS,WARNING
28.555,-67.2,11.88,66.98,1.16,JESS,NORMAL
24.145,-63.16,20.0,67.29,0.0,JESS,WARNING
6.57,-42.17,17.57,17.57,10.36,JESS,NORMAL
12.043,-43.36,17.99,11.95,6.28,JESS,WARNING
27.87,-73.33,14.06,36.43,10.34,JESS,WARNING
4.149,-35.0,19.56,42.2,12.76,JESS,WARNING
7.992,-35.27,18.6,23.02,9.38,JESS,WARNING
8.236,-35.0,18.71,55.86,12.3,JESS,WARNING
17.343,-53.2,16.29,30.48,8.38,JESS,NORMAL
12.617,-40.49,20.0,40.38,3.47,JESS,WARNING
2.856,-35.0,20.0,36.35,4.05,JESS,FAILURE
19.061,-53.39,20.0,79.48,14.41,JESS,WARNING
3.423,-35.0,20.0,88.94,9.52,JESS,NORMAL
18.389,-60.06,19.32,36.86,6.84,JESS,WARNING
15.457,-50.9,18.68,43.9,2.61,JESS,NORMAL
15.063,-45.21,19.55,83.37,6.83,JESS,WARNING
2.491,-35.0,20.0,78.32,0.0,JESS,WARNING
19.357,-57.75,19.3,73.79,6.99,JESS,NORMAL
13.224,-45.87,15.07,73.71,18.55,JESS,WARNING
12.628,-53.47,18.88,36.75,0.0,JESS,NORMAL
18.095,-71.05,12.63,94.29,3.27,JESS,NORMAL
18.384,-68.95,13.62,82.83,0.96,JESS,FAILURE
0.943,-35.0,20.0,29.07,0.0,JESS,WARNING
4.194,-35.0,16.03,69.59,5.06,JESS,FAILURE
7.477,-44.65,20.0,23.94,0.75,JESS,WARNING
20.5,-63.63,14.19,61.99,1.2,JESS,FAILURE
17.514,-61.93,13.88,36.02,0.0,JESS,NORMAL
22.85,-72.67,15.12,19.47,17.53,JESS,WARNING
22.348,-69.55,15.3,64.29,8.83,JESS,WARNING
25.669,-75.64,9.35,89.59,19.46,JESS,WARNING
11.616,-42.86,20.0,22.66,0.78,JESS,WARNING
10.679,-39.75,16.63,90.92,0.0,JESS,FAILURE
25.015,-65.93,14.24,21.5,6.3,JESS,WARNING
7.509,-36.3,15.73,76.77,9.98,JESS,FAILURE
14.105,-52.79,20.0,99.06,9.66,JESS,NORMAL
6.233,-38.5,20.0,18.43,15.48,JESS,WARNING
27.458,-82.14,10.34,29.14,7.34,JESS,NORMAL
12.53,-49.78,17.78,51.72,1.86,JESS,NORMAL
6.768,-35.0,17.64,76.38,0.0,JESS,WARNING
20.914,-64.47,17.79,90.81,15.67,JESS,WARNING
7.717,-41.54,15.0,75.62,6.19,JESS,FAILURE
28.333,-86.17,12.75,79.41,8.73,JESS,NORMAL
11.345,-46.62,15.75,50.69,0.0,JESS,NORMAL
20.107,-66.68,18.83,42.02,0.0,JESS,NORMAL
10.685,-35.0,18.96,55.7,2.36,JESS,NORMAL
24.314,-77.43,12.78,68.46,7.41,JESS,FAILURE
26.959,-76.21,17.67,55.21,0.34,JESS,NORMAL
23.744,-66.2,16.05,81.13,2.75,JESS,WARNING
25.531,-76.28,14.47,24.14,5.87,JESS,WARNING
3.505,-35.0,20.0,45.66,10.06,JESS,NORMAL
27.76,-62.97,14.15,15.99,0.41,JESS,NORMAL
18.917,-64.77,15.95,70.43,6.77,JESS,FAILURE
26.142,-84.8,11.34,78.13,12.03,JESS,NORMAL
20.691,-71.88,15.4,70.06,12.09,JESS,NORMAL
6.455,-35.0,20.0,95.96,1.9,JESS,WARNING
18.482,-68.16,13.64,93.89,0.0,JESS,NORMAL
3.183,-35.0,19.45,34.34,1.8,JESS,WARNING
21.024,-55.63,14.34,31.89,3.41,JESS,WARNING
12.566,-60.89,16.57,12.28,16.47,JESS,FAILURE
4.976,-35.0,20.0,55.23,7.43,JESS,NORMAL
29.387,-77.87,11.38,87.5,7.62,JESS,WARNING
27.082,-74.31,14.37,24.18,13.02,JESS,NORMAL
26.86,-70.03,12.47,63.4,5.73,JESS,NORMAL
23.77,-60.21,17.4,74.83,8.85,JESS,WARNING
20.913,-62.41,13.5,43.09,6.28,JESS,WARNING
19.825,-56.21,18.18,73.27,6.18,JESS,WARNING
3.63,-41.41,18.76,85.36,11.35,JESS,WARNING
27.067,-88.95,3.86,10.95,0.0,JESS,WARNING
26.493,-71.49,14.31,76.17,9.88,JESS,NORMAL
22.562,-65.5,16.0,63.99,11.77,JESS,WARNING
27.856,-87.3,9.26,86.04,10.3,JESS,WARNING
16.816,-50.31,12.73,22.47,3.41,JESS,WARNING
13.705,-41.52,20.0,82.64,2.62,JESS,WARNING
29.054,-95.49,8.38,22.71,4.16,JESS,NORMAL
14.192,-35.0,20.0,62.64,4.89,JESS,NORMAL
19.419,-72.3,13.92,34.38,7.87,JESS,NORMAL
11.505,-39.37,20.0,31.6,0.0,JESS,NORMAL
19.272,-65.56,11.84,54.89,16.2,JESS,WARNING
21.743,-67.56,11.52,78.16,5.92,JESS,NORMAL
18.927,-64.63,17.38,68.07,1.81,JESS,WARNING
15.68,-44.98,20.0,98.97,7.1,JESS,WARNING
9.353,-42.6,20.0,20.72,2.49,JESS,NORMAL
19.493,-60.24,15.4,74.96,0.0,JESS,FAILURE
27.299,-65.78,12.86,14.99,9.62,JESS,FAILURE
0.704,-35.0,20.0,42.17,9.47,JESS,NORMAL
4.451,-35.0,20.0,40.92,5.51,JESS,NORMAL
4.033,-35.0,19.78,33.06,0.0,JESS,WARNING
27.735,-83.63,14.02,57.92,7.9,JESS,FAILURE
20.051,-67.21,17.89,31.93,14.37,JESS,NORMAL
28.578,-77.24,8.93,43.08,1.04,JESS,WARNING
17.693,-50.12,14.47,87.35,12.21,JESS,WARNING
14.121,-52.6,17.36,39.13,5.39,JESS,WARNING
23.874,-76.85,7.92,98.74,14.18,JESS,FAILURE
5.248,-35.0,19.38,34.84,9.08,JESS,WARNING
11.749,-49.1,18.22,91.27,5.93,JESS,NORMAL
14.255,-57.09,15.84,48.81,14.91,JESS,WARNING
9.305,-35.0,15.61,91.68,0.01,JESS,WARNING
11.453,-51.91,19.4,48.41,0.0,JESS,FAILURE
2.804,-35.0,19.62,79.33,11.12,JESS,WARNING
6.341,-35.0,15.63,46.0,5.62,JESS,NORMAL
10.397,-39.3,20.0,65.88,10.79,JESS,WARNING
23.979,-70.9,14.09,14.63,15.47,JESS,FAILURE
5.884,-35.0,20.0,63.91,13.03,JESS,WARNING
10.726,-51.45,17.59,38.44,0.6,JESS,NORMAL
2.415,-36.67,20.0,99.67,17.3,JESS,NORMAL
16.935,-58.07,17.33,82.96,2.53,JESS,WARNING
18.532,-66.25,12.7,17.16,9.0,JESS,WARNING
26.033,-84.73,11.34,27.84,15.26,JESS,NORMAL
24.664,-66.83,17.07,65.45,0.12,JESS,FAILURE
8.919,-41.08,20.0,37.04,0.66,JESS,WARNING
4.54,-35.0,20.0,29.16,8.9,JESS,WARNING
5.104,-35.0,20.0,42.01,3.41,JESS,WARNING
29.084,-93.14,6.15,19.56,6.78,JESS,WARNING
20.36,-66.62,16.77,59.9,7.66,JESS,NORMAL
1.756,-35.0,20.0,35.47,5.29,JESS,WARNING
4.535,-35.0,20.0,88.03,10.7,JESS,FAILURE
14.831,-45.19,15.97,12.95,6.36,JESS,WARNING
6.631,-35.0,20.0,41.58,3.71,JESS,NORMAL
24.208,-71.79,18.42,59.46,7.89,JESS,WARNING
17.41,-60.25,17.52,31.16,6.85,JESS,NORMAL
18.573,-57.25,20.0,15.16,10.36,JESS,FAILURE
14.153,-57.31,20.0,16.52,13.6,JESS,NORMAL
8.054,-35.0,20.0,24.34,5.14,JESS,WARNING
17.887,-58.82,12.16,34.47,18.02,JESS,NORMAL
21.651,-67.42,12.1,73.52,18.51,JESS,NORMAL
11.443,-55.52,12.69,52.72,7.75,JESS,WARNING
15.396,-40.74,20.0,12.96,10.96,JESS,NORMAL
25.271,-79.14,10.13,23.95,0.0,JESS,FAILURE
4.886,-35.0,19.75,43.11,3.01,JESS,NORMAL
16.584,-51.17,19.27,47.78,1.46,JESS,NORMAL
10.778,-39.28,20.0,15.68,0.0,JESS,NORMAL
21.232,-69.96,12.54,20.9,4.18,JESS,WARNING
1.055,-35.0,20.0,33.6,6.12,JESS,WARNING
20.279,-57.41,20.0,85.3,6.95,JESS,WARNING
3.535,-35.0,20.0,28.83,16.92,JESS,NORMAL
2.411,-35.0,20.0,30.41,1.2,JESS,WARNING
21.876,-60.71,18.51,54.51,0.0,JESS,NORMAL
19.39,-62.4,11.55,90.23,12.33,JESS,NORMAL
26.901,-73.48,12.62,57.54,0.0,JESS,NORMAL
15.83,-52.95,16.86,17.14,0.0,JESS,NORMAL
16.136,-49.3,19.58,26.78,1.79,JESS,NORMAL
21.357,-67.59,9.59,87.02,9.93,JESS,WARNING
10.04,-39.06,20.0,88.91,6.19,JESS,WARNING
1.589,-35.0,15.28,81.59,15.11,JESS,FAILURE
7.286,-37.11,20.0,58.77,16.57,JESS,NORMAL
7.521,-47.09,13.88,49.52,0.0,JESS,WARNING
10.402,-56.23,15.85,34.14,0.0,JESS,WARNING
28.332,-77.17,18.69,59.3,4.99,JESS,WARNING
24.243,-65.03,17.71,71.45,4.59,JESS,WARNING
28.111,-66.82,19.61,63.93,15.69,JESS,FAILURE
29.959,-84.42,11.75,30.3,4.18,JESS,WARNING
13.296,-44.13,20.0,91.28,0.0,JESS,WARNING
7.199,-35.0,20.0,45.14,12.01,JESS,WARNING
17.02,-61.11,18.48,89.64,7.5,JESS,NORMAL
26.493,-77.37,11.04,45.77,6.68,JESS,WARNING
14.239,-62.57,16.31,13.46,12.55,JESS,WARNING
15.409,-51.5,16.82,76.42,1.07,JESS,NORMAL
4.466,-35.0,20.0,92.81,12.62,JESS,WARNING
12.903,-41.02,14.67,32.93,5.98,JESS,WARNING
11.916,-43.9,20.0,58.82,0.0,JESS,NORMAL
10.875,-40.41,20.0,82.69,2.38,JESS,FAILURE
26.675,-74.15,13.73,38.9,6.95,JESS,NORMAL
2.249,-35.0,20.0,35.76,0.0,JESS,WARNING
29.178,-88.52,11.16,47.0,8.6,JESS,NORMAL
0.743,-35.0,20.0,59.55,0.0,JESS,WARNING
28.395,-80.07,16.07,59.73,19.87,JESS,NORMAL
16.667,-52.09,17.29,53.77,4.72,JESS,WARNING
21.222,-51.39,20.0,83.83,15.37,JESS,WARNING
6.02,-35.0,20.0,23.76,1.51,JESS,WARNING
19.799,-56.44,16.3,17.66,0.0,JESS,NORMAL
26.518,-80.68,18.74,25.17,5.03,JESS,NORMAL
4.615,-39.13,17.41,73.36,15.93,JESS,FAILURE
4.249,-35.0,18.88,23.07,0.0,JESS,WARNING
9.467,-50.52,18.54,39.05,0.0,JESS,WARNING
5.271,-35.0,17.04,89.17,7.07,JESS,WARNING
3.764,-35.0,16.91,22.62,14.95,JESS,WARNING
20.51,-58.13,19.27,57.54,6.47,JESS,FAILURE
6.808,-35.0,20.0,55.54,6.12,JESS,FAILURE
20.177,-73.27,11.38,13.06,6.14,JESS,WARNING
25.927,-64.05,11.65,20.39,0.0,JESS,WARNING
19.735,-59.8,16.61,95.54,0.0,JESS,NORMAL
4.021,-36.59,20.0,96.49,0.0,JESS,NORMAL
17.421,-55.13,13.23,88.72,12.91,JESS,FAILURE
12.112,-49.07,20.0,48.87,0.0,JESS,WARNING
10.629,-42.55,18.6,63.36,0.0,JESS,WARNING
9.897,-35.0,20.0,84.17,3.3,JESS,WARNING
27.918,-83.02,10.65,70.85,10.45,JESS,NORMAL
22.404,-67.12,14.4,90.56,5.13,JESS,WARNING
4.449,-35.0,16.17,38.42,14.22,JESS,FAILURE
14.542,-56.7,20.0,66.17,8.37,JESS,NORMAL
9.888,-40.57,20.0,61.03,7.84,JESS,NORMAL
29.349,-82.46,11.75,98.61,0.0,JESS,NORMAL
29.352,-84.85,11.96,89.03,5.43,JESS,FAILURE
9.926,-37.15,15.14,24.87,9.07,JESS,WARNING
10.887,-39.15,20.0,15.3,2.77,JESS,WARNING
18.183,-57.41,12.22,50.18,0.45,JESS,NORMAL
14.64,-52.23,16.2,59.1,4.9,JESS,NORMAL
6.786,-36.1,19.45,81.09,9.06,JESS,WARNING
19.982,-64.71,16.5,24.38,10.69,JESS,FAILURE
10.357,-47.47,17.98,92.79,7.3,JESS,WARNING
19.785,-68.2,10.8,61.44,13.75,JESS,WARNING
11.819,-44.48,20.0,85.85,3.13,JESS,WARNING
21.156,-73.69,9.76,85.28,0.0,JESS,NORMAL
20.2,-52.05,19.2,95.67,2.19,JESS,NORMAL
15.51,-48.2,20.0,69.29,1.08,JESS,WARNING
21.29,-58.81,16.89,80.54,4.26,JESS,WARNING
14.098,-39.27,20.0,83.85,6.41,JESS,WARNING
3.926,-35.0,20.0,52.13,12.72,JESS,NORMAL
5.872,-39.76,19.22,48.91,8.99,JESS,NORMAL
7.757,-36.24,20.0,95.2,12.21,JESS,NORMAL
2.365,-35.0,20.0,16.03,9.62,JESS,WARNING
21.486,-69.44,16.42,95.76,0.0,JESS,WARNING
11.338,-44.3,20.0,62.06,12.19,JESS,NORMAL
3.259,-35.87,20.0,36.52,0.46,JESS,WARNING
24.689,-64.17,10.15,60.15,5.07,JESS,WARNING
20.668,-68.35,15.78,67.4,0.41,JESS,WARNING
13.841,-59.92,14.02,19.97,11.61,JESS,FAILURE
7.799,-45.29,19.96,70.29,10.59,JESS,WARNING
4.977,-36.69,20.0,91.23,0.0,JESS,NORMAL
14.022,-53.92,16.34,97.42,1.73,JESS,NORMAL
26.615,-68.45,9.69,63.98,5.52,JESS,NORMAL
6.058,-35.0,20.0,39.43,0.0,JESS,NORMAL
17.275,-58.97,14.72,60.71,0.0,JESS,WARNING
28.87,-85.93,14.97,10.26,6.28,JESS,WARNING
19.295,-52.68,13.18,92.73,10.53,JESS,NORMAL
13.479,-54.56,18.27,80.62,12.01,JESS,WARNING
21.633,-75.65,12.42,24.98,5.98,JESS,WARNING
24.825,-69.15,13.83,64.84,6.57,JESS,NORMAL
17.92,-64.0,17.99,11.85,13.89,JESS,NORMAL
26.219,-86.32,11.56,29.44,8.78,JESS,NORMAL
15.68,-56.15,16.92,25.3,8.86,JESS,NORMAL
24.986,-67.45,13.33,24.05,17.07,JESS,NORMAL
28.585,-85.44,10.96,59.69,11.24,JESS,FAILURE
15.287,-54.65,11.77,96.8,6.83,JESS,WARNING
18.348,-44.6,18.27,21.73,13.14,JESS,FAILURE
18.479,-53.45,15.86,88.55,17.8,JESS,WARNING
23.552,-53.61,17.32,17.4,0.0,JESS,WARNING
24.777,-67.84,14.66,17.46,9.46,JESS,FAILURE
1.303,-35.0,20.0,66.53,10.15,JESS,NORMAL
22.134,-53.13,18.03,61.71,7.02,JESS,WARNING
23.623,-72.84,12.36,40.98,2.92,JESS,NORMAL
21.163,-54.28,10.8,58.0,18.17,JESS,FAILURE
21.554,-69.35,7.32,77.94,13.41,JESS,WARNING
1.721,-35.0,20.0,79.6,9.93,JESS,WARNING
13.54,-52.95,12.2,11.08,11.38,JESS,NORMAL
24.636,-79.99,20.0,17.03,2.06,JESS,WARNING
28.053,-71.11,13.36,10.31,0.0,JESS,NORMAL
7.269,-43.29,20.0,11.41,0.0,JESS,FAILURE
17.586,-60.56,11.69,85.57,9.3,JESS,FAILURE
24.228,-76.38,15.15,17.52,0.0,JESS,NORMAL
22.696,-67.66,13.7,73.99,3.32,JESS,WARNING
18.757,-60.32,11.21,98.2,0.0,JESS,FAILURE
1.051,-35.0,20.0,83.88,8.96,JESS,WARNING
21.855,-58.79,13.53,15.98,10.08,JESS,WARNING
23.311,-58.76,19.14,90.45,7.41,JESS,NORMAL
21.824,-60.19,14.45,96.24,13.83,JESS,WARNING
23.091,-60.75,12.63,73.57,14.97,JESS,FAILURE
13.212,-51.59,20.0,65.47,4.59,JESS,WARNING
29.816,-87.18,16.01,64.16,13.49,JESS,WARNING
23.238,-68.15,13.83,83.82,11.54,JESS,WARNING
17.571,-61.67,15.63,59.81,0.64,JESS,FAILURE
28.059,-82.07,10.49,40.04,14.54,JESS,WARNING
27.292,-80.63,8.95,97.34,0.88,JESS,NORMAL
24.53,-78.04,12.33,14.36,11.09,JESS,WARNING
17.129,-70.25,14.55,69.88,3.05,JESS,NORMAL
16.049,-68.84,9.34,62.71,0.0,JESS,FAILURE
10.197,-45.66,14.11,67.52,10.79,JESS,WARNING
7.901,-35.0,17.93,67.8,16.05,JESS,NORMAL
15.615,-49.08,15.09,21.12,17.11,JESS,FAILURE
17.545,-57.67,14.17,22.02,1.24,JESS,NORMAL
7.714,-35.0,20.0,16.06,6.32,JESS,WARNING
27.717,-90.76,11.01,94.45,19.68,JESS,WARNING
16.94,-54.44,16.49,64.89,17.79,JESS,NORMAL
16.032,-46.15,19.03,16.94,0.0,JESS,NORMAL
13.351,-47.56,18.36,49.03,8.98,JESS,WARNING
2.213,-35.0,19.99,42.34,11.27,JESS,NORMAL
26.531,-84.73,10.78,23.34,8.49,JESS,NORMAL
9.851,-41.06,17.88,83.98,6.73,JESS,NORMAL
19.453,-61.63,14.29,79.8,6.32,JESS,NORMAL
18.419,-62.18,15.05,51.77,16.07,JESS,WARNING
17.742,-45.39,19.2,57.02,0.0,JESS,WARNING
16.009,-60.5,15.48,49.28,0.91,JESS,FAILURE
5.852,-35.8,17.98,59.59,9.42,JESS,WARNING
8.778,-45.21,20.0,75.93,17.89,JESS,WARNING
15.964,-42.23,18.51,88.84,8.09,JESS,FAILURE
23.786,-62.29,12.86,63.31,8.85,JESS,FAILURE
13.244,-50.09,20.0,21.32,12.33,JESS,NORMAL
6.516,-35.0,13.91,79.48,11.79,JESS,NORMAL
3.094,-35.0,20.0,43.51,10.98,JESS,WARNING
20.059,-66.56,13.7,66.69,5.81,JESS,WARNING
12.989,-46.8,20.0,27.87,14.68,JESS,WARNING
4.198,-35.0,20.0,24.71,8.85,JESS,NORMAL
20.397,-70.42,15.25,14.74,12.8,JESS,NORMAL
6.624,-40.55,20.0,38.3,13.39,JESS,NORMAL
15.516,-60.66,12.85,63.74,16.79,JESS,FAILURE
9.533,-54.33,20.0,38.69,0.0,JESS,FAILURE
27.985,-85.13,10.12,31.68,0.54,JESS,WARNING
7.234,-35.0,20.0,99.54,5.31,JESS,WARNING
12.888,-49.01,18.72,99.9,0.54,JESS,FAILURE
28.805,-77.8,10.89,64.45,4.45,JESS,FAILURE
9.902,-43.25,20.0,39.12,5.37,JESS,NORMAL
19.515,-62.45,14.98,87.55,7.5,JESS,NORMAL
9.843,-36.45,19.62,76.31,7.07,JESS,WARNING
3.765,-35.0,20.0,65.43,13.3,JESS,NORMAL
19.013,-55.81,18.74,91.74,16.09,JESS,WARNING
27.523,-72.97,14.7,50.08,1.7,JESS,WARNING
13.851,-43.64,16.41,32.99,6.55,JESS,WARNING
18.972,-50.25,20.0,97.03,0.0,JESS,WARNING
18.463,-51.34,14.42,87.42,16.13,JESS,WARNING
12.745,-43.4,19.08,92.09,0.0,JESS,WARNING
18.639,-58.55,14.68,92.64,2.94,JESS,NORMAL
8.15,-35.0,20.0,44.44,0.47,JESS,NORMAL
11.652,-44.68,17.62,87.47,3.38,JESS,NORMAL
13.548,-59.15,19.53,90.04,6.05,JESS,FAILURE
25.988,-76.21,15.54,59.28,12.43,JESS,FAILURE
10.776,-40.31,17.93,66.27,1.24,JESS,WARNING
19.237,-62.96,18.17,61.97,15.1,JESS,NORMAL
6.795,-47.6,20.0,11.44,7.5,JESS,NORMAL
7.951,-35.0,20.0,58.2,12.71,JESS,NORMAL
19.629,-62.71,16.43,13.41,14.01,JESS,NORMAL
22.988,-67.03,15.02,50.6,6.68,JESS,NORMAL
14.132,-51.87,19.18,14.11,0.0,JESS,WARNING
10.385,-38.13,19.62,50.98,11.07,JESS,NORMAL
27.353,-65.44,12.79,37.43,2.4,JESS,WARNING
4.506,-35.0,20.0,79.65,0.0,JESS,WARNING
21.761,-68.89,16.36,53.12,13.19,JESS,WARNING
20.86,-70.49,13.33,56.09,14.17,JESS,FAILURE
20.862,-68.64,14.26,91.33,12.22,JESS,WARNING
28.095,-77.99,12.9,53.41,10.9,JESS,WARNING
21.982,-57.86,20.0,24.07,0.79,JESS,NORMAL
9.396,-51.81,14.2,20.13,0.0,JESS,FAILURE
10.926,-50.41,18.8,37.52,12.66,JESS,FAILURE
12.038,-47.15,19.28,33.88,10.29,JESS,NORMAL
1.409,-35.0,20.0,83.66,5.26,JESS,WARNING
27.449,-80.5,10.69,78.3,13.34,JESS,WARNING
2.67,-35.47,20.0,15.28,1.29,JESS,FAILURE
21.144,-66.78,17.31,28.09,8.5,JESS,NORMAL
22.04,-73.46,10.98,50.39,14.27,JESS,FAILURE
25.39,-68.15,17.29,17.85,7.58,JESS,WARNING
16.824,-61.26,13.93,24.96,2.5,JESS,NORMAL
21.895,-67.64,12.65,91.76,10.41,JESS,WARNING
9.43,-35.0,20.0,58.71,3.23,JESS,WARNING
22.495,-64.7,14.58,81.7,8.8,JESS,WARNING
10.631,-40.49,20.0,39.75,12.39,JESS,FAILURE
27.134,-86.9,12.67,43.73,5.77,JESS,WARNING
5.32,-35.0,20.0,87.25,7.47,JESS,WARNING
9.815,-42.18,16.96,69.15,0.36,JESS,FAILURE
15.214,-56.14,16.57,71.05,12.23,JESS,WARNING
23.388,-66.08,15.01,67.5,13.92,JESS,NORMAL
22.59,-62.34,18.46,58.7,0.0,JESS,WARNING
6.716,-35.0,20.0,99.2,1.5,JESS,NORMAL
4.755,-35.0,17.98,90.48,6.91,JESS,NORMAL
9.467,-51.13,16.99,73.98,1.99,JESS,NORMAL
14.771,-62.75,13.0,71.03,9.06,JESS,WARNING
16.401,-52.12,16.54,17.58,3.04,JESS,WARNING
13.16,-49.79,16.38,53.67,4.77,JESS,WARNING
20.061,-68.0,12.66,54.64,4.97,JESS,WARNING
13.113,-58.24,18.37,14.67,9.88,JESS,FAILURE
28.417,-71.57,9.9,78.0,10.24,JESS,WARNING
8.199,-36.57,20.0,10.18,9.43,JESS,NORMAL
19.007,-63.72,19.5,48.27,1.88,JESS,WARNING
18.536,-61.96,17.63,91.29,12.1,JESS,WARNING
8.806,-42.54,18.82,40.63,1.86,JESS,WARNING
12.645,-48.3,20.0,62.44,6.44,JESS,NORMAL
11.281,-44.79,15.5,37.72,0.0,JESS,NORMAL
5.589,-35.0,20.0,26.11,7.41,JESS,NORMAL
14.58,-50.87,15.86,75.7,5.37,JESS,WARNING
11.907,-46.27,19.3,28.41,13.02,JESS,NORMAL
5.76,-35.0,19.63,16.5,6.61,JESS,NORMAL
13.771,-49.13,15.12,49.16,12.69,JESS,NORMAL
12.944,-43.42,17.12,73.8,2.73,JESS,NORMAL
4.375,-35.0,17.84,62.2,15.24,JESS,NORMAL
4.37,-35.0,17.45,32.0,12.73,JESS,WARNING
19.601,-59.29,16.28,83.6,0.93,JESS,WARNING
21.344,-65.5,17.26,18.74,11.48,JESS,FAILURE
28.265,-75.05,14.62,70.33,9.29,JESS,WARNING
3.067,-37.08,17.19,64.6,0.0,JESS,NORMAL
3.977,-35.0,18.62,90.9,5.61,JESS,WARNING
2.029,-35.0,18.01,57.42,11.06,JESS,NORMAL
16.201,-61.08,11.42,83.71,0.0,JESS,NORMAL
18.871,-50.91,11.24,29.38,6.65,JESS,FAILURE
12.404,-42.89,14.5,59.08,4.6,JESS,NORMAL
24.038,-72.18,14.38,57.94,4.56,JESS,WARNING
20.758,-71.02,13.05,36.58,7.33,JESS,WARNING
29.582,-80.01,12.49,10.46,15.89,JESS,WARNING
4.568,-35.0,20.0,76.98,2.59,JESS,NORMAL
2.22,-35.0,20.0,45.7,1.09,JESS,FAILURE
8.607,-36.41,20.0,37.01,14.1,JESS,WARNING
1.062,-35.0,20.0,27.47,4.6,JESS,WARNING
28.012,-86.5,15.1,86.65,6.09,JESS,WARNING
9.467,-47.38,19.45,40.05,9.75,JESS,NORMAL
16.797,-54.65,20.0,28.36,5.53,JESS,WARNING
9.883,-35.0,20.0,57.11,0.71,JESS,WARNING
7.751,-35.0,20.0,80.37,6.75,JESS,FAILURE
4.995,-35.0,20.0,64.22,15.81,JESS,NORMAL
9.951,-38.07,20.0,96.42,6.13,JESS,FAILURE
18.655,-52.86,12.81,96.11,5.18,JESS,WARNING
29.163,-70.14,15.96,91.21,11.06,JESS,NORMAL
16.964,-50.9,14.04,60.86,9.56,JESS,NORMAL
16.215,-44.79,16.04,79.14,3.53,JESS,NORMAL
1.54,-35.0,20.0,35.97,10.76,JESS,FAILURE
25.283,-87.33,14.38,61.78,12.89,JESS,WARNING
1.823,-35.0,18.43,15.98,0.71,JESS,WARNING
27.234,-79.6,13.2,33.71,6.68,JESS,FAILURE
16.391,-49.85,17.95,39.28,3.39,JESS,FAILURE
5.47,-35.0,16.03,42.51,9.67,JESS,WARNING
13.825,-52.48,16.87,24.49,4.39,JESS,WARNING
29.852,-71.37,16.86,17.49,6.12,JESS,NORMAL
9.5,-37.19,19.69,62.05,0.25,JESS,WARNING
8.449,-51.18,14.62,54.22,15.64,JESS,NORMAL
3.981,-35.0,20.0,62.61,9.53,JESS,WARNING
18.116,-61.3,11.17,21.64,11.01,JESS,NORMAL
3.132,-35.0,17.34,95.29,0.0,JESS,NORMAL
23.097,-61.87,16.45,47.2,4.36,JESS,NORMAL
27.617,-79.28,13.4,50.45,0.4,JESS,WARNING
27.99,-81.01,9.79,59.23,4.46,JESS,WARNING
3.684,-35.0,16.79,72.11,12.06,JESS,NORMAL
16.969,-66.03,17.38,44.64,1.56,JESS,FAILURE
3.365,-35.0,18.18,22.88,5.38,JESS,WARNING
17.374,-54.44,13.37,80.48,0.27,JESS,NORMAL
24.542,-71.9,10.67,33.45,13.7,JESS,NORMAL
16.365,-64.23,15.01,49.86,3.42,JESS,FAILURE
26.226,-66.78,13.97,66.91,0.09,JESS,NORMAL
24.149,-74.77,11.07,96.88,0.89,JESS,WARNING
8.658,-35.0,20.0,13.02,3.0,JESS,NORMAL
19.088,-75.36,15.15,56.7,7.67,JESS,WARNING
0.719,-35.0,20.0,94.25,13.46,JESS,WARNING
12.183,-49.44,20.0,32.96,5.32,JESS,WARNING
7.52,-35.1,20.0,20.11,6.47,JESS,WARNING
28.145,-78.43,14.59,63.72,0.0,JESS,WARNING
12.459,-35.0,20.0,23.7,5.68,JESS,NORMAL
19.795,-69.28,12.6,89.1,0.0,JESS,FAILURE
22.093,-75.13,17.29,75.09,1.65,JESS,WARNING
23.31,-69.33,20.0,20.89,0.0,JESS,FAILURE
22.205,-68.49,13.95,61.97,2.32,JESS,WARNING
9.03,-40.14,19.56,12.44,0.0,JESS,NORMAL
20.739,-62.63,17.44,86.07,13.84,JESS,FAILURE
16.696,-57.97,14.11,28.49,8.57,JESS,WARNING
18.122,-55.78,19.02,75.86,0.0,JESS,NORMAL
0.524,-35.0,20.0,19.57,0.0,JESS,WARNING
8.119,-44.79,20.0,52.52,11.47,JESS,FAILURE
27.955,-84.04,9.61,93.63,4.5,JESS,WARNING
9.057,-44.7,20.0,16.7,3.78,JESS,NORMAL
13.421,-38.25,20.0,36.58,10.9,JESS,NORMAL
6.007,-35.0,17.12,80.44,12.1,JESS,FAILURE
4.589,-48.06,20.0,51.7,7.7,JESS,WARNING
6.656,-35.0,19.56,68.53,11.01,JESS,WARNING
16.833,-46.39,20.0,83.08,1.42,JESS,WARNING
27.611,-78.77,16.41,80.56,8.0,JESS,FAILURE
10.123,-35.86,20.0,45.58,3.2,JESS,FAILURE
10.041,-48.46,19.35,48.76,11.35,JESS,WARNING
17.142,-57.23,18.84,61.4,12.6,JESS,FAILURE
11.024,-43.14,20.0,21.05,5.7,JESS,WARNING
27.357,-72.04,18.65,88.26,9.62,JESS,WARNING
11.647,-44.79,18.14,18.41,17.19,JESS,WARNING
14.968,-52.49,15.7,26.63,17.94,JESS,NORMAL
16.235,-63.27,10.46,95.03,1.14,JESS,FAILURE
23.571,-84.13,10.38,35.37,0.0,JESS,WARNING
17.135,-53.68,17.4,31.98,2.4,JESS,WARNING
7.555,-35.0,17.2,48.28,4.0,JESS,FAILURE
4.158,-35.0,20.0,75.19,0.0,JESS,NORMAL
28.164,-81.74,14.83,42.96,11.45,JESS,NORMAL
24.146,-72.89,11.04,88.73,2.06,JESS,NORMAL
1.177,-35.0,20.0,23.44,4.1,JESS,WARNING
24.735,-73.04,12.71,20.61,6.46,JESS,NORMAL
17.923,-63.09,15.91,16.97,8.38,JESS,WARNING
15.807,-51.9,19.55,36.85,9.38,JESS,NORMAL
0.861,-35.0,19.88,27.96,0.0,JESS,WARNING
23.535,-69.47,12.81,51.52,3.14,JESS,NORMAL
6.343,-42.41,16.43,99.61,0.0,JESS,WARNING
21.975,-63.12,13.13,88.17,0.0,JESS,WARNING
0.968,-35.0,20.0,90.55,12.31,JESS,NORMAL
23.992,-70.14,14.44,84.77,9.54,JESS,NORMAL
1.18,-35.0,17.42,34.45,6.22,JESS,FAILURE
7.459,-48.43,15.9,30.37,15.14,JESS,WARNING
8.414,-38.2,20.0,75.89,12.97,JESS,WARNING
5.147,-35.0,20.0,63.91,15.53,JESS,FAILURE
14.691,-37.94,18.53,28.55,0.0,JESS,WARNING
8.869,-46.3,15.12,97.06,0.0,JESS,WARNING
29.802,-84.16,8.94,48.18,9.58,JESS,WARNING
17.609,-59.38,15.85,83.3,6.32,JESS,WARNING
17.211,-51.16,14.75,16.64,9.78,JESS,NORMAL
7.016,-35.8,20.0,13.16,14.52,JESS,WARNING
12.556,-44.76,20.0,51.02,0.0,JESS,WARNING
4.157,-35.8,20.0,20.75,3.24,JESS,WARNING
22.995,-66.96,14.15,98.13,3.06,JESS,NORMAL
10.269,-37.19,20.0,83.08,0.0,JESS,FAILURE
22.683,-73.79,15.67,50.87,14.16,JESS,NORMAL
11.465,-35.34,19.07,98.16,0.0,JESS,WARNING
29.668,-78.45,11.78,31.44,7.61,JESS,NORMAL
5.548,-35.0,20.0,71.11,11.37,JESS,WARNING
0.545,-35.0,20.0,11.58,8.64,JESS,NORMAL
18.047,-44.82,20.0,43.5,3.73,JESS,WARNING
28.612,-67.41,12.6,17.14,13.02,JESS,WARNING
19.588,-50.7,14.97,43.06,15.45,JESS,WARNING
3.029,-35.0,19.51,44.25,18.46,JESS,FAILURE
16.444,-58.25,15.25,43.77,0.0,JESS,NORMAL
27.33,-62.34,16.43,47.3,5.24,JESS,FAILURE
0.692,-35.0,20.0,65.52,17.8,JESS,WARNING
5.424,-35.0,19.7,27.05,1.82,JESS,WARNING
24.53,-71.26,10.12,31.1,8.38,JESS,WARNING
26.87,-74.18,13.4,68.09,1.86,JESS,WARNING
21.361,-62.48,19.5,51.96,0.0,JESS,WARNING
29.751,-75.96,18.18,24.57,4.07,JESS,NORMAL
3.161,-35.0,15.03,80.85,13.11,JESS,FAILURE
16.597,-52.07,19.51,93.78,13.95,JESS,NORMAL
20.707,-71.0,18.14,51.88,13.57,JESS,FAILURE
21.228,-59.44,14.56,65.26,12.45,JESS,WARNING
23.908,-79.83,12.44,83.38,23.6,JESS,NORMAL
27.57,-67.37,16.76,96.74,0.0,JESS,FAILURE
11.168,-62.37,17.98,97.22,12.51,JESS,NORMAL
1.767,-35.0,19.47,93.06,7.3,JESS,WARNING
11.192,-47.71,20.0,83.44,4.25,JESS,WARNING
20.313,-59.83,15.92,48.32,4.49,JESS,NORMAL
6.797,-35.0,19.13,70.27,2.91,JESS,NORMAL
24.394,-71.96,10.55,78.71,1.71,JESS,WARNING
6.983,-40.52,20.0,18.27,9.47,JESS,FAILURE
0.797,-35.0,18.19,20.47,9.66,JESS,WARNING
15.488,-52.39,20.0,73.49,4.89,JESS,WARNING
21.931,-64.87,17.86,70.02,10.87,JESS,WARNING
10.815,-48.41,13.63,82.35,15.77,JESS,WARNING
22.592,-71.89,15.12,26.61,5.6,JESS,FAILURE
13.433,-42.04,14.74,94.3,14.38,JESS,WARNING
5.566,-36.52,17.78,31.45,0.0,JESS,NORMAL
3.171,-35.0,20.0,22.16,6.97,JESS,FAILURE
21.462,-66.43,14.67,39.19,0.0,JESS,NORMAL
11.879,-54.12,15.29,82.77,8.49,JESS,NORMAL
27.427,-78.03,9.03,12.54,6.74,JESS,WARNING
16.438,-61.67,19.52,30.41,1.87,JESS,WARNING
10.779,-35.82,20.0,96.0,0.0,JESS,NORMAL
10.795,-35.0,20.0,11.53,0.0,JESS,FAILURE
4.377,-35.0,20.0,35.04,0.0,JESS,NORMAL
18.017,-52.47,18.51,39.32,10.85,JESS,NORMAL
17.674,-58.03,17.46,93.15,0.83,JESS,WARNING
24.1,-71.88,16.06,86.61,4.83,JESS,NORMAL
6.435,-35.0,19.22,51.41,0.0,JESS,WARNING
9.078,-35.0,16.37,38.58,11.47,JESS,WARNING
3.369,-35.0,20.0,95.0,8.08,JESS,WARNING
9.213,-46.98,15.25,26.95,18.13,JESS,NORMAL
13.129,-42.76,20.0,52.91,10.85,JESS,NORMAL
28.939,-91.19,11.01,47.66,11.31,JESS,WARNING
19.765,-63.26,14.57,94.17,5.03,JESS,FAILURE
23.595,-71.29,11.8,78.02,14.68,JESS,WARNING
10.103,-43.8,20.0,51.7,0.0,JESS,NORMAL
4.763,-35.0,20.0,64.63,2.98,JESS,WARNING
8.073,-40.43,15.99,91.68,0.94,JESS,FAILURE
8.066,-50.56,17.81,84.81,9.59,JESS,NORMAL
17.702,-57.68,20.0,65.39,15.06,JESS,WARNING
10.573,-44.38,20.0,92.38,12.36,JESS,WARNING
25.793,-68.79,10.7,44.23,0.18,JESS,NORMAL
29.662,-86.61,8.23,75.99,10.37,JESS,WARNING
10.627,-39.13,20.0,11.45,0.0,JESS,NORMAL
21.299,-71.02,9.96,62.47,13.31,JESS,NORMAL
19.896,-69.04,13.3,22.33,5.11,JESS,NORMAL
6.237,-35.0,19.02,57.19,6.99,JESS,NORMAL
27.581,-78.78,11.96,32.19,0.0,JESS,WARNING
6.384,-35.0,20.0,44.26,9.71,JESS,NORMAL
22.24,-72.17,13.18,81.29,0.0,JESS,WARNING
10.754,-59.13,14.8,15.27,0.0,JESS,WARNING
11.329,-39.12,20.0,58.37,0.0,JESS,NORMAL
13.936,-46.95,18.66,23.04,14.48,JESS,WARNING
26.003,-79.98,9.43,61.59,9.91,JESS,NORMAL
4.637,-35.0,19.78,67.02,17.57,JESS,WARNING
2.11,-35.0,16.06,26.39,2.88,JESS,WARNING
12.36,-49.41,16.47,10.54,17.72,JESS,WARNING
2.14,-35.0,20.0,17.69,1.83,JESS,NORMAL
20.784,-68.16,16.24,72.07,0.0,JESS,WARNING
22.93,-74.85,12.09,44.21,18.2,JESS,WARNING
25.714,-69.92,16.66,43.56,7.93,JESS,NORMAL
22.443,-79.84,16.23,72.27,7.86,JESS,WARNING
27.532,-79.38,12.13,54.74,7.36,JESS,NORMAL
22.575,-72.26,11.18,67.34,10.22,JESS,WARNING
28.114,-82.61,10.41,92.74,0.84,JESS,NORMAL
6.197,-35.0,20.0,55.62,6.66,JESS,WARNING
15.246,-57.61,19.52,67.42,13.57,JESS,WARNING
29.821,-82.14,11.74,67.57,0.08,JESS,NORMAL
20.607,-66.73,13.99,58.12,10.34,JESS,FAILURE
26.42,-81.1,14.69,69.8,14.27,JESS,WARNING
1.397,-35.0,18.07,85.09,5.46,JESS,NORMAL
26.217,-79.75,12.1,82.7,15.42,JESS,NORMAL
21.083,-63.06,18.77,15.15,4.92,JESS,WARNING
5.537,-35.0,20.0,95.66,13.39,JESS,NORMAL
1.258,-35.0,20.0,86.25,0.0,JESS,NORMAL
8.168,-48.56,14.45,97.35,14.01,JESS,NORMAL
27.515,-79.33,10.8,27.47,0.17,JESS,NORMAL
20.21,-67.37,14.95,58.28,6.91,JESS,WARNING
27.624,-83.04,14.22,49.59,18.09,JESS,NORMAL
13.661,-50.23,13.95,43.93,4.19,JESS,WARNING
28.13,-72.07,11.6,46.59,6.78,JESS,FAILURE
14.157,-44.14,18.19,91.33,15.47,JESS,FAILURE
6.526,-35.0,20.0,72.86,0.0,JESS,WARNING
4.966,-35.0,18.61,39.23,5.52,JESS,WARNING
29.817,-85.51,9.33,44.1,0.0,JESS,WARNING
10.349,-52.14,20.0,52.17,4.63,JESS,WARNING
5.222,-35.0,20.0,43.02,2.39,JESS,NORMAL
0.748,-35.0,19.89,28.91,15.61,JESS,FAILURE
8.924,-35.0,20.0,49.18,17.19,JESS,WARNING
26.729,-69.21,9.78,17.16,6.53,JESS,NORMAL
16.253,-54.74,15.86,86.9,12.0,JESS,NORMAL
19.157,-62.82,13.29,84.24,13.57,JESS,WARNING
27.711,-82.52,9.52,90.27,9.63,JESS,WARNING
15.629,-61.35,13.26,50.13,6.05,JESS,WARNING
25.229,-69.87,13.52,68.61,12.78,JESS,NORMAL
10.053,-41.53,19.11,82.9,1.06,JESS,NORMAL
29.325,-71.77,12.15,38.34,6.44,JESS,NORMAL
2.825,-35.0,15.88,67.0,12.24,JESS,FAILURE
21.882,-69.3,11.79,49.44,5.36,JESS,FAILURE
19.987,-60.23,14.17,43.63,0.0,JESS,WARNING
6.154,-35.0,16.86,87.35,21.18,JESS,WARNING
11.971,-42.91,20.0,66.17,10.36,JESS,WARNING
9.728,-35.0,16.34,66.11,0.0,JESS,WARNING
3.288,-35.54,20.0,24.12,0.0,JESS,NORMAL
17.751,-53.59,11.89,41.22,1.64,JESS,NORMAL
29.813,-84.42,7.36,85.71,23.82,JESS,FAILURE
17.008,-59.44,15.09,29.21,16.76,JESS,FAILURE
16.585,-56.07,19.9,97.34,6.86,JESS,WARNING
1.689,-35.0,18.68,84.87,4.87,JESS,WARNING
4.607,-35.0,20.0,34.09,7.52,JESS,NORMAL
15.64,-53.75,13.39,19.74,13.46,JESS,NORMAL
29.563,-93.47,10.48,25.26,6.18,JESS,WARNING
26.36,-81.39,12.41,31.8,0.0,JESS,WARNING
10.536,-35.0,18.12,31.4,10.23,JESS,WARNING
16.519,-52.6,13.5,11.47,6.67,JESS,WARNING
16.805,-50.16,18.15,74.38,12.12,JESS,NORMAL
20.718,-57.46,16.89,97.94,0.66,JESS,WARNING
20.79,-60.08,11.77,35.78,5.69,JESS,WARNING
23.799,-69.74,15.77,11.47,0.0,JESS,NORMAL
1.237,-35.0,20.0,92.65,0.0,JESS,NORMAL
28.339,-82.0,13.97,28.56,3.51,JESS,WARNING
2.567,-35.0,18.06,10.64,19.27,JESS,WARNING
14.547,-49.63,20.0,30.17,1.47,JESS,WARNING
27.628,-68.24,13.16,19.36,3.96,JESS,WARNING
14.886,-54.31,16.58,75.34,8.25,JESS,WARNING
2.377,-35.0,17.85,10.15,12.15,JESS,WARNING
7.263,-38.9,20.0,49.72,0.0,JESS,WARNING
17.571,-49.68,14.87,54.28,1.99,JESS,WARNING
3.092,-35.0,20.0,80.58,5.98,JESS,NORMAL
12.998,-54.28,11.01,57.01,0.0,JESS,WARNING
10.208,-52.68,19.32,21.23,1.02,JESS,NORMAL
24.549,-72.48,8.63,48.38,3.33,JESS,NORMAL
3.749,-35.0,20.0,94.11,9.27,JESS,WARNING
20.643,-66.23,12.82,31.31,10.34,JESS,NORMAL
12.494,-37.48,20.0,36.95,0.48,JESS,FAILURE
17.839,-72.64,13.67,88.59,8.89,JESS,NORMAL
6.563,-35.0,20.0,80.74,5.38,JESS,WARNING
18.486,-58.4,20.0,36.6,17.23,JESS,WARNING
20.382,-62.19,13.54,73.75,9.45,JESS,FAILURE
2.572,-35.0,17.51,17.66,0.0,JESS,WARNING
24.818,-65.58,17.09,58.87,3.1,JESS,WARNING
25.907,-73.86,12.56,88.39,0.0,JESS,WARNING
2.375,-35.0,20.0,85.83,9.33,JESS,NORMAL
18.294,-71.77,10.78,28.26,14.67,JESS,NORMAL
18.023,-56.45,13.11,57.98,5.1,JESS,WARNING
0.868,-35.0,20.0,45.86,6.11,JESS,WARNING
10.599,-38.04,17.63,60.48,5.67,JESS,WARNING
29.083,-76.32,9.77,16.76,4.18,JESS,FAILURE
16.886,-62.71,17.02,98.32,5.67,JESS,FAILURE
28.03,-80.56,10.13,60.72,8.23,JESS,WARNING
20.432,-56.16,17.82,20.74,2.0,JESS,WARNING
1.338,-35.0,15.19,67.8,2.74,JESS,WARNING
2.793,-35.0,16.88,10.69,14.79,JESS,WARNING
21.804,-71.1,14.24,10.58,12.73,JESS,WARNING
16.86,-58.71,14.88,26.12,2.64,JESS,NORMAL
4.251,-35.0,19.69,34.38,12.77,JESS,WARNING
18.615,-56.68,12.76,33.68,6.09,JESS,WARNING
24.403,-72.14,13.89,49.89,15.32,JESS,WARNING
22.713,-68.91,19.37,56.19,10.77,JESS,WARNING
7.762,-38.12,20.0,47.99,0.31,JESS,NORMAL
8.117,-41.38,19.29,43.65,4.55,JESS,WARNING
29.051,-91.64,11.16,70.31,4.46,JESS,NORMAL
26.678,-65.76,9.83,32.35,9.66,JESS,FAILURE
9.891,-51.27,19.98,66.5,9.34,JESS,NORMAL
24.81,-76.7,18.74,96.1,0.0,JESS,FAILURE
5.271,-35.82,18.14,52.46,0.0,JESS,FAILURE
6.307,-45.71,20.0,56.01,6.84,JESS,FAILURE
5.845,-35.0,19.75,75.55,0.0,JESS,NORMAL
3.088,-35.61,20.0,55.67,8.02,JESS,WARNING
25.713,-73.61,14.42,22.95,12.41,JESS,WARNING
17.575,-62.97,12.32,64.96,0.0,JESS,FAILURE
8.139,-35.02,20.0,55.79,3.1,JESS,WARNING
25.535,-62.83,16.49,95.63,8.94,JESS,NORMAL
24.178,-67.75,12.35,18.37,1.94,JESS,WARNING
3.478,-35.0,17.94,58.28,0.0,JESS,FAILURE
19.502,-74.91,9.56,65.52,8.57,JESS,WARNING
21.794,-53.98,17.27,65.79,0.57,JESS,NORMAL
21.617,-71.39,14.21,15.37,3.44,JESS,NORMAL
21.833,-52.62,11.98,39.5,3.94,JESS,WARNING
5.499,-35.0,20.0,33.63,3.58,JESS,NORMAL
9.795,-37.36,18.38,71.2,14.73,JESS,WARNING
25.403,-68.59,12.05,76.19,5.54,JESS,NORMAL
27.003,-81.6,10.8,28.83,4.47,JESS,WARNING
8.736,-35.0,20.0,84.35,3.41,JESS,WARNING
1.179,-35.0,20.0,53.65,4.68,JESS,WARNING
25.863,-77.11,9.87,33.67,8.41,JESS,WARNING
11.624,-41.99,19.49,36.98,9.28,JESS,FAILURE
10.219,-49.63,16.02,33.72,20.21,JESS,WARNING
10.736,-35.0,20.0,64.4,6.66,JESS,NORMAL
12.763,-42.77,17.87,57.44,9.83,JESS,FAILURE
11.659,-43.73,20.0,94.49,2.64,JESS,FAILURE
17.21,-45.81,17.99,34.63,12.0,JESS,NORMAL
2.829,-35.0,18.52,38.73,7.44,JESS,WARNING
29.16,-78.86,14.27,10.58,18.46,JESS,NORMAL
28.125,-79.96,15.22,36.85,1.88,JESS,NORMAL
28.065,-75.56,14.03,32.58,5.26,JESS,WARNING
26.439,-76.46,11.7,46.18,0.0,JESS,FAILURE
19.98,-63.99,17.12,54.61,13.9,JESS,FAILURE
7.023,-35.0,20.0,70.32,11.38,JESS,NORMAL
1.96,-35.0,20.0,27.27,0.0,JESS,WARNING
3.43,-35.0,20.0,60.08,14.28,JESS,WARNING
10.058,-44.12,16.6,75.58,3.83,JESS,WARNING
15.365,-51.25,16.69,31.71,6.17,JESS,NORMAL
29.801,-78.05,12.96,41.61,5.25,JESS,FAILURE
13.346,-39.97,20.0,28.46,0.0,JESS,FAILURE
15.977,-59.84,17.04,19.99,2.06,JESS,NORMAL
21.007,-59.78,14.1,78.06,12.06,JESS,WARNING
5.832,-35.0,20.0,31.61,10.16,JESS,FAILURE
28.018,-81.2,13.24,43.08,14.76,JESS,NORMAL
16.107,-57.51,19.13,32.29,9.37,JESS,NORMAL
8.65,-47.17,20.0,13.94,0.0,JESS,WARNING
28.086,-81.17,14.3,75.61,3.9,JESS,WARNING
18.951,-56.19,19.51,67.9,0.0,JESS,NORMAL
14.769,-50.44,17.57,52.85,5.61,JESS,NORMAL
17.615,-49.73,20.0,70.69,0.0,JESS,FAILURE
22.575,-67.38,13.93,86.18,1.72,JESS,NORMAL
5.059,-35.0,20.0,65.66,0.0,JESS,WARNING
26.012,-77.84,17.53,91.61,11.02,JESS,WARNING
28.805,-74.46,13.78,28.13,19.81,JESS,NORMAL
17.226,-54.43,17.44,89.5,7.98,JESS,NORMAL
20.627,-63.56,18.22,58.74,17.54,JESS,WARNING
25.865,-72.19,7.45,85.75,1.36,JESS,FAILURE
11.557,-35.2,20.0,76.94,0.17,JESS,NORMAL
29.789,-88.83,11.46,15.19,5.18,JESS,WARNING
20.575,-69.96,17.09,85.4,6.79,JESS,NORMAL
13.008,-44.93,17.05,40.36,14.39,JESS,WARNING
20.481,-58.07,18.83,48.08,9.81,JESS,NORMAL
15.89,-61.79,15.56,11.0,19.37,JESS,FAILURE
3.793,-35.0,20.0,78.28,4.18,JESS,NORMAL
23.978,-74.47,15.83,52.03,12.09,JESS,FAILURE
17.149,-57.34,20.0,94.57,16.93,JESS,NORMAL
23.977,-62.46,14.39,35.29,5.71,JESS,WARNING
5.07,-41.49,16.87,54.65,1.59,JESS,NORMAL
16.382,-50.02,16.05,47.0,6.14,JESS,FAILURE
23.115,-71.9,9.49,81.29,6.27,JESS,NORMAL
29.655,-84.14,9.51,58.21,14.05,JESS,NORMAL
26.59,-74.94,15.25,51.39,5.34,JESS,FAILURE
25.998,-67.01,12.59,95.21,1.15,JESS,WARNING
7.8,-41.81,19.94,44.01,10.22,JESS,WARNING
25.221,-79.38,11.72,54.1,3.56,JESS,FAILURE
5.494,-35.0,17.44,59.87,14.92,JESS,NORMAL
6.344,-36.62,20.0,14.85,2.72,JESS,WARNING
3.748,-41.16,18.96,57.39,0.0,JESS,NORMAL
25.799,-75.33,15.9,40.22,4.79,JESS,WARNING
3.694,-35.0,20.0,68.52,15.41,JESS,WARNING
4.574,-39.4,14.93,67.93,2.13,JESS,WARNING
7.754,-37.94,17.33,74.02,10.76,JESS,WARNING
17.394,-52.76,17.92,45.92,2.89,JESS,WARNING
26.465,-59.3,14.48,19.43,12.83,JESS,NORMAL
12.838,-42.52,20.0,49.52,7.31,JESS,NORMAL
16.615,-51.16,11.79,59.7,6.84,JESS,NORMAL
5.411,-35.0,20.0,12.24,0.0,JESS,NORMAL
8.345,-35.67,19.59,59.26,0.0,JESS,FAILURE
4.451,-37.52,14.68,45.93,15.48,JESS,NORMAL
12.593,-46.39,17.12,53.06,10.9,JESS,FAILURE
17.915,-64.04,16.61,37.3,4.62,JESS,WARNING
8.879,-43.9,17.92,54.29,2.07,JESS,WARNING
25.457,-72.1,14.78,89.37,12.05,JESS,WARNING
29.447,-85.29,15.92,80.91,2.42,JESS,WARNING
4.045,-35.0,20.0,65.44,9.7,JESS,WARNING
1.027,-35.0,18.9,66.39,1.39,JESS,NORMAL
23.798,-61.24,19.12,90.59,6.16,JESS,WARNING
6.124,-35.0,20.0,53.17,0.0,JESS,WARNING
10.918,-53.71,12.86,58.54,4.15,JESS,FAILURE
12.13,-50.72,13.5,87.42,9.27,JESS,NORMAL
27.54,-81.62,11.73,77.92,12.68,JESS,NORMAL
19.936,-57.98,19.58,48.98,13.31,JESS,NORMAL
1.698,-35.0,18.97,37.47,3.14,JESS,FAILURE
0.937,-35.0,20.0,56.6,17.64,JESS,NORMAL
6.387,-42.71,20.0,20.86,11.17,JESS,NORMAL
9.886,-44.38,11.36,71.24,6.18,JESS,NORMAL
14.793,-44.26,20.0,51.8,11.44,JESS,NORMAL
25.216,-77.26,14.96,63.55,8.16,JESS,WARNING
9.787,-47.9,20.0,86.16,9.6,JESS,WARNING
11.608,-35.0,20.0,42.07,3.88,JESS,NORMAL
10.215,-35.0,20.0,54.75,4.76,JESS,FAILURE
0.764,-35.0,20.0,60.01,8.37,JESS,WARNING
28.678,-85.04,14.2,35.22,4.35,JESS,WARNING
4.6,-35.0,20.0,34.74,0.0,JESS,WARNING
8.986,-45.93,20.0,57.36,10.45,JESS,WARNING
4.314,-35.0,20.0,33.14,1.83,JESS,NORMAL
14.971,-55.41,20.0,87.51,16.95,JESS,NORMAL
27.999,-85.02,10.29,99.54,10.27,JESS,NORMAL
3.471,-35.0,20.0,28.98,13.94,JESS,NORMAL
13.506,-42.48,15.5,61.77,2.44,JESS,WARNING
1.16,-35.57,20.0,23.08,6.64,JESS,NORMAL
23.241,-62.01,19.32,26.7,12.8,JESS,WARNING
19.416,-63.29,16.82,78.94,7.32,JESS,NORMAL
21.141,-62.7,16.89,27.97,8.57,JESS,NORMAL
14.434,-51.58,19.48,77.41,0.0,JESS,WARNING
27.275,-78.03,12.78,46.36,6.74,JESS,WARNING
12.582,-35.0,20.0,53.15,6.9,JESS,WARNING
15.666,-56.53,18.31,33.35,6.88,JESS,WARNING
21.011,-65.37,16.88,59.41,10.55,JESS,FAILURE
15.857,-40.49,17.74,39.84,14.78,JESS,WARNING
6.085,-35.0,20.0,25.71,4.61,JESS,FAILURE
9.854,-36.66,20.0,22.52,0.0,JESS,WARNING
3.223,-43.96,16.61,99.97,0.0,JESS,WARNING
13.262,-54.68,20.0,41.11,6.62,JESS,WARNING
18.477,-53.21,18.71,82.44,0.0,JESS,NORMAL
3.997,-35.0,20.0,40.72,0.0,JESS,FAILURE
19.102,-57.68,15.01,66.07,0.0,JESS,WARNING
26.84,-69.37,18.61,85.7,2.26,JESS,WARNING
10.463,-41.59,19.71,72.64,0.0,JESS,NORMAL
7.05,-35.09,20.0,16.22,0.0,JESS,WARNING
26.844,-81.95,9.36,27.35,0.0,JESS,NORMAL
20.912,-78.03,14.37,88.62,5.53,JESS,NORMAL
3.609,-35.0,20.0,52.41,3.99,JESS,NORMAL
12.539,-50.19,17.42,63.86,15.78,JESS,WARNING
20.386,-64.48,12.27,12.2,0.0,JESS,WARNING
17.444,-68.69,16.3,53.86,0.0,JESS,FAILURE
18.747,-56.03,20.0,48.78,6.91,JESS,WARNING
17.23,-50.55,14.53,71.76,7.08,JESS,FAILURE
24.043,-76.94,12.86,34.7,0.86,JESS,WARNING
9.953,-35.0,20.0,76.95,7.06,JESS,WARNING
21.4,-77.5,9.58,70.38,8.91,JESS,NORMAL
29.737,-75.74,17.52,55.87,8.07,JESS,WARNING
12.004,-48.36,20.0,43.81,5.45,JESS,NORMAL
23.836,-68.9,16.4,37.18,3.16,JESS,WARNING
7.76,-45.68,20.0,58.16,2.92,JESS,NORMAL
8.816,-46.79,16.9,61.91,5.28,JESS,WARNING
28.078,-73.87,12.45,50.33,2.54,JESS,NORMAL
1.265,-35.0,16.6,38.85,10.22,JESS,WARNING
6.914,-35.0,19.17,89.19,5.76,JESS,WARNING
14.746,-54.23,18.57,37.92,0.0,JESS,WARNING
12.355,-44.08,19.85,70.49,2.65,JESS,WARNING
19.061,-61.74,14.16,91.43,0.0,JESS,WARNING
6.185,-37.5,20.0,68.22,4.3,JESS,WARNING
2.581,-35.0,20.0,42.93,0.0,JESS,NORMAL
11.395,-42.84,16.9,36.75,16.59,JESS,WARNING
15.968,-50.72,20.0,86.81,13.34,JESS,NORMAL
17.079,-64.45,14.99,54.1,5.28,JESS,NORMAL
18.244,-56.46,17.34,63.4,0.54,JESS,WARNING
16.686,-45.04,18.4,63.67,14.28,JESS,FAILURE
7.75,-51.48,18.33,58.04,8.25,JESS,FAILURE
23.054,-67.0,8.84,93.82,12.35,JESS,NORMAL
3.09,-35.0,20.0,93.79,10.89,JESS,NORMAL
6.351,-42.28,17.11,13.64,8.62,JESS,WARNING
22.312,-65.48,15.83,55.51,15.85,JESS,WARNING
8.752,-39.29,19.87,60.9,12.17,JESS,FAILURE
15.057,-53.64,14.53,93.3,0.0,JESS,NORMAL
10.152,-39.62,18.07,16.27,7.0,JESS,WARNING
15.456,-56.49,15.31,81.02,2.04,JESS,NORMAL
10.726,-43.53,20.0,67.82,18.15,JESS,NORMAL
29.829,-85.59,12.64,75.92,25.13,JESS,WARNING
11.046,-37.86,17.08,36.25,5.15,JESS,WARNING
18.998,-60.41,19.23,77.2,0.0,JESS,WARNING
26.706,-84.75,12.37,35.44,0.0,JESS,WARNING
19.319,-63.25,14.27,70.81,9.63,JESS,NORMAL
17.193,-53.75,15.85,80.83,2.87,JESS,WARNING
17.292,-60.16,17.04,80.5,10.58,JESS,WARNING
15.146,-54.05,19.62,58.99,1.14,JESS,NORMAL
24.324,-76.83,17.54,47.22,0.0,JESS,FAILURE
1.988,-35.0,20.0,31.92,8.77,JESS,NORMAL
26.611,-61.54,19.83,13.01,7.36,JESS,NORMAL
17.796,-55.04,20.0,14.4,3.4,JESS,WARNING
25.542,-71.15,16.74,47.67,14.07,JESS,NORMAL
0.807,-35.0,20.0,18.54,0.0,JESS,FAILURE
26.144,-82.22,12.24,20.08,3.81,JESS,WARNING
4.044,-35.0,20.0,27.52,4.5,JESS,WARNING
21.776,-62.23,14.72,53.32,0.0,JESS,WARNING
12.787,-50.34,20.0,63.26,4.48,JESS,WARNING
20.592,-68.92,16.63,72.48,4.0,JESS,NORMAL
19.032,-57.68,12.38,53.76,18.12,JESS,WARNING
5.32,-35.0,19.24,69.83,2.2,JESS,NORMAL
15.681,-58.68,18.6,87.59,0.0,JESS,WARNING
8.678,-35.0,20.0,43.67,9.36,JESS,WARNING
17.033,-54.97,20.0,71.94,7.19,JESS,NORMAL
22.271,-67.86,14.81,69.27,4.29,JESS,WARNING
2.897,-37.48,20.0,67.28,4.4,JESS,NORMAL
15.715,-48.52,19.19,62.51,0.0,JESS,FAILURE
18.72,-56.11,20.0,75.35,14.94,JESS,FAILURE
9.213,-44.38,16.37,83.67,9.08,JESS,WARNING
28.614,-89.67,12.53,45.29,13.65,JESS,WARNING
15.849,-47.18,20.0,68.93,0.0,JESS,NORMAL
5.884,-35.0,20.0,32.37,12.7,JESS,NORMAL
3.68,-35.0,19.99,78.04,5.26,JESS,FAILURE
16.479,-50.76,18.86,89.24,10.04,JESS,NORMAL
11.57,-45.28,20.0,78.53,0.0,JESS,NORMAL
6.18,-46.45,16.8,54.2,0.0,JESS,NORMAL
1.406,-35.0,19.05,22.01,4.87,JESS,WARNING
17.215,-53.44,9.05,88.58,12.56,JESS,FAILURE
18.159,-65.42,19.25,83.32,3.79,JESS,NORMAL
4.683,-35.0,20.0,72.82,7.12,JESS,NORMAL
18.251,-59.81,18.19,86.63,6.51,JESS,WARNING
28.583,-71.2,12.51,57.97,9.51,JESS,WARNING
29.36,-75.67,8.83,99.17,17.27,JESS,WARNING
26.711,-81.33,9.44,85.34,4.49,JESS,NORMAL
24.309,-79.63,9.15,24.72,9.54,JESS,WARNING
6.676,-40.27,20.0,46.19,14.16,JESS,WARNING
5.115,-38.5,14.07,25.31,8.69,JESS,NORMAL
13.626,-35.0,20.0,30.18,2.75,JESS,NORMAL
18.779,-61.57,15.68,55.09,4.96,JESS,FAILURE
25.595,-81.56,15.22,42.53,16.34,JESS,NORMAL
7.343,-36.24,17.17,91.88,2.23,JESS,WARNING
14.65,-60.88,10.59,10.01,1.56,JESS,WARNING
19.599,-60.98,20.0,10.93,2.07,JESS,WARNING
13.645,-62.36,16.78,92.83,7.16,JESS,NORMAL
13.899,-43.55,15.77,31.51,17.36,JESS,NORMAL
7.141,-49.07,20.0,10.22,0.36,JESS,NORMAL
29.606,-80.84,7.25,49.39,9.16,JESS,FAILURE
14.518,-51.41,18.1,27.61,0.0,JESS,WARNING
16.216,-50.19,20.0,14.8,3.72,JESS,NORMAL
6.947,-40.68,16.23,57.74,5.59,JESS,WARNING
15.667,-64.95,16.33,22.62,1.21,JESS,FAILURE
8.033,-37.97,19.5,85.32,0.0,JESS,WARNING
6.469,-38.26,17.24,37.19,12.98,JESS,WARNING
8.634,-45.75,15.59,29.95,0.0,JESS,NORMAL
0.581,-35.0,20.0,76.58,8.92,JESS,WARNING
17.319,-55.48,19.06,86.38,3.21,JESS,NORMAL
11.931,-35.0,20.0,18.38,2.05,JESS,FAILURE
27.011,-74.69,9.84,23.64,13.96,JESS,NORMAL
1.701,-35.0,20.0,52.71,1.71,JESS,NORMAL
1.774,-35.0,14.62,63.12,12.24,JESS,NORMAL
26.633,-75.54,8.16,17.49,0.0,JESS,WARNING
4.236,-35.0,20.0,43.75,15.18,JESS,WARNING
0.564,-35.0,17.97,90.78,20.06,JESS,NORMAL
5.778,-35.0,20.0,88.85,2.95,JESS,FAILURE
24.804,-90.58,16.96,38.01,5.75,JESS,WARNING
24.18,-69.99,14.58,30.47,12.94,JESS,WARNING
10.534,-47.94,19.11,62.45,5.72,JESS,WARNING
20.207,-57.23,18.76,18.65,15.41,JESS,NORMAL
15.464,-43.44,19.52,31.0,7.68,JESS,NORMAL
27.19,-74.7,16.42,25.01,1.06,JESS,NORMAL
2.164,-35.0,20.0,28.7,12.73,JESS,NORMAL
24.489,-72.14,14.24,29.33,5.4,JESS,NORMAL
5.533,-35.0,20.0,66.47,8.77,JESS,WARNING
12.053,-49.88,20.0,53.93,8.95,JESS,WARNING
6.163,-45.29,14.59,87.61,9.52,JESS,WARNING
21.227,-60.35,20.0,76.21,15.9,JESS,NORMAL
20.511,-63.88,16.51,54.9,6.27,JESS,WARNING
16.663,-74.33,11.47,37.67,8.43,JESS,NORMAL
21.096,-70.64,11.32,84.88,4.8,JESS,NORMAL
19.367,-58.87,15.69,17.16,0.47,JESS,WARNING
23.405,-65.64,17.89,71.29,0.0,JESS,NORMAL
7.562,-46.38,20.0,20.17,4.77,JESS,FAILURE
13.153,-58.06,16.07,57.95,0.0,JESS,WARNING
4.973,-35.0,18.14,91.15,3.31,JESS,NORMAL
13.173,-52.99,12.65,31.43,15.38,JESS,WARNING
21.2,-60.7,15.52,17.07,1.75,JESS,FAILURE
20.896,-62.72,15.89,40.55,0.0,JESS,WARNING
21.428,-72.45,17.77,53.04,19.08,JESS,NORMAL
9.609,-49.99,12.29,75.23,8.79,JESS,NORMAL
20.035,-67.81,17.35,12.68,7.47,JESS,WARNING
11.34,-45.54,20.0,21.78,9.68,JESS,WARNING
28.363,-77.2,10.68,46.97,1.33,JESS,WARNING
10.629,-47.77,13.65,18.55,11.92,JESS,NORMAL
18.289,-61.2,16.37,96.03,3.95,JESS,FAILURE
22.629,-63.09,20.0,55.99,14.2,JESS,WARNING
27.239,-62.91,9.2,43.92,4.04,JESS,NORMAL
13.419,-52.26,20.0,98.18,0.0,JESS,NORMAL
11.134,-45.96,20.0,68.15,11.76,JESS,NORMAL
13.186,-53.58,17.9,56.42,6.33,JESS,WARNING
10.049,-56.58,12.94,31.7,0.0,JESS,NORMAL
19.791,-51.25,20.0,32.78,7.24,JESS,WARNING
28.015,-81.43,5.97,42.6,10.85,JESS,FAILURE
4.219,-35.0,17.55,77.57,3.95,JESS,WARNING
17.047,-62.71,17.59,83.44,0.0,JESS,WARNING
26.981,-85.17,11.75,27.29,18.1,JESS,FAILURE
3.453,-35.0,18.17,83.57,4.54,JESS,FAILURE
15.069,-51.91,19.93,39.78,7.25,JESS,NORMAL
26.024,-77.68,13.68,28.03,4.0,JESS,WARNING
27.063,-78.29,10.79,27.53,9.5,JESS,WARNING
15.673,-46.04,17.75,51.71,11.73,JESS,WARNING
1.236,-35.0,20.0,79.04,19.24,JESS,NORMAL
3.616,-35.0,13.01,61.36,4.74,JESS,NORMAL
17.808,-59.45,18.76,51.82,8.74,JESS,NORMAL
4.154,-35.0,20.0,11.62,5.86,JESS,WARNING
4.908,-39.28,18.79,60.72,0.13,JESS,NORMAL
23.277,-62.66,15.63,70.72,11.95,JESS,WARNING
22.645,-62.69,14.54,18.83,7.68,JESS,WARNING
25.362,-62.49,19.08,96.06,9.49,JESS,NORMAL
3.619,-35.0,18.88,18.24,6.64,JESS,WARNING
6.345,-36.56,20.0,72.16,0.0,JESS,NORMAL
25.072,-67.9,13.13,57.21,11.62,JESS,WARNING
21.772,-68.68,16.12,89.58,9.09,JESS,WARNING
24.276,-66.56,13.38,47.27,8.68,JESS,WARNING
29.697,-73.1,12.6,55.77,7.36,JESS,WARNING
26.001,-79.85,8.62,59.76,3.34,JESS,WARNING
15.854,-60.03,17.2,88.74,10.97,JESS,WARNING
9.668,-42.24,18.28,81.97,0.0,JESS,NORMAL
17.305,-63.28,17.49,35.21,6.75,JESS,WARNING
19.338,-65.83,18.91,95.97,3.18,JESS,NORMAL
10.392,-40.32,20.0,77.78,6.72,JESS,WARNING
23.243,-62.34,11.5,11.08,9.92,JESS,NORMAL
3.236,-35.0,18.88,26.54,0.19,JESS,WARNING
23.492,-68.73,17.26,87.02,8.84,JESS,NORMAL
1.444,-35.0,20.0,68.13,3.02,JESS,WARNING
15.19,-54.48,14.5,33.23,0.0,JESS,WARNING
25.912,-71.97,17.96,25.43,3.84,JESS,NORMAL
3.052,-35.0,20.0,23.21,14.38,JESS,WARNING
15.773,-57.78,19.39,38.63,3.78,JESS,FAILURE
5.202,-44.89,18.09,90.87,2.83,JESS,WARNING
26.897,-76.81,19.89,41.68,0.0,JESS,FAILURE
25.054,-73.04,13.25,69.46,11.81,JESS,WARNING
28.051,-73.57,15.15,20.04,2.55,JESS,NORMAL
26.312,-62.3,16.1,57.83,0.0,JESS,NORMAL
22.228,-57.57,10.24,40.86,9.38,JESS,NORMAL
5.954,-39.65,18.65,24.45,0.09,JESS,NORMAL
9.424,-44.3,20.0,81.8,9.7,JESS,WARNING
15.157,-50.16,20.0,83.4,1.67,JESS,WARNING
17.872,-56.49,10.75,37.56,9.61,JESS,WARNING
23.574,-84.64,10.1,68.84,8.65,JESS,NORMAL
7.195,-35.0,20.0,45.47,4.62,JESS,NORMAL
4.284,-35.0,17.9,14.0,0.0,JESS,NORMAL
14.737,-58.52,16.71,48.5,0.4,JESS,NORMAL
5.156,-36.01,20.0,61.83,0.0,JESS,NORMAL
20.965,-76.49,12.31,36.91,4.59,JESS,NORMAL
17.481,-60.92,12.71,95.4,10.72,JESS,WARNING
22.363,-58.48,18.3,60.22,0.0,JESS,WARNING
2.371,-35.0,19.49,43.43,9.08,JESS,WARNING
28.959,-74.18,12.27,76.15,0.0,JESS,NORMAL
0.5,-35.0,20.0,40.68,1.52,JESS,WARNING
10.101,-43.04,18.18,12.22,14.02,JESS,FAILURE
20.549,-59.82,18.45,10.74,5.22,JESS,WARNING
1.832,-35.0,17.8,37.18,2.5,JESS,NORMAL
2.959,-35.0,20.0,24.04,7.47,JESS,WARNING
2.762,-35.0,18.78,41.72,11.47,JESS,FAILURE
17.655,-62.92,13.17,79.27,2.09,JESS,WARNING
26.93,-81.12,11.27,37.81,1.77,JESS,FAILURE
16.885,-52.0,17.26,60.37,8.91,JESS,WARNING
18.305,-51.14,20.0,92.77,10.61,JESS,FAILURE
10.707,-46.58,16.95,72.85,0.48,JESS,WARNING
1.053,-35.0,20.0,60.56,4.28,JESS,WARNING
1.138,-35.0,20.0,88.04,11.1,JESS,WARNING
26.705,-74.83,12.8,39.76,6.71,JESS,WARNING
3.526,-35.0,20.0,27.81,0.77,JESS,FAILURE
29.994,-82.71,11.59,77.25,18.12,JESS,WARNING
5.35,-39.19,17.59,15.29,5.62,JESS,WARNING
20.402,-71.83,9.78,48.18,7.94,JESS,NORMAL
28.494,-65.75,20.0,35.84,0.64,JESS,NORMAL
11.188,-35.0,20.0,97.42,9.86,JESS,WARNING
22.166,-70.32,15.98,43.94,3.49,JESS,NORMAL
10.85,-45.31,20.0,69.71,8.14,JESS,WARNING
9.496,-35.0,19.91,34.16,3.76,JESS,NORMAL
6.453,-35.0,20.0,98.49,1.9,JESS,WARNING
24.718,-58.21,15.18,26.24,0.76,JESS,NORMAL
8.093,-35.0,18.6,91.6,12.08,JESS,NORMAL
8.853,-42.31,19.02,50.08,12.18,JESS,NORMAL
29.97,-91.55,9.29,48.45,16.92,JESS,NORMAL
10.156,-43.24,12.43,73.12,1.17,JESS,NORMAL
12.972,-59.44,17.65,18.4,0.01,JESS,NORMAL
29.707,-69.75,11.91,59.2,14.03,JESS,FAILURE
11.394,-52.43,20.0,29.8,0.0,JESS,NORMAL
11.301,-37.48,20.0,24.14,15.15,JESS,NORMAL
24.918,-66.58,15.36,88.97,10.39,JESS,WARNING
9.702,-49.76,10.3,99.76,4.61,JESS,NORMAL
7.397,-44.09,20.0,97.41,0.0,JESS,WARNING
12.985,-50.36,18.45,83.9,5.32,JESS,WARNING
21.169,-62.18,12.35,92.8,0.85,JESS,NORMAL
1.776,-35.0,20.0,93.18,11.9,JESS,WARNING
11.531,-43.98,10.83,25.87,1.91,JESS,NORMAL
10.714,-54.24,16.29,17.71,2.95,JESS,WARNING
7.722,-38.26,20.0,21.41,0.3,JESS,NORMAL
19.801,-63.56,17.4,24.63,0.0,JESS,NORMAL
9.055,-36.84,20.0,84.02,1.6,JESS,NORMAL
18.399,-54.08,17.08,94.71,14.58,JESS,FAILURE
15.378,-53.81,17.43,41.67,15.13,JESS,NORMAL
6.907,-41.55,20.0,13.09,4.78,JESS,NORMAL
8.364,-44.81,11.73,37.67,5.52,JESS,NORMAL
5.533,-36.07,20.0,73.55,4.84,JESS,FAILURE
2.171,-35.0,20.0,94.86,0.0,JESS,NORMAL
18.766,-61.66,16.18,50.47,0.0,JESS,NORMAL
20.347,-66.8,9.08,40.25,10.36,JESS,FAILURE
5.397,-35.0,20.0,68.79,1.86,JESS,NORMAL
18.654,-65.45,12.18,29.0,8.96,JESS,NORMAL
29.471,-86.56,13.8,78.92,10.77,JESS,WARNING
2.695,-35.0,19.25,47.26,1.57,JESS,NORMAL
14.966,-53.32,11.55,97.95,5.53,JESS,WARNING
22.125,-64.31,10.77,94.07,5.76,JESS,WARNING
1.857,-35.0,18.67,69.88,13.05,JESS,FAILURE
23.459,-62.03,18.69,68.32,7.5,JESS,WARNING
29.396,-84.09,9.87,21.08,4.71,JESS,NORMAL
3.11,-35.0,20.0,35.29,7.51,JESS,WARNING
24.756,-75.1,9.82,87.57,11.47,JESS,WARNING
11.668,-35.0,20.0,42.67,2.18,JESS,WARNING
4.751,-36.84,20.0,48.17,5.99,JESS,WARNING
15.049,-46.48,20.0,85.58,5.93,JESS,WARNING
2.61,-35.0,19.91,48.42,0.0,JESS,WARNING
15.902,-57.09,15.5,86.5,6.82,JESS,WARNING
1.071,-35.0,18.87,16.25,15.66,JESS,WARNING
21.994,-77.1,14.16,72.2,15.62,JESS,NORMAL
14.895,-57.85,16.93,15.67,12.71,JESS,WARNING
14.039,-56.53,19.96,81.1,7.19,JESS,NORMAL
6.288,-37.31,15.64,59.7,4.59,JESS,WARNING
11.157,-41.81,19.87,60.03,4.74,JESS,WARNING
5.865,-35.06,20.0,43.9,5.24,JESS,WARNING
22.194,-77.59,12.48,91.3,0.63,JESS,NORMAL
6.371,-35.0,19.05,55.82,15.88,JESS,NORMAL
18.694,-62.39,15.83,33.44,13.07,JESS,WARNING
8.748,-49.24,20.0,84.17,8.03,JESS,NORMAL
19.881,-68.75,15.95,95.33,7.55,JESS,FAILURE
16.443,-53.74,19.71,31.81,8.36,JESS,NORMAL
12.991,-46.67,17.08,64.47,16.16,JESS,WARNING
20.354,-58.68,16.08,62.97,0.0,JESS,WARNING
12.764,-45.09,20.0,64.87,0.0,JESS,NORMAL
24.73,-77.37,7.06,60.78,22.16,JESS,WARNING
22.023,-61.02,20.0,19.02,0.0,JESS,WARNING
16.449,-52.03,13.69,47.12,0.0,JESS,WARNING
26.373,-68.03,13.64,98.71,12.07,JESS,WARNING
24.951,-63.89,12.62,17.94,6.07,JESS,NORMAL
16.189,-48.52,19.2,70.27,5.48,JESS,WARNING
2.519,-35.0,20.0,90.49,0.0,JESS,NORMAL
17.197,-50.81,19.5,28.06,12.58,JESS,NORMAL
10.98,-37.64,20.0,82.22,10.88,JESS,WARNING
16.433,-55.78,15.39,31.76,10.73,JESS,NORMAL
19.59,-59.61,16.8,12.73,14.55,JESS,NORMAL
19.523,-58.1,18.85,56.9,0.0,JESS,NORMAL
20.369,-65.4,13.67,73.98,14.93,JESS,WARNING
20.538,-76.69,12.56,27.72,9.38,JESS,WARNING
3.724,-35.0,20.0,16.34,0.0,JESS,FAILURE
6.156,-35.0,20.0,59.81,9.22,JESS,WARNING
19.101,-73.58,13.13,23.29,8.15,JESS,NORMAL
12.541,-40.94,20.0,26.59,9.3,JESS,FAILURE
23.004,-70.77,10.85,73.31,7.7,JESS,FAILURE
4.185,-35.0,20.0,65.09,1.94,JESS,NORMAL
6.15,-35.0,19.71,95.23,3.09,JESS,NORMAL
16.975,-67.97,17.26,39.11,0.0,JESS,FAILURE
15.272,-50.52,18.59,29.3,8.05,JESS,WARNING
8.359,-44.38,19.11,69.02,6.51,JESS,WARNING
12.546,-43.81,20.0,97.48,2.18,JESS,FAILURE
1.532,-35.0,20.0,59.81,11.23,JESS,NORMAL
1.593,-35.0,18.09,36.44,8.74,JESS,NORMAL
3.3,-35.0,18.38,91.94,7.83,JESS,NORMAL
17.515,-53.21,19.64,64.94,7.35,JESS,FAILURE
25.98,-76.5,7.9,29.15,14.78,JESS,NORMAL
8.177,-35.34,20.0,95.47,11.06,JESS,WARNING
1.501,-35.0,20.0,34.57,8.98,JESS,FAILURE
21.404,-62.45,18.24,90.86,5.06,JESS,FAILURE
25.733,-70.97,9.72,65.31,1.9,JESS,NORMAL
4.576,-36.63,20.0,55.24,5.87,JESS,NORMAL
11.88,-42.45,16.26,39.93,13.76,JESS,NORMAL
5.183,-35.0,20.0,20.7,12.97,JESS,NORMAL
3.638,-36.87,20.0,32.03,0.0,JESS,NORMAL
19.621,-47.82,16.07,39.79,3.56,JESS,NORMAL
29.042,-78.13,12.7,35.99,0.0,JESS,NORMAL
20.506,-62.5,14.84,16.6,10.72,JESS,WARNING
29.552,-91.87,5.3,62.18,9.1,JESS,WARNING
13.315,-46.65,17.94,52.77,10.79,JESS,WARNING
26.987,-95.88,10.81,19.58,1.58,JESS,NORMAL
6.55,-35.0,20.0,51.75,12.81,JESS,WARNING
3.978,-35.0,20.0,17.11,9.4,JESS,WARNING
21.224,-57.93,16.17,93.84,8.59,JESS,WARNING
11.457,-49.58,14.59,33.32,5.66,JESS,WARNING
9.872,-41.38,18.45,75.23,3.03,JESS,WARNING
20.303,-62.02,13.2,32.61,8.61,JESS,NORMAL
10.338,-50.49,17.4,52.71,12.75,JESS,NORMAL
17.39,-57.86,15.72,93.99,4.79,JESS,NORMAL
9.334,-42.45,20.0,88.45,0.21,JESS,WARNING
23.621,-74.97,8.64,80.1,17.16,JESS,WARNING
9.715,-42.33,20.0,81.12,11.06,JESS,WARNING
16.282,-51.58,14.56,84.11,12.59,JESS,WARNING
1.184,-35.0,20.0,76.84,5.33,JESS,WARNING
23.856,-78.46,14.61,90.72,12.75,JESS,FAILURE
18.8,-54.1,20.0,41.52,11.92,JESS,FAILURE
6.171,-37.37,17.58,57.35,8.76,JESS,NORMAL
6.854,-35.0,20.0,68.18,0.0,JESS,NORMAL
8.244,-35.39,18.93,27.8,6.09,JESS,FAILURE
17.508,-46.44,19.98,55.29,3.69,JESS,NORMAL
16.675,-56.25,14.65,21.17,1.34,JESS,NORMAL
8.579,-39.32,20.0,65.05,5.68,JESS,WARNING
20.975,-69.58,14.81,18.79,12.57,JESS,WARNING
26.727,-82.68,16.13,55.3,0.0,JESS,WARNING
1.784,-35.0,15.48,51.55,10.01,JESS,WARNING
12.807,-49.26,20.0,20.06,0.0,JESS,NORMAL
18.009,-65.17,12.86,49.54,0.0,JESS,WARNING
17.8,-64.23,12.98,71.0,6.21,JESS,WARNING
1.076,-35.0,18.45,63.52,13.87,JESS,WARNING
6.712,-38.21,20.0,51.22,8.36,JESS,NORMAL
2.324,-35.0,20.0,42.85,0.0,JESS,FAILURE
17.284,-60.69,14.67,15.16,6.35,JESS,WARNING
19.539,-54.78,14.84,96.03,4.45,JESS,WARNING
5.212,-35.0,20.0,46.24,8.14,JESS,WARNING
10.324,-35.0,15.57,47.48,8.73,JESS,WARNING
10.229,-39.2,19.86,21.55,11.56,JESS,NORMAL
24.684,-73.48,14.57,57.94,3.24,JESS,FAILURE
6.242,-35.0,20.0,98.13,0.0,JESS,NORMAL
16.675,-50.71,20.0,32.77,4.12,JESS,WARNING
23.597,-84.08,9.3,38.2,8.7,JESS,WARNING
24.973,-60.49,15.09,31.26,13.42,JESS,WARNING
20.164,-60.51,12.84,87.99,5.97,JESS,NORMAL
9.336,-49.08,20.0,52.77,8.58,JESS,NORMAL
24.78,-72.98,10.56,84.12,15.0,JESS,NORMAL
22.394,-75.07,17.24,86.51,2.99,JESS,WARNING
21.282,-63.25,13.29,77.42,7.08,JESS,WARNING
2.486,-35.0,20.0,33.49,7.52,JESS,FAILURE
1.776,-35.0,18.87,13.17,7.0,JESS,WARNING
21.013,-66.52,11.25,22.9,4.07,JESS,WARNING
28.371,-87.46,11.0,72.73,11.95,JESS,WARNING
23.325,-71.99,9.59,76.65,0.08,JESS,FAILURE
25.029,-75.83,19.71,78.97,9.67,JESS,NORMAL
16.577,-58.05,17.13,31.96,2.32,JESS,WARNING
9.485,-41.07,19.75,23.77,7.1,JESS,WARNING
20.493,-60.68,8.6,93.08,1.24,JESS,WARNING
21.503,-58.43,17.07,69.78,0.0,JESS,WARNING
20.423,-67.88,16.72,76.78,0.0,JESS,NORMAL
28.428,-76.79,10.83,18.45,3.69,JESS,NORMAL
11.332,-35.0,20.0,47.12,0.0,JESS,NORMAL
1.67,-35.0,20.0,15.7,5.15,JESS,FAILURE
27.299,-73.06,18.06,69.2,6.97,JESS,WARNING
5.235,-35.0,17.45,54.04,15.07,JESS,WARNING
21.071,-67.01,18.03,50.63,13.97,JESS,FAILURE
26.26,-73.45,15.53,91.26,0.0,JESS,NORMAL
9.649,-35.07,16.95,76.61,10.88,JESS,WARNING
24.997,-70.74,8.27,96.78,10.12,JESS,WARNING
10.296,-37.43,17.65,14.16,7.37,JESS,WARNING
23.931,-64.9,13.71,65.41,0.0,JESS,FAILURE
2.56,-35.0,16.96,66.72,8.85,JESS,NORMAL
19.83,-61.72,16.71,12.39,0.61,JESS,NORMAL
20.476,-53.49,13.93,80.84,0.71,JESS,WARNING
14.997,-44.88,20.0,23.83,9.22,JESS,NORMAL
20.769,-70.27,12.87,73.11,0.0,JESS,FAILURE
27.734,-78.63,11.51,13.4,2.63,JESS,NORMAL
22.149,-66.17,18.12,65.23,11.61,JESS,NORMAL
28.858,-87.65,13.71,56.87,13.83,JESS,NORMAL
13.734,-42.4,20.0,53.49,0.0,JESS,NORMAL
16.085,-52.94,13.74,43.0,5.52,JESS,WARNING
8.28,-35.0,17.58,47.82,4.11,JESS,WARNING
29.575,-89.82,8.26,52.92,2.21,JESS,NORMAL
2.127,-35.0,20.0,36.79,17.88,JESS,NORMAL
11.079,-40.73,16.03,94.18,12.33,JESS,FAILURE
9.282,-41.1,20.0,96.85,18.67,JESS,WARNING
11.902,-45.59,14.65,36.99,2.97,JESS,WARNING
27.573,-77.9,14.23,80.08,15.68,JESS,FAILURE
11.357,-41.32,17.31,77.65,4.75,JESS,NORMAL
27.551,-91.88,11.08,88.8,10.01,JESS,NORMAL
12.988,-43.26,16.57,10.35,3.11,JESS,FAILURE
25.716,-81.51,9.7,40.43,12.13,JESS,NORMAL
15.892,-62.8,14.99,23.05,5.28,JESS,WARNING
9.685,-35.0,18.76,45.18,0.0,JESS,NORMAL
13.756,-57.58,13.22,61.81,0.0,JESS,NORMAL
13.019,-41.3,18.24,91.8,12.52,JESS,NORMAL
8.167,-35.0,20.0,85.57,0.0,JESS,NORMAL
9.044,-37.52,11.63,54.91,0.0,JESS,WARNING
6.0,-35.0,20.0,12.12,0.0,JESS,WARNING
10.412,-35.0,15.82,37.08,6.63,JESS,NORMAL
18.92,-60.03,16.94,19.59,14.26,JESS,NORMAL
11.903,-48.35,20.0,68.56,7.38,JESS,FAILURE
21.514,-65.91,14.22,72.59,0.83,JESS,NORMAL
29.616,-84.48,11.68,68.39,3.04,JESS,WARNING
11.624,-47.29,15.09,34.72,13.03,JESS,WARNING
14.148,-43.21,18.66,92.76,0.0,JESS,NORMAL
5.341,-35.0,16.07,62.97,2.07,JESS,NORMAL
12.07,-42.77,20.0,63.75,18.77,JESS,FAILURE
21.942,-54.83,13.34,83.4,13.76,JESS,NORMAL
6.913,-35.0,20.0,16.23,6.24,JESS,WARNING
5.871,-45.4,20.0,28.86,15.48,JESS,WARNING
11.603,-36.75,20.0,63.06,2.19,JESS,NORMAL
24.65,-73.97,12.74,64.94,10.87,JESS,WARNING
18.898,-64.98,15.94,52.01,15.42,JESS,WARNING
28.749,-72.33,17.84,80.19,15.07,JESS,NORMAL
27.184,-70.51,12.89,41.11,6.13,JESS,NORMAL
4.959,-35.0,20.0,11.01,2.28,JESS,FAILURE
1.755,-35.0,20.0,40.6,0.78,JESS,NORMAL
12.273,-42.97,20.0,96.93,3.33,JESS,NORMAL
15.901,-56.14,19.34,80.11,6.38,JESS,NORMAL
15.709,-49.06,18.83,38.64,3.6,JESS,WARNING
4.456,-35.0,20.0,30.02,11.78,JESS,NORMAL
4.182,-41.73,19.06,82.92,13.32,JESS,FAILURE
1.882,-35.0,18.63,27.99,4.54,JESS,WARNING
25.6,-73.28,10.38,62.22,8.68,JESS,WARNING
28.458,-81.24,10.47,55.72,13.89,JESS,WARNING
3.913,-35.0,20.0,48.04,2.68,JESS,WARNING
6.787,-36.5,18.9,48.34,4.47,JESS,WARNING
3.151,-35.0,17.95,73.21,6.07,JESS,WARNING
26.386,-71.96,15.54,19.26,3.6,JESS,NORMAL
28.782,-72.93,18.5,45.57,15.03,JESS,NORMAL
8.223,-37.46,20.0,97.15,7.12,JESS,FAILURE
9.456,-35.0,20.0,80.03,8.49,JESS,NORMAL
11.199,-53.49,12.64,11.89,11.69,JESS,WARNING
15.323,-47.2,20.0,50.24,11.58,JESS,NORMAL
20.633,-62.66,17.26,20.55,11.67,JESS,WARNING
15.38,-52.77,20.0,53.62,0.55,JESS,WARNING
28.555,-89.15,14.27,19.32,21.06,JESS,NORMAL
3.447,-35.0,20.0,45.03,11.89,JESS,WARNING
24.059,-77.65,12.76,59.05,12.88,JESS,WARNING
10.367,-50.7,15.26,43.06,17.46,JESS,WARNING
11.638,-46.92,20.0,62.07,8.7,JESS,WARNING
21.41,-54.73,6.5,98.65,17.72,JESS,WARNING
27.917,-83.39,8.52,32.12,0.0,JESS,NORMAL
21.628,-56.92,20.0,60.81,4.92,JESS,NORMAL
23.388,-66.54,12.69,52.42,9.13,JESS,WARNING
22.648,-64.24,20.0,82.83,13.02,JESS,WARNING
9.969,-46.76,16.45,38.34,13.23,JESS,WARNING
22.829,-62.13,11.71,67.42,6.05,JESS,NORMAL
23.643,-65.63,15.64,72.37,11.49,JESS,WARNING
16.235,-44.84,20.0,97.81,2.3,JESS,NORMAL
16.334,-52.59,16.1,23.61,14.88,JESS,NORMAL
22.912,-59.23,17.33,99.85,12.46,JESS,WARNING
24.602,-64.36,16.16,74.91,4.23,JESS,WARNING
10.447,-51.06,18.72,51.07,0.0,JESS,WARNING
24.146,-73.51,20.0,33.72,5.13,JESS,WARNING
24.519,-65.31,13.07,66.58,10.1,JESS,WARNING
7.407,-35.0,20.0,22.76,4.77,JESS,NORMAL
21.65,-61.51,13.85,95.21,2.02,JESS,FAILURE
6.003,-35.0,17.69,26.6,7.36,JESS,FAILURE
3.245,-35.0,20.0,79.69,2.8,JESS,NORMAL
17.449,-61.47,10.78,41.06,4.22,JESS,WARNING
27.305,-75.19,14.34,29.43,8.58,JESS,FAILURE
1.546,-35.0,20.0,82.78,0.0,JESS,WARNING
24.882,-75.52,11.3,89.91,10.36,JESS,FAILURE
15.441,-62.5,14.84,10.51,0.0,JESS,FAILURE
25.896,-86.42,14.5,97.67,11.84,JESS,WARNING
25.383,-69.82,13.2,47.97,2.99,JESS,WARNING
26.321,-77.25,9.49,18.65,6.16,JESS,WARNING
23.182,-83.86,9.32,50.79,21.36,JESS,WARNING
25.368,-73.91,16.39,20.67,0.0,JESS,NORMAL
5.693,-35.0,20.0,33.29,2.77,JESS,NORMAL
9.464,-44.22,19.7,60.18,2.43,JESS,NORMAL
7.653,-35.0,20.0,42.33,6.67,JESS,WARNING
22.402,-66.14,14.15,30.51,4.59,JESS,WARNING
5.032,-35.0,20.0,27.68,2.29,JESS,WARNING
5.876,-35.0,17.99,67.29,10.68,JESS,FAILURE
26.429,-88.32,10.38,91.87,7.98,JESS,NORMAL
21.324,-69.98,13.14,15.08,17.08,JESS,WARNING
26.324,-74.9,8.51,31.98,0.0,JESS,FAILURE
4.611,-35.0,20.0,69.89,13.15,JESS,NORMAL
12.27,-41.79,16.08,98.86,7.26,JESS,WARNING
8.853,-49.01,9.0,71.32,9.7,JESS,FAILURE
0.786,-35.0,20.0,14.74,5.82,JESS,WARNING
8.893,-37.96,18.36,26.1,10.44,JESS,NORMAL
11.698,-50.3,16.18,41.29,2.73,JESS,WARNING
3.22,-37.33,20.0,24.17,10.79,JESS,WARNING
17.211,-46.08,13.83,26.4,9.76,JESS,WARNING
11.804,-38.61,20.0,34.63,13.61,JESS,WARNING
1.871,-35.16,20.0,43.55,2.89,JESS,NORMAL
21.267,-70.13,17.23,45.27,9.04,JESS,NORMAL
22.014,-82.37,8.47,54.94,12.14,JESS,FAILURE
25.117,-81.11,17.96,93.54,3.71,JESS,NORMAL
14.823,-52.54,16.18,99.4,4.36,JESS,WARNING
29.075,-83.5,10.39,11.77,5.06,JESS,NORMAL
27.465,-79.67,12.94,54.44,14.5,JESS,WARNING
16.765,-54.19,17.5,77.69,1.68,JESS,NORMAL
13.626,-56.4,18.21,16.6,14.2,JESS,NORMAL
0.59,-35.0,20.0,94.71,0.42,JESS,NORMAL
21.474,-62.69,10.04,94.39,3.86,JESS,FAILURE
17.166,-56.41,19.01,28.76,7.79,JESS,WARNING
28.158,-82.4,13.21,80.72,11.53,JESS,NORMAL
18.03,-65.27,11.76,62.33,0.0,JESS,WARNING
29.789,-83.83,7.36,13.05,13.0,JESS,WARNING
25.688,-76.26,13.93,36.76,5.16,JESS,WARNING
28.631,-85.98,11.91,33.7,1.76,JESS,FAILURE
10.166,-35.0,20.0,89.17,13.97,JESS,NORMAL
4.905,-35.0,20.0,90.78,7.05,JESS,WARNING
24.008,-83.97,16.86,13.1,14.27,JESS,FAILURE
23.693,-74.34,11.44,76.73,1.54,JESS,NORMAL
6.738,-35.0,17.85,20.79,8.47,JESS,NORMAL
23.06,-77.03,8.25,81.18,9.0,JESS,NORMAL
17.668,-62.01,13.39,86.1,0.43,JESS,WARNING
3.731,-35.0,20.0,15.33,4.67,JESS,NORMAL
15.303,-45.9,14.11,39.36,13.19,JESS,NORMAL
27.969,-88.06,6.12,44.17,9.91,JESS,NORMAL
15.44,-58.32,13.98,95.96,8.86,JESS,WARNING
23.767,-74.87,13.66,43.38,0.0,JESS,WARNING
1.353,-35.0,20.0,33.04,10.38,JESS,WARNING
21.978,-55.57,16.76,65.77,9.0,JESS,NORMAL
28.432,-73.36,10.89,24.3,7.72,JESS,WARNING
15.236,-52.08,20.0,66.26,9.46,JESS,NORMAL
10.462,-40.92,18.62,51.27,0.0,JESS,WARNING
19.576,-63.03,6.94,75.83,3.91,JESS,NORMAL
27.53,-70.6,16.11,62.09,16.09,JESS,NORMAL
5.715,-35.0,20.0,25.89,1.86,JESS,WARNING
12.409,-40.27,20.0,94.36,9.35,JESS,WARNING
5.111,-38.35,17.5,50.39,6.8,JESS,WARNING
15.151,-44.07,20.0,77.01,3.5,JESS,FAILURE
16.442,-64.19,18.89,57.87,0.0,JESS,WARNING
28.354,-74.0,16.99,87.87,14.89,JESS,NORMAL
12.669,-41.69,18.1,40.33,13.69,JESS,WARNING
17.225,-53.93,13.68,67.5,3.22,JESS,WARNING
26.615,-72.92,9.68,17.14,11.96,JESS,WARNING
9.981,-39.24,10.72,17.0,6.06,JESS,NORMAL
20.388,-72.06,13.69,85.92,2.33,JESS,WARNING
22.836,-54.6,12.74,83.65,0.0,JESS,NORMAL
10.251,-35.0,20.0,42.34,1.65,JESS,WARNING
5.348,-35.0,16.66,70.84,4.63,JESS,WARNING
15.336,-44.49,19.45,84.61,7.06,JESS,WARNING
11.026,-43.86,13.63,22.95,8.6,JESS,WARNING
8.361,-43.37,20.0,98.63,5.42,JESS,WARNING
29.216,-78.15,17.12,89.73,0.0,JESS,WARNING
15.314,-61.69,18.64,72.18,14.21,JESS,NORMAL
25.766,-71.45,16.53,58.89,0.14,JESS,WARNING
6.262,-35.0,20.0,90.54,15.73,JESS,WARNING
28.214,-92.98,12.87,76.54,21.14,JESS,WARNING
23.936,-73.56,12.0,62.62,1.59,JESS,WARNING
24.356,-65.19,7.94,90.24,4.45,JESS,NORMAL
11.998,-36.88,20.0,28.96,5.65,JESS,WARNING
14.826,-42.3,19.02,31.99,6.72,JESS,FAILURE
18.004,-57.95,18.68,93.71,0.0,JESS,FAILURE
23.798,-57.84,19.66,16.04,7.85,JESS,FAILURE
25.547,-86.26,12.14,14.15,6.21,JESS,NORMAL
2.802,-35.0,14.04,81.27,14.49,JESS,WARNING
27.17,-73.36,8.62,47.26,11.3,JESS,FAILURE
28.156,-74.49,12.95,92.46,0.44,JESS,NORMAL
17.99,-60.69,17.9,37.06,12.22,JESS,WARNING
6.009,-35.0,18.58,35.85,0.0,JESS,NORMAL
24.643,-77.02,11.47,96.15,5.74,JESS,NORMAL
16.683,-54.96,19.92,59.84,4.65,JESS,NORMAL
24.607,-64.5,14.94,65.23,0.0,JESS,WARNING
24.537,-71.89,17.68,90.83,7.5,JESS,WARNING
3.059,-35.0,20.0,44.27,15.73,JESS,FAILURE
18.407,-55.76,15.7,32.31,3.67,JESS,WARNING
14.753,-55.64,12.87,61.4,5.58,JESS,NORMAL
28.411,-76.98,9.17,46.9,6.51,JESS,NORMAL
9.251,-42.3,17.47,24.72,7.13,JESS,NORMAL
6.577,-35.0,20.0,20.67,0.0,JESS,WARNING
26.964,-75.44,20.0,75.29,2.66,JESS,NORMAL
4.887,-35.0,19.97,13.08,4.84,JESS,FAILURE
20.752,-54.87,20.0,57.48,0.0,JESS,WARNING
9.351,-35.0,20.0,39.67,12.67,JESS,FAILURE
17.251,-68.08,12.82,23.58,0.0,JESS,FAILURE
18.678,-63.08,12.43,90.16,10.6,JESS,FAILURE
12.812,-41.68,20.0,76.65,10.58,JESS,WARNING
29.261,-70.37,9.91,79.58,8.81,JESS,FAILURE
4.389,-35.0,20.0,49.23,2.1,JESS,NORMAL
12.046,-37.53,20.0,68.35,13.46,JESS,NORMAL
13.197,-48.1,20.0,18.15,9.98,JESS,FAILURE
19.116,-54.56,16.54,22.53,2.09,JESS,WARNING
12.514,-44.0,20.0,39.03,6.69,JESS,NORMAL
3.363,-35.0,20.0,51.2,2.15,JESS,WARNING
28.449,-84.42,12.29,18.44,4.82,JESS,WARNING
12.774,-48.29,12.91,60.85,5.17,JESS,FAILURE
10.609,-40.21,16.4,31.58,2.41,JESS,NORMAL
13.678,-51.33,19.42,79.71,1.83,JESS,WARNING
6.89,-35.21,20.0,10.04,0.0,JESS,WARNING
3.457,-35.0,20.0,87.95,8.86,JESS,FAILURE
4.883,-35.0,20.0,75.93,2.5,JESS,NORMAL
5.416,-35.0,20.0,59.16,5.37,JESS,NORMAL
6.331,-35.0,20.0,76.38,0.0,JESS,WARNING
12.889,-45.41,20.0,42.81,0.0,JESS,WARNING
18.905,-67.06,19.46,24.63,0.46,JESS,NORMAL
19.052,-58.05,16.35,10.82,10.97,JESS,FAILURE
0.503,-35.0,20.0,59.37,5.06,JESS,WARNING
27.668,-78.03,6.03,36.27,5.8,JESS,FAILURE
24.774,-59.48,15.52,29.14,14.29,JESS,WARNING
28.936,-80.03,10.58,88.03,8.98,JESS,WARNING
11.12,-41.95,20.0,75.27,8.38,JESS,WARNING
20.112,-55.46,14.5,99.12,9.84,JESS,WARNING
5.457,-40.63,17.74,69.54,10.45,JESS,NORMAL
24.602,-67.17,11.29,90.58,14.36,JESS,WARNING
5.26,-35.0,20.0,20.65,10.03,JESS,WARNING
10.117,-42.81,20.0,75.05,1.54,JESS,FAILURE
14.98,-35.97,20.0,17.76,5.1,JESS,NORMAL
18.039,-54.43,15.79,18.51,11.35,JESS,WARNING
17.009,-50.06,19.05,87.21,0.0,JESS,WARNING
3.512,-35.0,18.95,42.41,2.35,JESS,NORMAL
12.939,-50.21,18.88,38.48,0.0,JESS,NORMAL
27.726,-71.62,17.89,26.54,3.96,JESS,WARNING
26.235,-74.87,12.64,53.64,6.48,JESS,NORMAL
17.928,-52.6,16.18,28.32,5.75,JESS,NORMAL
17.384,-66.25,14.34,58.41,0.0,JESS,NORMAL
3.794,-35.0,20.0,69.44,5.24,JESS,NORMAL
6.408,-38.71,20.0,68.94,3.99,JESS,WARNING
7.953,-46.84,18.46,42.82,16.45,JESS,NORMAL
14.902,-60.07,15.54,73.36,13.52,JESS,WARNING
22.075,-63.65,18.09,33.95,3.6,JESS,WARNING
14.091,-54.39,16.14,82.69,9.52,JESS,FAILURE
4.219,-35.0,20.0,10.01,0.0,JESS,WARNING
13.461,-44.5,18.56,96.99,4.4,JESS,WARNING
5.298,-35.0,20.0,49.02,0.33,JESS,WARNING
22.659,-76.98,13.52,40.06,8.09,JESS,WARNING
5.412,-35.0,20.0,66.2,5.03,JESS,NORMAL
14.735,-54.42,15.98,89.12,10.83,JESS,NORMAL
20.956,-50.22,20.0,41.73,0.0,JESS,FAILURE
7.232,-35.0,20.0,16.3,5.33,JESS,FAILURE
2.743,-35.0,20.0,41.85,7.26,JESS,NORMAL
17.117,-59.94,18.16,10.46,3.32,JESS,NORMAL
2.099,-35.0,20.0,26.65,7.63,JESS,WARNING
17.839,-63.77,15.66,14.68,11.29,JESS,WARNING
22.728,-62.55,15.8,44.88,8.89,JESS,NORMAL
10.215,-49.87,17.56,15.38,1.14,JESS,NORMAL
14.906,-64.94,14.78,98.55,0.0,JESS,WARNING
27.898,-89.06,8.35,80.37,1.09,JESS,WARNING
14.398,-53.01,20.0,47.76,19.69,JESS,WARNING
29.898,-91.99,11.82,81.14,8.8,JESS,NORMAL
5.132,-35.75,19.68,47.56,4.19,JESS,WARNING
21.414,-63.46,16.7,68.24,0.0,JESS,FAILURE
19.752,-59.81,10.97,83.94,14.65,JESS,NORMAL
26.233,-81.27,10.42,71.6,6.04,JESS,WARNING
3.227,-35.98,20.0,17.61,9.68,JESS,NORMAL
8.766,-35.0,20.0,13.91,11.49,JESS,WARNING
4.399,-35.0,19.29,61.29,8.33,JESS,FAILURE
28.026,-70.58,15.41,27.68,5.91,JESS,NORMAL
13.086,-55.6,15.33,98.57,4.5,JESS,NORMAL
27.347,-85.22,14.18,11.47,7.66,JESS,WARNING
9.185,-35.07,16.56,77.37,14.7,JESS,NORMAL
4.228,-35.0,20.0,13.82,0.0,JESS,WARNING
9.248,-43.55,15.49,64.98,0.0,JESS,WARNING
18.117,-44.77,18.79,47.8,3.14,JESS,WARNING
25.434,-77.87,11.67,66.95,0.34,JESS,NORMAL
11.869,-42.98,19.71,78.58,2.36,JESS,FAILURE
27.487,-76.31,17.1,12.99,0.0,JESS,WARNING
7.705,-38.08,20.0,56.91,0.0,JESS,FAILURE
20.959,-67.94,14.73,94.81,13.27,JESS,WARNING
22.204,-77.22,12.94,29.6,6.11,JESS,WARNING
8.582,-35.85,20.0,16.97,0.0,JESS,FAILURE
1.296,-35.0,20.0,79.39,5.98,JESS,FAILURE
11.275,-35.51,20.0,76.73,1.62,JESS,NORMAL
1.833,-35.0,20.0,45.11,1.86,JESS,WARNING
27.072,-87.62,7.73,84.72,2.66,JESS,NORMAL
28.629,-68.58,14.01,58.95,16.67,JESS,WARNING
22.194,-72.58,13.4,52.78,14.9,JESS,WARNING
21.937,-67.85,13.77,83.97,10.61,JESS,NORMAL
7.606,-36.03,20.0,18.83,3.38,JESS,WARNING
2.681,-35.0,20.0,30.15,15.0,JESS,FAILURE
24.162,-67.55,11.71,49.97,3.02,JESS,NORMAL
16.995,-57.64,9.79,17.69,13.08,JESS,WARNING
20.608,-65.48,16.12,99.63,9.61,JESS,WARNING
23.499,-62.95,13.13,38.22,4.19,JESS,NORMAL
12.578,-43.26,15.81,95.3,11.14,JESS,WARNING
4.764,-43.24,18.86,52.7,2.44,JESS,WARNING
23.954,-71.04,18.91,93.21,0.0,JESS,NORMAL
13.886,-43.22,20.0,49.6,3.91,JESS,FAILURE
24.894,-70.73,13.37,83.33,0.0,JESS,NORMAL
13.412,-37.41,16.58,77.6,11.95,JESS,NORMAL
6.902,-35.0,20.0,95.22,19.14,JESS,WARNING
5.545,-35.0,20.0,67.37,0.0,JESS,WARNING
22.446,-81.45,17.0,30.44,8.63,JESS,WARNING
17.459,-64.6,15.12,58.77,1.73,JESS,WARNING
12.436,-44.54,20.0,23.13,0.66,JESS,FAILURE
15.017,-48.15,19.86,40.14,4.75,JESS,WARNING
16.714,-61.13,16.49,81.03,14.01,JESS,NORMAL
7.563,-36.71,18.83,11.26,5.97,JESS,WARNING
11.656,-42.09,16.67,65.88,6.49,JESS,WARNING
9.126,-49.17,20.0,72.37,5.43,JESS,WARNING
11.959,-51.9,18.35,90.98,3.73,JESS,WARNING
15.267,-61.03,17.36,78.08,0.0,JESS,NORMAL
5.614,-35.0,19.84,46.25,6.1,JESS,NORMAL
12.109,-48.19,16.59,78.9,9.33,JESS,NORMAL
11.872,-49.56,12.98,66.29,13.85,JESS,FAILURE
8.937,-35.0,15.51,62.81,7.31,JESS,NORMAL
29.956,-84.7,14.07,16.64,5.3,JESS,NORMAL
2.672,-35.0,20.0,58.57,0.46,JESS,NORMAL
19.467,-65.83,15.09,88.04,3.1,JESS,NORMAL
5.646,-40.16,20.0,49.32,5.94,JESS,WARNING
25.266,-82.83,9.36,73.37,11.27,JESS,WARNING
27.469,-78.46,9.1,91.34,12.87,JESS,NORMAL
12.344,-50.29,16.11,58.08,7.84,JESS,NORMAL
24.793,-68.96,18.79,17.93,13.15,JESS,NORMAL
7.872,-35.0,20.0,14.88,6.24,JESS,NORMAL
4.632,-35.0,17.48,81.79,6.35,JESS,WARNING
9.818,-35.0,20.0,12.94,0.0,JESS,NORMAL
10.579,-40.06,20.0,99.9,8.93,JESS,WARNING
12.222,-36.34,19.47,21.48,0.0,JESS,FAILURE
11.502,-38.45,20.0,79.76,7.06,JESS,WARNING
12.629,-51.02,15.41,88.09,7.69,JESS,WARNING
21.446,-61.86,19.1,37.58,1.78,JESS,WARNING
7.745,-35.0,20.0,58.75,1.36,JESS,WARNING
1.048,-35.0,16.89,95.71,3.76,JESS,WARNING
14.946,-53.14,16.64,95.96,5.16,JESS,FAILURE
13.725,-49.83,16.91,93.71,2.13,JESS,WARNING
2.272,-35.0,20.0,34.74,0.0,JESS,NORMAL
4.447,-35.0,20.0,15.36,4.33,JESS,FAILURE
15.543,-51.32,17.11,19.25,0.42,JESS,WARNING
7.425,-35.0,20.0,22.77,8.68,JESS,WARNING
26.389,-74.15,8.22,70.45,0.68,JESS,WARNING
5.612,-35.0,16.55,82.22,5.11,JESS,NORMAL
1.094,-35.0,20.0,14.53,0.0,JESS,WARNING
13.703,-43.48,18.14,90.14,7.1,JESS,WARNING
29.592,-83.85,9.22,77.26,10.91,JESS,FAILURE
19.199,-60.15,15.06,57.73,4.98,JESS,WARNING
10.944,-48.45,20.0,99.1,10.83,JESS,WARNING
0.998,-35.0,20.0,33.87,3.39,JESS,WARNING
14.806,-59.82,11.58,29.62,9.62,JESS,WARNING
6.591,-35.0,20.0,40.13,4.27,JESS,WARNING
19.609,-60.67,13.71,57.39,15.66,JESS,NORMAL
17.699,-57.49,20.0,44.82,0.0,JESS,WARNING
8.324,-37.3,17.31,84.66,0.19,JESS,NORMAL
2.532,-35.0,20.0,90.5,0.0,JESS,WARNING
22.773,-75.09,12.21,97.0,5.6,JESS,WARNING
17.771,-65.1,15.11,83.64,1.16,JESS,WARNING
25.343,-75.08,13.89,64.73,0.0,JESS,NORMAL
8.164,-36.59,20.0,65.23,6.12,JESS,FAILURE
19.759,-54.44,15.1,26.78,16.36,JESS,WARNING
4.001,-35.0,17.61,33.69,0.0,JESS,FAILURE
9.108,-35.0,20.0,99.75,3.28,JESS,NORMAL
19.868,-66.69,11.99,33.52,2.66,JESS,WARNING
24.855,-76.69,14.07,52.02,6.31,JESS,NORMAL
9.967,-43.57,18.9,44.68,7.17,JESS,WARNING
24.066,-59.38,13.41,71.94,9.69,JESS,FAILURE
20.494,-63.66,12.21,40.19,14.27,JESS,NORMAL
10.786,-43.25,20.0,71.47,0.0,JESS,FAILURE
26.354,-90.69,9.36,96.47,14.81,JESS,WARNING
15.522,-45.16,16.22,32.71,3.91,JESS,WARNING
19.623,-64.32,14.96,43.36,1.66,JESS,WARNING
15.121,-56.95,14.13,40.8,11.27,JESS,WARNING
13.855,-43.56,20.0,37.03,2.32,JESS,WARNING
25.515,-76.51,13.93,34.33,0.0,JESS,WARNING
9.194,-45.7,19.08,66.7,0.0,JESS,NORMAL
1.581,-35.0,19.71,59.33,6.98,JESS,WARNING
26.454,-78.69,8.86,55.78,6.5,JESS,NORMAL
24.838,-67.38,15.01,82.05,2.64,JESS,FAILURE
11.314,-49.28,15.45,23.19,0.06,JESS,WARNING
5.971,-35.0,19.25,25.28,1.04,JESS,WARNING
20.428,-68.26,14.23,56.18,7.37,JESS,WARNING
2.823,-35.0,20.0,41.84,3.76,JESS,NORMAL
13.001,-46.8,20.0,25.64,15.76,JESS,FAILURE
3.033,-35.01,18.86,72.16,2.23,JESS,FAILURE
18.138,-46.34,17.06,54.65,1.87,JESS,WARNING
1.303,-35.0,15.43,28.2,0.0,JESS,NORMAL
19.063,-62.79,15.86,33.8,0.0,JESS,NORMAL
20.36,-65.96,11.23,75.07,8.14,JESS,WARNING
14.871,-59.88,18.62,39.47,0.0,JESS,WARNING
5.663,-36.26,20.0,28.41,9.79,JESS,NORMAL
3.491,-35.0,17.38,96.9,6.92,JESS,WARNING
9.742,-44.55,18.97,17.92,6.32,JESS,NORMAL
14.224,-49.26,18.22,23.22,11.73,JESS,WARNING
19.445,-47.46,20.0,74.56,3.12,JESS,WARNING
0.537,-35.0,20.0,48.31,8.28,JESS,WARNING
21.476,-65.15,12.57,77.76,6.66,JESS,NORMAL
21.525,-76.76,17.95,59.75,3.45,JESS,FAILURE
13.614,-39.39,16.79,13.62,8.13,JESS,WARNING
10.63,-35.68,20.0,71.57,0.0,JESS,NORMAL
25.348,-73.02,13.59,82.52,5.9,JESS,FAILURE
23.645,-71.71,9.74,59.74,9.48,JESS,WARNING
29.507,-85.54,8.66,37.68,9.82,JESS,NORMAL
11.472,-41.89,20.0,11.4,0.1,JESS,WARNING
27.252,-88.95,14.13,91.6,4.69,JESS,NORMAL
3.078,-35.0,18.55,73.63,11.53,JESS,NORMAL
12.638,-41.74,18.18,14.03,10.4,JESS,NORMAL
14.229,-57.85,13.35,85.65,13.15,JESS,WARNING
13.506,-44.58,17.21,14.78,12.57,JESS,WARNING
18.94,-64.5,12.89,74.03,7.88,JESS,NORMAL
5.521,-38.86,18.21,72.47,3.47,JESS,WARNING
26.06,-82.1,12.29,92.45,0.0,JESS,NORMAL
16.777,-56.03,14.25,24.89,7.47,JESS,WARNING
27.174,-73.11,13.5,61.05,1.55,JESS,FAILURE
0.578,-35.0,20.0,59.02,14.13,JESS,NORMAL
19.085,-69.15,10.41,13.15,11.4,JESS,NORMAL
12.668,-44.2,20.0,67.45,13.02,JESS,NORMAL
15.4,-51.57,14.02,32.86,0.0,JESS,NORMAL
22.442,-74.02,12.65,39.92,2.34,JESS,NORMAL
7.201,-35.0,20.0,31.72,11.7,JESS,NORMAL
6.545,-35.0,20.0,15.03,14.46,JESS,WARNING
21.239,-73.72,15.0,25.0,9.27,JESS,NORMAL
15.88,-58.82,13.35,28.66,2.24,JESS,WARNING
7.392,-35.0,20.0,61.96,9.59,JESS,NORMAL
14.779,-45.4,16.17,22.15,3.9,JESS,FAILURE
14.057,-56.12,17.14,92.86,5.79,JESS,WARNING
20.898,-56.17,19.85,30.86,19.07,JESS,NORMAL
0.579,-35.0,20.0,68.66,0.0,JESS,FAILURE
17.809,-58.89,18.52,24.18,0.62,JESS,FAILURE
18.368,-73.37,14.44,81.56,11.25,JESS,WARNING
22.493,-58.39,17.16,16.44,17.27,JESS,WARNING
26.732,-76.96,13.14,76.38,14.24,JESS,NORMAL
13.486,-45.04,20.0,45.38,11.42,JESS,WARNING
10.604,-35.0,14.9,51.9,1.43,JESS,NORMAL
3.518,-35.0,20.0,42.97,2.61,JESS,WARNING
10.437,-49.19,18.81,46.18,8.92,JESS,WARNING
2.52,-35.0,17.88,10.48,16.19,JESS,NORMAL
24.183,-74.88,5.65,12.35,7.83,JESS,FAILURE
24.307,-66.31,12.45,81.45,0.2,JESS,WARNING
12.809,-41.02,20.0,29.21,7.13,JESS,WARNING
8.159,-40.85,20.0,64.66,0.0,JESS,WARNING
3.982,-35.0,13.84,68.8,1.15,JESS,FAILURE
25.611,-69.7,16.06,72.82,0.0,JESS,WARNING
26.386,-84.98,10.35,63.76,18.6,JESS,FAILURE
8.356,-39.88,18.78,66.59,0.0,JESS,NORMAL
18.842,-58.73,12.65,62.34,0.0,JESS,FAILURE
8.13,-35.5,20.0,93.54,15.52,JESS,FAILURE
7.141,-37.11,13.43,69.81,2.85,JESS,WARNING
1.126,-35.0,20.0,41.76,0.94,JESS,WARNING
17.526,-55.11,20.0,42.1,8.98,JESS,WARNING
4.923,-35.0,19.3,17.16,0.45,JESS,FAILURE
0.865,-35.0,16.35,99.26,1.18,JESS,NORMAL
3.593,-35.0,16.6,90.17,2.88,JESS,NORMAL
9.756,-49.31,16.86,13.88,0.86,JESS,WARNING
20.24,-56.26,12.67,87.56,0.94,JESS,WARNING
6.477,-37.19,20.0,22.46,0.4,JESS,WARNING
26.684,-83.92,12.61,31.51,6.37,JESS,WARNING
9.01,-35.0,19.83,71.27,6.91,JESS,WARNING
10.271,-44.98,18.51,75.72,8.43,JESS,NORMAL
6.93,-36.13,20.0,55.52,3.16,JESS,WARNING
7.987,-40.4,18.74,97.1,0.0,JESS,FAILURE
2.687,-35.0,20.0,54.07,1.93,JESS,NORMAL
9.196,-39.39,20.0,33.25,0.0,JESS,WARNING
25.859,-81.73,12.29,10.82,9.38,JESS,WARNING
20.809,-58.2,16.3,88.06,10.22,JESS,FAILURE
26.32,-80.62,12.78,45.58,3.77,JESS,WARNING
3.593,-36.47,20.0,80.43,0.0,JESS,WARNING
13.941,-46.63,18.4,79.65,9.85,JESS,NORMAL
7.263,-36.65,20.0,13.92,13.5,JESS,WARNING
21.776,-64.08,17.14,83.94,11.18,JESS,FAILURE
29.122,-77.54,7.94,36.02,12.22,JESS,FAILURE
24.553,-77.34,16.54,85.71,0.0,JESS,NORMAL
1.541,-35.0,20.0,54.3,12.1,JESS,NORMAL
9.841,-36.07,17.27,63.24,0.0,JESS,FAILURE
1.343,-35.81,20.0,19.12,0.0,JESS,NORMAL
1.685,-35.0,20.0,44.14,1.99,JESS,WARNING
2.846,-35.0,18.04,97.38,0.0,JESS,FAILURE
8.652,-35.1,20.0,93.33,6.91,JESS,FAILURE
9.474,-36.54,20.0,99.48,11.47,JESS,WARNING
12.313,-40.17,19.73,55.92,14.52,JESS,WARNING
12.445,-46.1,20.0,83.64,0.0,JESS,WARNING
23.257,-65.94,9.56,50.95,14.23,JESS,FAILURE
4.671,-35.49,20.0,94.73,0.0,JESS,WARNING
5.153,-35.0,20.0,98.74,3.64,JESS,NORMAL
18.984,-66.15,15.23,89.0,0.0,JESS,NORMAL
17.366,-64.2,15.46,65.9,6.4,JESS,NORMAL
5.043,-35.0,20.0,99.01,1.77,JESS,WARNING
25.642,-74.67,8.51,98.54,7.14,JESS,WARNING
10.207,-36.91,20.0,52.76,13.99,JESS,WARNING
11.326,-51.1,18.85,37.34,0.88,JESS,NORMAL
12.904,-49.76,13.85,26.87,0.0,JESS,NORMAL
10.02,-42.19,19.53,70.93,2.52,JESS,WARNING
16.945,-51.8,20.0,13.13,0.0,JESS,WARNING
11.965,-35.0,20.0,78.74,3.62,JESS,WARNING
8.153,-35.0,20.0,14.62,0.0,JESS,NORMAL
27.182,-77.65,10.56,33.88,9.35,JESS,WARNING
9.596,-35.0,20.0,54.82,2.86,JESS,WARNING
21.105,-60.34,15.49,18.77,8.29,JESS,NORMAL
10.743,-46.51,19.91,13.27,6.45,JESS,NORMAL
13.339,-58.09,14.36,53.18,0.3,JESS,NORMAL
7.46,-35.0,20.0,89.81,7.56,JESS,WARNING
22.694,-74.21,16.06,46.75,5.79,JESS,NORMAL
22.247,-67.93,18.04,28.03,7.59,JESS,NORMAL
1.156,-35.0,18.1,46.75,10.78,JESS,WARNING
2.276,-35.0,17.26,75.04,3.79,JESS,WARNING
27.71,-82.31,5.13,13.72,15.34,JESS,WARNING
26.72,-73.3,12.23,12.77,6.33,JESS,FAILURE
15.43,-44.34,20.0,51.65,4.9,JESS,NORMAL
15.054,-49.59,19.73,70.9,6.18,JESS,WARNING
24.467,-71.52,16.31,65.24,0.0,JESS,WARNING
4.584,-35.0,20.0,67.4,14.31,JESS,NORMAL
19.784,-61.71,17.63,24.91,2.43,JESS,WARNING
14.541,-57.47,15.06,58.49,1.02,JESS,NORMAL
22.428,-57.21,17.08,44.01,2.09,JESS,FAILURE
1.388,-35.0,20.0,19.94,19.05,JESS,WARNING
17.985,-65.49,18.83,21.53,8.32,JESS,NORMAL
16.923,-63.62,16.71,68.08,9.92,JESS,NORMAL
25.305,-77.76,12.39,96.15,12.53,JESS,WARNING
20.467,-59.2,13.13,19.57,0.0,JESS,FAILURE
26.465,-72.77,12.58,54.54,1.35,JESS,NORMAL
26.675,-67.9,15.82,32.31,5.41,JESS,FAILURE
12.541,-38.5,19.55,35.34,0.0,JESS,WARNING
4.554,-35.0,17.91,30.2,2.16,JESS,FAILURE
19.093,-52.76,19.31,59.11,3.98,JESS,NORMAL
26.276,-74.15,13.03,15.1,8.8,JESS,NORMAL
2.711,-35.0,18.76,76.82,15.08,JESS,NORMAL
16.959,-52.07,11.03,64.61,4.65,JESS,FAILURE
3.892,-35.0,20.0,44.63,23.13,JESS,NORMAL
1.296,-35.0,19.81,29.61,2.7,JESS,WARNING
20.549,-60.98,20.0,58.27,13.6,JESS,NORMAL
20.615,-58.62,20.0,95.96,19.45,JESS,WARNING
18.219,-64.01,11.85,73.73,7.41,JESS,WARNING
25.847,-76.57,16.27,35.14,5.19,JESS,NORMAL
2.886,-35.0,20.0,76.86,10.57,JESS,WARNING
3.605,-35.0,20.0,55.36,2.66,JESS,NORMAL
26.004,-85.38,19.05,14.32,16.18,JESS,NORMAL
15.347,-39.68,18.51,65.58,12.67,JESS,NORMAL
8.555,-37.32,19.21,31.05,1.57,JESS,NORMAL
22.276,-67.23,11.72,46.87,11.4,JESS,NORMAL
26.885,-65.19,17.56,53.06,0.0,JESS,FAILURE
20.843,-51.58,20.0,81.94,13.37,JESS,NORMAL
23.862,-61.54,20.0,62.21,3.34,JESS,NORMAL
8.834,-43.35,20.0,40.61,8.24,JESS,NORMAL
9.019,-37.66,16.22,69.15,6.4,JESS,NORMAL
25.992,-65.86,19.32,27.29,0.36,JESS,FAILURE
18.638,-51.25,18.71,84.05,8.01,JESS,NORMAL
7.408,-39.12,19.42,28.13,8.97,JESS,NORMAL
15.963,-55.09,14.27,60.27,3.47,JESS,WARNING
20.733,-57.08,19.41,28.46,0.0,JESS,WARNING
6.947,-35.0,16.82,39.3,2.46,JESS,NORMAL
19.82,-64.4,20.0,48.02,10.67,JESS,FAILURE
1.743,-35.0,20.0,43.07,8.52,JESS,NORMAL
9.459,-42.67,12.85,94.05,9.32,JESS,WARNING
20.382,-64.32,16.25,30.11,7.11,JESS,WARNING
4.906,-37.7,20.0,26.21,2.55,JESS,NORMAL
7.055,-35.0,20.0,56.58,7.44,JESS,WARNING
26.433,-94.26,14.58,95.4,5.54,JESS,WARNING
20.392,-63.38,18.58,55.3,9.83,JESS,NORMAL
15.218,-61.45,11.63,96.34,8.71,JESS,NORMAL
6.721,-35.0,20.0,27.13,2.84,JESS,NORMAL
10.572,-38.04,20.0,10.92,0.46,JESS,NORMAL
17.443,-44.86,17.64,37.27,3.3,JESS,WARNING
5.082,-35.0,20.0,67.44,3.03,JESS,WARNING
14.711,-64.33,15.04,63.28,7.73,JESS,FAILURE
12.565,-53.1,12.86,31.76,7.1,JESS,WARNING
14.562,-59.77,14.97,69.54,10.98,JESS,WARNING
3.614,-40.87,19.94,84.72,4.85,JESS,NORMAL
3.642,-35.0,20.0,71.85,0.72,JESS,NORMAL
28.941,-77.78,10.52,75.51,6.26,JESS,NORMAL
29.391,-82.48,11.73,37.68,4.37,JESS,FAILURE
13.072,-49.07,15.34,57.63,15.04,JESS,FAILURE
23.775,-60.69,13.59,13.84,9.02,JESS,FAILURE
19.846,-61.79,13.31,42.32,8.87,JESS,FAILURE
3.949,-35.0,19.46,83.42,1.62,JESS,FAILURE
9.252,-38.3,20.0,81.11,0.0,JESS,WARNING
9.753,-49.52,19.57,94.67,4.51,JESS,NORMAL
18.075,-50.91,20.0,97.19,11.29,JESS,NORMAL
17.609,-38.78,16.43,97.54,11.43,JESS,WARNING
27.744,-74.36,14.33,24.16,3.21,JESS,NORMAL
23.806,-63.05,10.9,20.86,0.34,JESS,FAILURE
25.777,-82.43,3.45,88.76,8.24,JESS,WARNING
26.791,-85.15,12.09,44.48,13.38,JESS,NORMAL
24.138,-74.86,13.63,42.15,12.9,JESS,WARNING
10.32,-47.45,20.0,58.03,3.58,JESS,WARNING
6.843,-35.0,17.95,50.63,5.77,JESS,WARNING
17.367,-61.28,14.4,30.07,10.38,JESS,FAILURE
20.842,-67.78,15.66,86.02,8.04,JESS,NORMAL
11.904,-62.82,14.48,91.83,5.19,JESS,WARNING
25.526,-79.95,11.17,77.28,13.97,JESS,FAILURE
28.837,-85.76,11.81,14.33,10.77,JESS,FAILURE
17.297,-55.6,19.89,20.61,3.43,JESS,WARNING
13.969,-46.03,20.0,41.14,8.23,JESS,NORMAL
25.365,-71.71,15.9,60.1,0.34,JESS,NORMAL
1.216,-35.0,18.42,64.86,0.77,JESS,WARNING
4.306,-35.0,17.71,19.0,3.84,JESS,FAILURE
25.447,-73.27,20.0,96.42,18.61,JESS,WARNING
22.095,-65.55,13.48,57.66,10.23,JESS,NORMAL
12.776,-41.18,18.76,48.86,0.48,JESS,WARNING
26.721,-85.91,10.91,27.2,7.43,JESS,WARNING
10.868,-44.35,14.44,95.58,0.0,JESS,NORMAL
19.198,-61.95,12.72,50.27,10.81,JESS,WARNING
19.213,-75.94,14.39,20.6,11.81,JESS,FAILURE
5.938,-38.32,15.61,65.29,14.08,JESS,WARNING
8.903,-43.32,17.38,41.51,4.8,JESS,FAILURE
27.522,-69.52,10.57,82.72,10.84,JESS,WARNING
5.911,-35.0,19.03,59.09,2.22,JESS,WARNING
5.62,-35.0,19.91,19.51,2.38,JESS,NORMAL
14.649,-53.9,19.72,77.55,6.22,JESS,WARNING
3.22,-35.0,20.0,37.42,10.7,JESS,WARNING
26.891,-75.83,12.91,46.74,8.4,JESS,WARNING
3.454,-35.0,20.0,79.81,5.83,JESS,WARNING
18.688,-60.9,11.35,19.58,9.01,JESS,NORMAL
10.524,-49.82,13.27,98.0,0.72,JESS,NORMAL
24.226,-70.55,14.63,73.19,17.78,JESS,NORMAL
17.899,-61.1,19.49,27.33,4.45,JESS,NORMAL
11.955,-62.02,16.1,15.23,0.0,JESS,NORMAL
29.524,-83.59,11.58,59.01,6.33,JESS,WARNING
2.454,-35.0,20.0,44.13,2.11,JESS,WARNING
17.545,-60.51,18.0,12.66,5.9,JESS,NORMAL
29.692,-84.3,7.23,64.83,12.96,JESS,WARNING
20.883,-61.32,12.04,37.79,16.07,JESS,FAILURE
22.323,-67.5,13.01,38.98,15.49,JESS,WARNING
1.447,-35.0,17.6,24.6,3.76,JESS,WARNING
1.13,-35.0,19.08,22.63,11.07,JESS,NORMAL
1.565,-35.0,20.0,22.99,0.0,JESS,WARNING
29.756,-75.34,9.08,89.75,12.65,JESS,WARNING
29.396,-86.69,10.52,57.98,10.58,JESS,WARNING
10.368,-35.0,20.0,52.25,5.35,JESS,NORMAL
9.084,-39.59,20.0,73.4,0.13,JESS,WARNING
4.806,-36.34,20.0,38.78,2.63,JESS,NORMAL
10.21,-43.12,17.96,84.0,0.0,JESS,NORMAL
11.419,-45.94,20.0,27.75,0.0,JESS,NORMAL
22.574,-71.36,9.2,82.24,0.0,JESS,WARNING
26.056,-70.89,20.0,15.04,7.24,JESS,FAILURE
22.529,-55.77,17.82,24.12,3.4,JESS,NORMAL
19.571,-56.49,20.0,90.34,6.61,JESS,FAILURE
23.094,-66.65,13.56,19.81,11.77,JESS,NORMAL
22.286,-68.98,10.03,32.1,17.45,JESS,WARNING
14.535,-52.96,13.72,13.84,15.22,JESS,WARNING
10.408,-39.26,20.0,63.88,15.91,JESS,WARNING
8.842,-40.34,20.0,39.49,9.83,JESS,NORMAL
20.541,-72.34,10.12,67.01,0.0,JESS,WARNING
28.799,-69.96,14.58,17.72,12.77,JESS,NORMAL
17.641,-49.31,13.58,45.56,2.2,JESS,WARNING
27.42,-74.91,16.67,43.45,10.42,JESS,NORMAL
0.92,-35.0,20.0,58.31,0.0,JESS,NORMAL
23.937,-69.6,9.09,36.55,10.02,JESS,WARNING
25.681,-64.58,15.79,98.63,15.15,JESS,NORMAL
19.114,-65.28,16.29,38.44,1.08,JESS,WARNING
28.055,-85.5,14.29,72.67,0.0,JESS,WARNING
17.902,-58.83,17.51,42.97,17.75,JESS,FAILURE
7.596,-42.39,10.32,58.03,6.65,JESS,NORMAL
6.864,-35.0,14.47,30.4,11.67,JESS,FAILURE
16.897,-53.45,18.73,25.55,3.48,JESS,NORMAL
27.241,-68.57,8.6,97.52,1.63,JESS,WARNING
2.635,-35.0,20.0,58.68,6.03,JESS,WARNING
18.33,-60.31,16.58,51.47,8.36,JESS,WARNING
23.209,-64.63,16.77,67.74,7.82,JESS,WARNING
3.904,-35.0,19.34,30.11,9.25,JESS,WARNING
3.945,-35.0,20.0,83.98,5.06,JESS,WARNING
11.301,-36.75,20.0,32.34,3.87,JESS,WARNING
8.579,-41.78,18.87,58.83,9.09,JESS,WARNING
6.35,-35.0,20.0,21.45,6.17,JESS,WARNING
6.361,-35.93,20.0,61.71,8.6,JESS,FAILURE
4.355,-35.0,18.06,53.47,4.36,JESS,WARNING
18.52,-56.31,17.09,35.26,0.0,JESS,WARNING
20.8,-64.26,16.13,37.68,5.13,JESS,NORMAL
21.237,-60.67,19.85,10.88,0.0,JESS,WARNING
16.204,-48.45,16.97,12.46,4.52,JESS,NORMAL
28.611,-74.02,8.14,64.08,0.1,JESS,NORMAL
26.476,-82.69,15.69,74.65,20.58,JESS,FAILURE
28.75,-84.97,11.45,59.22,3.96,JESS,WARNING
11.969,-44.4,20.0,17.37,3.47,JESS,WARNING
26.395,-72.29,15.49,94.68,0.24,JESS,FAILURE
23.005,-51.4,20.0,74.21,7.42,JESS,WARNING
10.529,-38.92,20.0,31.36,15.41,JESS,WARNING
3.645,-35.0,20.0,70.43,2.23,JESS,NORMAL
20.637,-69.94,15.53,20.03,4.85,JESS,WARNING
4.525,-41.53,19.77,80.14,0.0,JESS,NORMAL
9.166,-35.0,20.0,53.28,0.0,JESS,NORMAL
15.261,-54.46,20.0,46.84,0.0,JESS,NORMAL
20.557,-48.67,16.15,10.82,2.52,JESS,NORMAL
27.824,-72.31,14.35,68.72,1.8,JESS,WARNING
18.001,-55.28,17.13,84.61,5.63,JESS,NORMAL
20.307,-60.26,15.73,35.95,9.03,JESS,NORMAL
9.645,-35.0,20.0,11.06,0.0,JESS,NORMAL
20.775,-70.45,14.97,79.78,5.99,JESS,NORMAL
13.415,-54.8,12.85,67.21,15.02,JESS,NORMAL
25.779,-84.78,10.02,79.92,8.61,JESS,FAILURE
12.077,-50.5,17.13,58.45,0.13,JESS,NORMAL
14.314,-39.24,18.33,51.49,0.97,JESS,FAILURE
13.261,-50.34,14.7,29.74,8.22,JESS,WARNING
24.428,-67.98,13.12,17.1,5.25,JESS,WARNING
28.634,-77.78,11.58,52.43,0.0,JESS,NORMAL
10.155,-44.23,18.94,88.16,7.62,JESS,WARNING
14.513,-47.47,16.77,15.34,14.59,JESS,WARNING
21.325,-68.04,14.4,99.02,14.37,JESS,NORMAL
26.914,-76.69,6.47,95.23,11.97,JESS,WARNING
15.064,-39.2,18.82,67.67,5.2,JESS,WARNING
3.712,-36.24,20.0,92.28,14.22,JESS,WARNING
11.376,-55.38,16.76,59.82,12.64,JESS,WARNING
16.736,-52.12,16.63,46.41,16.68,JESS,WARNING
12.817,-46.59,18.59,61.45,4.76,JESS,NORMAL
6.003,-38.45,20.0,88.89,11.04,JESS,WARNING
1.591,-35.0,20.0,96.18,0.0,JESS,NORMAL
20.779,-57.46,16.88,85.43,18.7,JESS,FAILURE
29.786,-71.38,12.16,26.17,9.43,JESS,NORMAL
27.617,-76.59,10.58,63.26,8.75,JESS,NORMAL
20.656,-69.81,16.07,50.03,1.09,JESS,WARNING
25.325,-62.04,17.07,53.31,7.09,JESS,FAILURE
8.044,-35.0,20.0,48.54,0.0,JESS,WARNING
18.862,-52.84,20.0,16.08,12.47,JESS,WARNING
2.288,-35.0,20.0,86.13,7.19,JESS,WARNING
21.362,-54.34,14.66,98.05,7.56,JESS,WARNING
29.111,-85.27,11.21,28.88,2.47,JESS,WARNING
25.894,-72.36,8.1,65.98,22.33,JESS,WARNING
16.266,-44.16,20.0,58.29,9.18,JESS,WARNING
23.768,-56.52,13.56,90.68,5.37,JESS,NORMAL
28.345,-87.82,11.1,73.37,16.62,JESS,WARNING
6.873,-38.68,20.0,77.47,0.0,JESS,WARNING
23.901,-65.05,14.54,95.67,0.0,JESS,WARNING
8.46,-47.93,19.85,69.71,2.08,JESS,NORMAL
26.37,-72.97,11.59,50.82,12.93,JESS,NORMAL
3.401,-35.0,20.0,14.67,2.05,JESS,NORMAL
5.757,-35.0,20.0,91.57,0.0,JESS,WARNING
21.758,-57.95,15.15,63.08,5.63,JESS,WARNING
5.656,-35.0,15.51,71.41,8.68,JESS,WARNING
5.163,-35.0,20.0,55.48,7.0,JESS,WARNING
16.886,-63.06,14.05,45.43,0.0,JESS,FAILURE
25.132,-67.28,19.14,55.35,17.22,JESS,NORMAL
8.42,-39.86,13.89,14.37,9.47,JESS,WARNING
25.314,-78.34,15.15,81.81,7.88,JESS,NORMAL
24.335,-69.33,14.61,24.22,1.88,JESS,WARNING
17.584,-67.19,13.49,39.94,0.19,JESS,WARNING
19.574,-59.33,20.0,17.83,3.21,JESS,NORMAL
1.693,-35.0,20.0,83.8,1.28,JESS,NORMAL
11.33,-35.0,18.55,25.15,3.74,JESS,WARNING
8.27,-37.4,17.49,45.9,1.62,JESS,NORMAL
4.925,-35.0,20.0,47.39,4.63,JESS,FAILURE
11.995,-51.15,20.0,38.48,9.21,JESS,WARNING
10.97,-43.5,17.57,87.41,6.81,JESS,NORMAL
22.002,-70.81,16.99,79.46,0.66,JESS,NORMAL
18.144,-51.39,20.0,76.93,5.43,JESS,WARNING
27.436,-74.79,14.79,30.26,13.93,JESS,NORMAL
4.79,-37.9,20.0,27.06,8.36,JESS,FAILURE
2.263,-40.89,20.0,32.19,3.88,JESS,NORMAL
16.271,-57.64,16.53,44.75,14.11,JESS,FAILURE
0.53,-35.0,20.0,53.09,10.21,JESS,WARNING
23.738,-75.49,12.14,32.52,3.33,JESS,FAILURE
15.426,-38.25,19.84,51.2,16.76,JESS,NORMAL
14.898,-55.79,17.76,26.59,8.51,JESS,WARNING
11.194,-44.0,15.79,34.21,12.56,JESS,NORMAL
11.562,-38.13,20.0,33.47,3.42,JESS,WARNING
13.218,-43.17,20.0,75.44,7.5,JESS,WARNING
0.973,-35.0,18.15,51.26,6.5,JESS,WARNING
2.965,-36.71,16.31,65.37,11.92,JESS,NORMAL
15.399,-46.16,17.48,70.24,2.53,JESS,WARNING
4.929,-38.09,20.0,16.17,5.23,JESS,WARNING
23.473,-71.34,12.45,81.54,14.94,JESS,WARNING
8.597,-35.0,20.0,35.56,14.05,JESS,WARNING
3.388,-35.0,16.42,55.88,10.64,JESS,WARNING
7.439,-35.0,20.0,40.45,12.44,JESS,NORMAL
11.034,-46.25,20.0,79.62,8.73,JESS,WARNING
1.542,-35.0,19.22,30.54,6.8,JESS,NORMAL
4.679,-35.0,19.11,96.74,13.08,JESS,NORMAL
10.053,-36.59,20.0,46.01,0.0,JESS,WARNING
9.659,-35.0,20.0,74.05,5.35,JESS,NORMAL
24.111,-62.56,17.45,67.73,2.33,JESS,WARNING
25.376,-65.23,18.54,76.83,9.54,JESS,WARNING
6.206,-35.0,20.0,59.6,7.08,JESS,WARNING
4.156,-35.0,20.0,44.54,0.12,JESS,FAILURE
19.208,-41.72,20.0,26.16,12.91,JESS,WARNING
24.236,-69.86,19.21,56.75,4.28,JESS,NORMAL
28.93,-75.51,15.26,15.48,5.29,JESS,WARNING
0.7,-35.0,20.0,15.29,0.51,JESS,WARNING
12.704,-40.24,20.0,65.21,8.05,JESS,WARNING
22.153,-57.69,11.48,53.24,4.06,JESS,WARNING
24.942,-60.01,18.75,55.55,2.54,JESS,WARNING
2.337,-35.0,18.84,38.68,11.76,JESS,FAILURE
20.578,-52.78,20.0,81.15,2.43,JESS,NORMAL
9.024,-35.0,20.0,28.11,1.53,JESS,NORMAL
2.701,-35.9,20.0,62.75,8.88,JESS,NORMAL
14.929,-55.27,12.38,87.44,14.01,JESS,WARNING
5.166,-46.23,19.73,85.07,5.08,JESS,FAILURE
22.242,-74.09,16.98,12.58,0.0,JESS,WARNING
22.367,-62.4,16.46,35.11,14.22,JESS,WARNING
25.341,-78.83,12.93,74.33,1.65,JESS,NORMAL
11.638,-54.69,15.21,76.67,6.82,JESS,WARNING
0.893,-35.0,20.0,53.45,16.18,JESS,WARNING
8.162,-35.89,18.46,28.22,6.75,JESS,WARNING
14.3,-55.19,18.68,35.11,6.16,JESS,WARNING
20.973,-65.29,13.97,82.09,5.44,JESS,NORMAL
11.77,-35.87,16.01,27.29,5.07,JESS,WARNING
16.313,-62.67,11.12,94.81,1.67,JESS,WARNING
15.966,-48.66,18.24,55.08,1.99,JESS,NORMAL
5.367,-39.32,18.68,35.51,5.29,JESS,NORMAL
18.88,-54.95,19.29,45.07,0.0,JESS,FAILURE
13.458,-49.28,18.5,33.09,0.0,JESS,NORMAL
24.334,-66.66,19.19,44.59,5.01,JESS,NORMAL
20.873,-71.49,19.21,21.77,12.86,JESS,NORMAL
3.788,-38.24,20.0,84.08,0.0,JESS,WARNING
14.918,-52.95,19.44,96.73,1.23,JESS,WARNING
21.224,-63.66,11.56,69.32,2.63,JESS,NORMAL
3.067,-35.0,20.0,82.77,2.92,JESS,NORMAL
23.879,-65.36,14.3,30.53,3.0,JESS,NORMAL
7.049,-37.84,20.0,15.65,11.74,JESS,FAILURE
15.341,-57.68,16.4,66.44,5.59,JESS,WARNING
28.247,-68.19,14.59,83.58,1.58,JESS,WARNING
17.354,-70.23,14.21,85.09,1.81,JESS,WARNING
13.01,-47.55,19.07,57.95,10.02,JESS,FAILURE
0.7,-35.0,20.0,65.99,13.79,JESS,WARNING
4.436,-45.5,20.0,43.14,7.5,JESS,WARNING
17.571,-63.78,13.76,84.76,14.86,JESS,WARNING
15.068,-55.89,13.09,72.78,3.3,JESS,WARNING
11.233,-48.03,14.88,26.73,3.04,JESS,NORMAL
27.735,-81.59,10.62,35.15,13.0,JESS,WARNING
10.308,-39.79,20.0,23.67,0.0,JESS,FAILURE
16.346,-48.55,19.47,55.52,7.74,JESS,NORMAL
17.277,-64.61,17.63,28.2,3.31,JESS,WARNING
16.06,-54.53,14.3,24.29,2.07,JESS,NORMAL
14.589,-55.72,15.51,24.44,0.0,JESS,WARNING
10.443,-57.58,18.1,33.93,12.17,JESS,WARNING
27.309,-75.38,13.07,82.81,4.81,JESS,WARNING
13.799,-38.41,20.0,94.45,15.3,JESS,FAILURE
16.089,-48.67,16.92,99.63,11.61,JESS,WARNING
19.866,-71.92,15.97,13.63,2.75,JESS,NORMAL
2.496,-35.0,15.9,61.2,3.02,JESS,NORMAL
23.548,-72.57,15.44,33.98,0.63,JESS,WARNING
15.619,-46.43,20.0,99.0,10.01,JESS,WARNING
19.887,-60.79,17.12,98.59,6.94,JESS,NORMAL
23.274,-69.85,17.47,94.07,5.93,JESS,WARNING
26.286,-76.5,10.53,11.28,15.86,JESS,NORMAL
12.071,-50.12,20.0,23.91,0.0,JESS,NORMAL
24.437,-56.25,13.92,59.72,12.36,JESS,WARNING
8.136,-44.73,20.0,26.86,10.67,JESS,NORMAL
19.98,-56.93,20.0,86.94,0.89,JESS,NORMAL
3.53,-35.0,17.41,72.98,14.3,JESS,WARNING
1.091,-35.0,18.46,26.57,0.7,JESS,NORMAL
3.325,-35.0,17.36,83.66,6.08,JESS,FAILURE
9.922,-39.07,14.0,54.84,9.01,JESS,WARNING
1.417,-35.0,20.0,73.87,0.0,JESS,FAILURE
19.099,-44.29,20.0,22.58,3.83,JESS,WARNING
9.838,-47.18,15.85,56.61,0.0,JESS,NORMAL
22.223,-68.98,13.33,79.87,5.27,JESS,WARNING
1.854,-35.0,14.99,41.1,2.14,JESS,WARNING
6.893,-35.0,18.37,26.81,11.86,JESS,NORMAL
12.536,-44.26,20.0,67.55,8.51,JESS,NORMAL
11.788,-45.37,12.48,67.97,13.15,JESS,FAILURE
4.364,-35.0,16.64,28.39,10.28,JESS,NORMAL
29.827,-84.14,11.85,16.24,16.24,JESS,NORMAL
8.891,-40.61,20.0,24.98,5.49,JESS,FAILURE
21.77,-64.27,12.23,34.8,0.0,JESS,WARNING
6.991,-35.0,17.79,13.27,0.0,JESS,FAILURE
26.397,-84.05,9.55,93.05,5.04,JESS,FAILURE
11.939,-37.74,19.13,30.75,8.13,JESS,NORMAL
27.077,-86.17,1.65,76.5,9.41,JESS,NORMAL
10.584,-45.85,18.37,47.32,5.65,JESS,WARNING
0.755,-35.0,16.77,55.18,7.34,JESS,WARNING
15.752,-53.32,15.23,58.32,8.2,JESS,WARNING
15.981,-55.04,18.58,79.55,2.2,JESS,NORMAL
4.035,-35.0,18.69,80.91,3.26,JESS,WARNING
7.431,-36.98,19.78,22.71,7.88,JESS,FAILURE
23.613,-66.87,13.61,37.3,5.25,JESS,NORMAL
1.584,-35.0,16.73,61.57,12.96,JESS,FAILURE
14.941,-48.99,18.25,39.74,0.0,JESS,WARNING
16.147,-57.15,18.67,21.95,0.61,JESS,WARNING
20.817,-56.28,19.04,46.76,7.01,JESS,WARNING
1.605,-35.0,19.55,29.66,0.0,JESS,WARNING
17.777,-72.1,11.18,22.91,4.6,JESS,WARNING
0.591,-35.0,20.0,37.36,12.43,JESS,WARNING
8.323,-43.65,20.0,36.97,9.29,JESS,NORMAL
15.241,-39.01,20.0,18.75,3.11,JESS,WARNING
27.383,-82.09,11.69,62.57,2.78,JESS,NORMAL
4.234,-35.0,19.95,38.29,0.0,JESS,WARNING
5.494,-35.0,18.98,25.6,0.0,JESS,NORMAL
20.243,-54.85,10.64,83.67,3.49,JESS,FAILURE
11.558,-35.0,20.0,10.23,11.21,JESS,NORMAL
18.891,-62.77,12.47,50.89,5.76,JESS,WARNING
29.925,-79.21,11.63,49.15,5.53,JESS,NORMAL
29.613,-75.52,13.91,70.4,0.0,JESS,NORMAL
10.935,-40.12,20.0,45.05,9.18,JESS,NORMAL
15.366,-51.64,14.02,56.14,0.0,JESS,NORMAL
27.188,-64.48,12.47,91.76,0.0,JESS,NORMAL
3.219,-35.0,20.0,25.15,11.94,JESS,WARNING
13.843,-50.37,15.29,19.5,18.06,JESS,NORMAL
11.639,-41.22,18.66,77.21,14.31,JESS,NORMAL
9.199,-39.06,16.81,76.86,7.19,JESS,WARNING
29.829,-80.26,15.93,92.77,8.59,JESS,NORMAL
22.14,-66.09,15.85,98.48,13.48,JESS,WARNING
11.968,-40.09,17.11,44.59,0.0,JESS,WARNING
24.956,-76.07,16.49,43.97,10.04,JESS,FAILURE
14.945,-59.68,20.0,91.42,0.76,JESS,NORMAL
26.248,-84.14,7.11,87.46,4.55,JESS,WARNING
8.358,-45.05,20.0,43.79,4.64,JESS,FAILURE
7.096,-35.0,20.0,16.87,9.86,JESS,NORMAL
7.795,-38.34,15.66,62.31,0.0,JESS,NORMAL
16.385,-54.69,16.8,34.18,7.45,JESS,NORMAL
9.094,-35.0,20.0,91.77,3.33,JESS,NORMAL
4.84,-39.27,14.63,82.55,0.0,JESS,NORMAL
29.842,-81.01,18.38,91.09,7.51,JESS,NORMAL
27.063,-73.36,11.5,17.28,8.2,JESS,WARNING
19.233,-63.48,16.57,87.82,9.57,JESS,WARNING
26.801,-63.55,15.03,63.38,0.0,JESS,WARNING
28.096,-82.63,10.65,29.39,4.33,JESS,WARNING
20.445,-54.26,15.4,37.11,13.44,JESS,WARNING
15.801,-51.98,17.96,51.1,0.0,JESS,WARNING
26.519,-77.71,9.16,66.49,15.1,JESS,FAILURE
17.25,-59.78,16.05,30.95,3.65,JESS,WARNING
4.241,-35.0,16.25,28.63,0.55,JESS,WARNING
11.322,-43.63,20.0,90.29,5.55,JESS,WARNING
13.655,-61.11,14.03,86.07,6.83,JESS,FAILURE
28.093,-90.0,9.48,79.01,15.85,JESS,WARNING
19.946,-68.77,15.77,78.48,2.61,JESS,WARNING
26.321,-75.26,17.04,78.94,0.0,JESS,NORMAL
22.849,-60.52,20.0,93.17,0.0,JESS,NORMAL
9.641,-48.12,20.0,85.93,12.54,JESS,NORMAL
21.702,-69.98,10.37,44.97,2.34,JESS,WARNING
6.261,-41.06,20.0,52.42,12.07,JESS,WARNING
12.54,-47.36,15.69,64.41,19.11,JESS,NORMAL
24.28,-61.3,12.58,52.8,12.42,JESS,FAILURE
18.552,-67.91,13.06,36.72,1.86,JESS,FAILURE
24.85,-61.73,16.93,87.5,7.98,JESS,WARNING
8.014,-35.0,20.0,82.31,1.9,JESS,NORMAL
22.618,-78.47,11.57,45.09,0.0,JESS,FAILURE
6.469,-35.0,20.0,20.32,1.86,JESS,WARNING
16.586,-47.27,20.0,10.44,7.62,JESS,NORMAL
13.289,-50.48,16.49,18.32,0.0,JESS,WARNING
16.916,-56.78,19.46,23.93,6.2,JESS,FAILURE
4.498,-35.61,17.86,69.2,0.92,JESS,NORMAL
11.156,-40.22,18.56,29.77,12.24,JESS,FAILURE
20.174,-60.15,13.64,67.13,15.86,JESS,NORMAL
16.977,-54.17,19.16,39.55,1.45,JESS,NORMAL
16.695,-61.06,19.3,90.55,6.15,JESS,WARNING
15.569,-51.37,17.92,52.22,0.53,JESS,FAILURE
28.345,-92.45,8.68,70.56,0.49,JESS,WARNING
28.07,-67.77,13.73,51.49,7.04,JESS,WARNING
11.124,-40.08,14.49,92.13,4.71,JESS,NORMAL
10.881,-48.18,17.14,71.87,9.78,JESS,WARNING
16.87,-50.97,18.03,67.79,10.97,JESS,NORMAL
3.32,-35.0,20.0,63.31,8.53,JESS,NORMAL
9.439,-39.02,16.68,98.98,9.27,JESS,WARNING
7.311,-35.0,20.0,71.63,10.44,JESS,NORMAL
7.09,-35.93,16.82,77.87,18.33,JESS,WARNING
19.336,-70.87,15.02,17.35,13.44,JESS,WARNING
11.838,-35.0,20.0,83.28,10.66,JESS,WARNING
5.549,-38.0,20.0,63.7,9.66,JESS,FAILURE
26.683,-77.88,12.71,40.3,9.31,JESS,WARNING
26.287,-76.55,13.13,62.35,1.55,JESS,WARNING
25.943,-79.01,13.46,66.3,4.01,JESS,NORMAL
12.027,-50.87,17.14,33.42,10.1,JESS,NORMAL
2.181,-35.0,20.0,49.34,11.4,JESS,NORMAL
3.649,-35.0,20.0,74.92,12.18,JESS,NORMAL
8.643,-42.39,16.58,30.33,6.36,JESS,NORMAL
6.989,-37.73,20.0,85.25,10.07,JESS,NORMAL
26.283,-67.98,19.32,16.98,7.04,JESS,NORMAL
29.598,-89.99,6.9,62.31,13.95,JESS,NORMAL
24.592,-65.32,16.04,44.17,9.17,JESS,NORMAL
22.031,-57.63,20.0,14.8,11.31,JESS,WARNING
17.864,-58.16,15.98,79.7,8.09,JESS,NORMAL
23.212,-63.34,20.0,59.19,15.01,JESS,NORMAL
28.437,-77.43,15.5,74.38,13.52,JESS,WARNING
18.24,-56.62,13.54,44.21,20.06,JESS,NORMAL
5.061,-35.0,19.41,87.37,10.04,JESS,NORMAL
5.334,-35.0,20.0,17.53,0.09,JESS,NORMAL
17.724,-55.38,11.35,31.0,0.0,JESS,FAILURE
10.337,-35.0,18.51,81.51,9.62,JESS,FAILURE
27.352,-72.94,14.66,95.92,10.32,JESS,WARNING
18.543,-52.21,15.9,86.18,0.0,JESS,WARNING
20.457,-65.38,11.17,30.78,6.64,JESS,NORMAL
0.672,-35.0,20.0,41.37,15.86,JESS,NORMAL
15.216,-55.49,20.0,78.89,3.35,JESS,WARNING
13.219,-47.19,16.15,95.16,7.32,JESS,FAILURE
21.323,-51.5,15.73,36.03,10.0,JESS,NORMAL
11.788,-37.5,19.94,44.77,16.66,JESS,NORMAL
29.309,-79.57,17.84,12.06,5.6,JESS,NORMAL
20.271,-73.09,10.34,55.4,15.89,JESS,NORMAL
19.968,-70.83,10.52,17.93,0.86,JESS,WARNING
27.621,-82.46,12.69,17.7,14.12,JESS,WARNING
29.859,-85.22,15.65,78.52,6.97,JESS,NORMAL
6.336,-37.46,18.3,40.95,8.1,JESS,WARNING
24.411,-72.83,18.97,94.21,11.86,JESS,NORMAL
5.288,-41.43,15.05,74.45,9.07,JESS,WARNING
13.983,-48.72,14.1,36.53,7.97,JESS,WARNING
3.455,-35.0,18.72,71.37,0.36,JESS,NORMAL
18.889,-46.45,18.56,87.9,12.32,JESS,FAILURE
14.321,-64.48,14.15,49.24,14.66,JESS,WARNING
19.047,-57.55,13.86,60.56,10.85,JESS,WARNING
20.5,-70.62,6.99,29.57,1.05,JESS,WARNING
18.773,-60.7,15.88,46.2,9.62,JESS,NORMAL
9.174,-47.56,17.82,62.11,9.48,JESS,NORMAL
25.19,-70.21,13.93,65.39,0.25,JESS,WARNING
16.775,-52.28,14.43,74.8,5.65,JESS,WARNING
14.951,-46.57,17.62,96.16,16.25,JESS,WARNING
29.618,-88.81,9.87,85.47,0.0,JESS,NORMAL
8.863,-43.32,17.8,86.64,11.31,JESS,NORMAL
16.077,-49.65,15.94,60.18,0.0,JESS,WARNING
20.629,-67.6,16.1,22.98,14.74,JESS,WARNING
4.194,-35.0,16.82,67.19,16.57,JESS,NORMAL
10.95,-37.07,20.0,46.56,0.0,JESS,FAILURE
24.15,-64.22,13.42,12.87,11.14,JESS,WARNING
7.484,-41.88,17.88,27.54,0.0,JESS,NORMAL
15.052,-45.85,20.0,78.32,2.46,JESS,NORMAL
19.104,-65.79,17.01,66.79,10.33,JESS,NORMAL
20.299,-77.88,12.96,98.06,12.08,JESS,WARNING
21.985,-56.52,18.32,93.11,1.12,JESS,NORMAL
26.046,-70.38,15.34,63.48,13.86,JESS,NORMAL
12.089,-37.61,18.02,23.94,4.68,JESS,WARNING
21.346,-52.64,17.11,40.27,3.27,JESS,WARNING
22.099,-75.19,10.59,30.97,0.0,JESS,FAILURE
9.358,-48.06,18.31,52.35,5.02,JESS,WARNING
29.061,-85.39,1.32,82.05,11.81,JESS,WARNING
26.024,-75.79,3.78,83.97,19.42,JESS,NORMAL
9.051,-35.67,20.0,26.03,2.84,JESS,NORMAL
20.415,-60.15,19.93,59.42,3.72,JESS,WARNING
21.675,-62.08,15.28,70.91,14.1,JESS,NORMAL
13.229,-47.98,15.61,45.7,11.97,JESS,WARNING
25.98,-65.44,13.39,91.49,17.91,JESS,WARNING
20.862,-63.37,16.22,42.31,4.59,JESS,NORMAL
19.916,-58.79,20.0,54.11,5.05,JESS,WARNING
7.015,-44.45,8.58,62.82,7.53,JESS,FAILURE
12.531,-50.58,20.0,48.46,2.97,JESS,NORMAL
13.301,-44.34,17.32,96.73,2.08,JESS,FAILURE
22.143,-54.33,16.98,78.44,12.59,JESS,WARNING
18.743,-52.55,9.12,84.62,2.17,JESS,WARNING
3.033,-35.0,18.77,77.74,0.54,JESS,NORMAL
9.577,-39.67,19.36,62.93,0.36,JESS,WARNING
14.455,-50.4,18.97,12.53,10.0,JESS,NORMAL
22.234,-60.17,10.75,78.83,8.85,JESS,WARNING
22.435,-67.17,16.74,65.14,0.0,JESS,WARNING
14.971,-58.13,18.63,17.27,1.2,JESS,WARNING
3.95,-35.33,20.0,20.67,1.51,JESS,NORMAL
9.141,-44.47,19.13,53.31,4.6,JESS,WARNING
8.013,-35.0,19.46,86.76,15.79,JESS,WARNING
23.54,-62.84,20.0,59.84,8.21,JESS,WARNING
5.81,-42.48,14.96,92.77,2.6,JESS,WARNING
14.215,-58.13,16.45,83.41,15.84,JESS,WARNING
20.286,-63.75,15.29,66.77,9.01,JESS,FAILURE
28.961,-94.43,12.88,38.2,5.48,JESS,NORMAL
29.978,-83.13,10.07,86.75,8.85,JESS,NORMAL
28.611,-78.77,11.21,69.33,10.21,JESS,NORMAL
21.688,-64.27,20.0,59.75,3.87,JESS,FAILURE
22.52,-73.05,17.05,55.06,5.56,JESS,WARNING
22.897,-75.32,13.92,29.15,9.13,JESS,WARNING
25.947,-82.11,9.85,11.42,16.75,JESS,NORMAL
28.578,-67.42,16.36,74.49,5.87,JESS,WARNING
13.648,-42.61,20.0,92.76,8.67,JESS,FAILURE
12.787,-42.09,17.05,26.53,11.09,JESS,WARNING
14.084,-57.94,12.61,94.13,6.68,JESS,NORMAL
19.965,-69.39,15.7,16.47,11.92,JESS,FAILURE
23.376,-75.29,15.36,59.72,16.62,JESS,WARNING
26.181,-71.02,16.29,20.4,11.98,JESS,WARNING
13.958,-44.22,18.16,90.02,10.48,JESS,WARNING
11.219,-48.59,18.41,19.29,0.0,JESS,FAILURE
29.509,-89.34,11.44,32.59,13.97,JESS,NORMAL
7.341,-38.28,20.0,82.53,11.44,JESS,FAILURE
7.049,-35.0,20.0,71.96,9.23,JESS,FAILURE
21.605,-68.51,11.64,44.93,5.34,JESS,WARNING
5.8,-35.0,19.89,85.31,7.45,JESS,WARNING
12.283,-48.18,20.0,67.21,12.24,JESS,NORMAL
9.125,-36.65,20.0,33.38,13.33,JESS,NORMAL
5.477,-35.0,20.0,76.62,3.57,JESS,WARNING
17.601,-61.91,13.52,39.98,0.01,JESS,NORMAL
11.519,-48.4,15.59,83.42,9.18,JESS,WARNING
14.136,-38.42,19.38,80.34,11.29,JESS,WARNING
6.278,-39.12,16.09,37.77,14.9,JESS,WARNING
23.152,-70.28,16.35,19.33,7.65,JESS,FAILURE
9.784,-35.1,20.0,83.87,0.0,JESS,FAILURE
10.61,-46.05,14.69,42.8,0.7,JESS,NORMAL
7.939,-35.61,18.14,39.28,7.62,JESS,WARNING
13.315,-55.62,17.68,11.64,16.76,JESS,NORMAL
14.176,-58.7,16.44,75.33,11.27,JESS,WARNING
16.125,-55.84,17.16,34.67,13.73,JESS,WARNING
29.043,-82.38,12.73,49.23,13.06,JESS,NORMAL
27.188,-73.58,18.63,90.98,3.02,JESS,NORMAL
18.477,-65.91,9.64,21.28,7.34,ASMI,NORMAL
1.648,-35.0,20.0,13.42,9.87,ASMI,WARNING
18.562,-47.87,16.88,60.45,10.39,ASMI,WARNING
3.145,-35.0,19.47,72.99,13.28,ASMI,FAILURE
21.455,-65.56,14.87,57.54,9.09,ASMI,NORMAL
12.007,-37.71,18.37,40.56,6.57,ASMI,WARNING
25.212,-76.64,20.0,42.53,0.0,ASMI,WARNING
28.305,-82.32,12.22,23.47,8.15,ASMI,FAILURE
12.805,-48.23,20.0,38.05,7.76,ASMI,NORMAL
14.086,-37.71,20.0,78.3,0.0,ASMI,WARNING
17.909,-63.53,16.29,54.92,15.8,ASMI,NORMAL
6.315,-35.0,18.57,90.17,0.0,ASMI,WARNING
27.856,-71.86,15.07,25.12,0.0,ASMI,WARNING
13.273,-49.64,16.06,49.82,10.66,ASMI,FAILURE
5.421,-40.28,20.0,73.14,3.09,ASMI,NORMAL
23.001,-71.41,11.0,34.51,5.27,ASMI,NORMAL
6.965,-35.0,20.0,34.02,6.75,ASMI,NORMAL
4.734,-35.0,19.56,19.5,0.62,ASMI,WARNING
17.105,-62.27,11.1,90.36,5.58,ASMI,NORMAL
20.309,-58.43,13.31,25.53,10.97,ASMI,NORMAL
17.302,-52.51,18.49,97.31,11.3,ASMI,NORMAL
19.867,-74.59,7.3,50.4,5.65,ASMI,WARNING
3.908,-35.0,20.0,98.36,0.0,ASMI,NORMAL
14.543,-55.3,17.37,13.63,1.08,ASMI,WARNING
11.032,-45.01,20.0,61.04,0.0,ASMI,WARNING
29.214,-83.61,7.83,72.18,2.55,ASMI,NORMAL
1.964,-35.0,19.24,56.47,5.64,ASMI,NORMAL
9.3,-36.5,13.3,61.31,11.96,ASMI,WARNING
28.285,-81.74,13.45,58.46,2.33,ASMI,WARNING
29.513,-74.11,16.79,23.45,0.0,ASMI,NORMAL
24.835,-74.04,18.05,57.87,13.06,ASMI,WARNING
2.742,-35.0,20.0,58.76,15.29,ASMI,FAILURE
17.06,-57.0,15.99,42.0,6.28,ASMI,FAILURE
12.304,-48.83,17.76,64.67,2.98,ASMI,NORMAL
24.29,-86.02,14.17,47.07,11.81,ASMI,WARNING
2.123,-35.0,18.82,77.96,16.5,ASMI,FAILURE
6.315,-40.27,20.0,13.44,0.78,ASMI,WARNING
14.931,-41.83,20.0,10.9,0.0,ASMI,NORMAL
5.151,-35.0,20.0,57.15,9.07,ASMI,WARNING
20.935,-53.37,16.22,99.03,6.78,ASMI,WARNING
24.713,-65.56,18.58,50.09,13.84,ASMI,WARNING
21.283,-51.99,19.19,11.07,3.25,ASMI,WARNING
13.488,-41.41,19.53,38.54,13.22,ASMI,WARNING
26.412,-70.61,12.51,52.05,10.53,ASMI,NORMAL
4.562,-35.0,16.15,91.1,13.87,ASMI,WARNING
8.18,-35.0,20.0,20.92,10.43,ASMI,WARNING
14.941,-45.76,20.0,93.2,12.98,ASMI,NORMAL
2.309,-35.0,20.0,94.61,5.97,ASMI,WARNING
3.323,-35.0,17.59,67.69,10.73,ASMI,NORMAL
12.225,-39.33,13.97,30.27,11.48,ASMI,WARNING
28.345,-79.27,20.0,58.3,5.39,ASMI,NORMAL
27.298,-73.99,11.47,83.5,8.22,ASMI,WARNING
14.246,-53.3,14.33,42.22,10.23,ASMI,WARNING
4.694,-36.66,18.42,91.48,19.21,ASMI,WARNING
5.754,-39.61,20.0,17.82,5.28,ASMI,NORMAL
11.638,-51.43,16.5,37.65,20.44,ASMI,NORMAL
6.697,-35.0,19.43,99.39,3.23,ASMI,NORMAL
2.948,-35.0,20.0,62.55,1.55,ASMI,NORMAL
20.376,-72.54,14.83,63.13,10.94,ASMI,WARNING
17.653,-51.65,18.02,31.59,19.38,ASMI,FAILURE
9.093,-41.88,20.0,87.18,4.48,ASMI,NORMAL
23.479,-71.25,13.59,48.62,1.69,ASMI,WARNING
23.39,-69.0,11.38,81.42,2.3,ASMI,WARNING
14.985,-51.43,20.0,82.96,5.89,ASMI,WARNING
3.348,-35.0,20.0,25.74,5.34,ASMI,NORMAL
27.595,-76.8,11.26,55.16,6.53,ASMI,NORMAL
20.225,-64.61,11.99,44.56,12.61,ASMI,NORMAL
7.788,-35.0,20.0,23.94,9.14,ASMI,NORMAL
18.508,-67.43,14.66,21.11,7.44,ASMI,WARNING
12.448,-51.97,19.54,14.12,1.09,ASMI,NORMAL
19.243,-61.13,19.94,73.18,6.25,ASMI,NORMAL
14.479,-51.79,17.98,80.39,0.0,ASMI,WARNING
14.821,-38.43,20.0,52.42,6.53,ASMI,WARNING
22.209,-67.37,17.54,60.75,11.3,ASMI,WARNING
18.605,-63.01,15.7,33.58,0.0,ASMI,WARNING
2.859,-41.16,20.0,74.33,0.0,ASMI,WARNING
2.429,-35.0,20.0,62.56,17.88,ASMI,WARNING
9.498,-40.78,20.0,89.41,1.1,ASMI,WARNING
13.192,-53.08,15.07,77.15,7.39,ASMI,WARNING
8.619,-35.0,20.0,11.7,0.76,ASMI,FAILURE
19.718,-51.62,16.46,82.89,8.5,ASMI,FAILURE
6.256,-37.42,20.0,12.44,13.42,ASMI,NORMAL
21.272,-76.86,9.87,83.25,2.81,ASMI,WARNING
23.308,-67.81,17.95,98.85,1.37,ASMI,FAILURE
4.167,-35.0,13.82,53.28,3.69,ASMI,WARNING
19.699,-52.31,19.38,30.42,13.25,ASMI,NORMAL
28.862,-88.14,5.72,10.86,11.63,ASMI,WARNING
6.188,-35.0,20.0,23.53,0.0,ASMI,FAILURE
27.324,-76.66,9.35,55.34,0.35,ASMI,WARNING
18.378,-54.4,17.15,82.59,0.0,ASMI,WARNING
17.933,-53.54,19.46,88.43,11.36,ASMI,NORMAL
2.032,-35.0,17.61,71.52,7.99,ASMI,WARNING
22.575,-77.89,11.44,17.81,1.67,ASMI,FAILURE
14.609,-51.14,7.83,99.22,15.28,ASMI,FAILURE
21.775,-71.72,18.19,77.24,14.64,ASMI,NORMAL
24.371,-69.51,20.0,48.38,7.48,ASMI,FAILURE
15.952,-63.28,19.1,83.23,9.38,ASMI,WARNING
8.278,-35.0,20.0,62.97,0.0,ASMI,NORMAL
4.676,-35.0,20.0,64.25,7.32,ASMI,NORMAL
5.235,-35.0,20.0,97.42,3.12,ASMI,WARNING
26.075,-78.62,16.27,82.1,6.5,ASMI,WARNING
4.146,-35.0,20.0,33.59,0.0,ASMI,NORMAL
11.848,-48.47,20.0,25.76,0.75,ASMI,NORMAL
10.361,-46.11,17.14,25.51,2.16,ASMI,NORMAL
26.031,-69.43,8.38,50.91,7.87,ASMI,WARNING
14.592,-56.36,20.0,44.97,7.17,ASMI,WARNING
29.895,-91.03,14.85,50.75,7.66,ASMI,WARNING
22.243,-84.61,12.73,15.64,0.95,ASMI,FAILURE
25.602,-79.62,10.56,28.19,6.18,ASMI,WARNING
3.411,-35.0,20.0,81.78,4.74,ASMI,WARNING
7.967,-41.97,20.0,78.18,11.95,ASMI,NORMAL
4.496,-35.0,20.0,45.4,8.09,ASMI,WARNING
14.177,-63.43,14.97,45.14,0.74,ASMI,FAILURE
21.689,-64.53,13.26,89.54,0.75,ASMI,WARNING
5.487,-35.0,17.59,26.37,10.39,ASMI,WARNING
4.34,-35.0,16.33,42.15,13.22,ASMI,WARNING
18.631,-54.66,14.47,78.71,0.45,ASMI,NORMAL
7.294,-38.52,20.0,61.71,14.14,ASMI,NORMAL
14.64,-38.15,15.15,15.42,0.0,ASMI,WARNING
2.008,-35.0,20.0,11.06,0.89,ASMI,NORMAL
20.578,-61.28,15.83,11.72,5.33,ASMI,FAILURE
16.469,-63.43,14.76,69.04,7.48,ASMI,NORMAL
19.599,-63.37,12.44,66.02,0.02,ASMI,WARNING
8.624,-35.0,20.0,14.01,6.51,ASMI,FAILURE
8.719,-35.0,20.0,21.88,5.69,ASMI,NORMAL
24.14,-68.42,16.53,75.03,16.31,ASMI,WARNING
21.698,-71.1,14.98,37.86,13.58,ASMI,NORMAL
17.602,-60.27,12.55,99.25,6.95,ASMI,NORMAL
19.03,-64.96,14.05,38.12,5.64,ASMI,NORMAL
3.274,-35.0,20.0,40.21,0.19,ASMI,WARNING
25.757,-63.62,10.43,47.75,0.0,ASMI,NORMAL
23.212,-70.27,16.68,84.49,4.66,ASMI,WARNING
17.92,-59.48,20.0,60.16,0.0,ASMI,WARNING
27.599,-72.27,14.26,87.15,0.34,ASMI,WARNING
5.475,-35.0,19.78,48.45,0.0,ASMI,NORMAL
20.756,-72.47,9.05,64.75,5.89,ASMI,NORMAL
28.908,-73.37,11.88,10.42,11.29,ASMI,WARNING
9.645,-40.71,20.0,61.8,0.59,ASMI,NORMAL
0.951,-35.0,20.0,17.25,3.4,ASMI,NORMAL
22.179,-59.96,18.08,27.37,7.2,ASMI,WARNING
0.706,-35.0,9.99,99.78,4.68,ASMI,NORMAL
26.24,-74.25,9.99,67.35,1.5,ASMI,NORMAL
2.161,-35.0,20.0,88.23,6.24,ASMI,NORMAL
19.757,-60.29,12.04,15.16,0.0,ASMI,WARNING
11.627,-51.37,15.79,44.61,15.99,ASMI,WARNING
6.499,-35.32,18.5,87.62,0.97,ASMI,FAILURE
26.999,-76.93,7.93,46.97,0.0,ASMI,NORMAL
22.514,-60.49,17.93,32.83,5.44,ASMI,WARNING
10.543,-41.75,20.0,53.29,3.37,ASMI,FAILURE
8.883,-35.0,20.0,52.38,12.35,ASMI,NORMAL
22.212,-58.47,20.0,99.16,4.28,ASMI,WARNING
25.179,-69.06,15.86,41.91,5.85,ASMI,WARNING
21.618,-71.31,14.22,96.16,0.0,ASMI,NORMAL
19.38,-53.61,17.49,92.08,0.0,ASMI,WARNING
7.224,-36.97,20.0,50.46,3.87,ASMI,WARNING
25.658,-68.82,15.63,95.05,9.9,ASMI,NORMAL
22.615,-67.83,12.53,75.6,5.57,ASMI,WARNING
15.76,-60.84,17.17,89.65,9.82,ASMI,WARNING
15.592,-48.42,20.0,90.26,0.0,ASMI,WARNING
17.291,-59.17,20.0,17.69,0.0,ASMI,NORMAL
24.934,-80.89,19.01,90.71,1.42,ASMI,WARNING
22.397,-67.6,18.62,54.06,0.0,ASMI,NORMAL
25.759,-75.62,9.3,67.33,17.29,ASMI,FAILURE
15.465,-62.02,16.8,37.05,3.85,ASMI,WARNING
18.927,-62.78,18.63,68.1,3.77,ASMI,NORMAL
25.71,-65.71,10.11,12.44,2.11,ASMI,WARNING
7.353,-45.42,19.58,43.41,5.88,ASMI,WARNING
13.599,-56.8,15.31,66.57,6.77,ASMI,WARNING
18.809,-50.44,16.03,27.72,0.0,ASMI,FAILURE
27.497,-71.6,14.98,70.54,20.9,ASMI,NORMAL
0.967,-35.0,18.15,84.6,13.55,ASMI,FAILURE
6.771,-35.0,18.71,13.36,14.08,ASMI,WARNING
7.416,-35.82,19.16,64.36,6.34,ASMI,NORMAL
10.135,-40.01,16.35,62.26,10.06,ASMI,WARNING
8.813,-35.0,19.39,80.39,13.61,ASMI,WARNING
17.909,-50.38,20.0,72.78,1.24,ASMI,NORMAL
26.626,-81.84,8.49,50.92,0.0,ASMI,WARNING
19.291,-50.95,18.1,41.91,0.0,ASMI,WARNING
7.625,-36.33,20.0,98.71,7.9,ASMI,NORMAL
25.981,-68.93,19.5,55.16,5.85,ASMI,NORMAL
19.145,-64.21,17.6,46.71,13.95,ASMI,WARNING
6.959,-35.0,20.0,99.37,5.77,ASMI,WARNING
11.169,-47.62,20.0,26.25,0.22,ASMI,WARNING
23.804,-71.23,11.84,26.75,17.8,ASMI,NORMAL
22.298,-67.77,19.18,97.88,11.7,ASMI,FAILURE
17.509,-65.8,18.95,69.19,11.64,ASMI,FAILURE
4.771,-35.0,20.0,56.78,0.12,ASMI,WARNING
24.197,-61.89,13.78,16.1,12.98,ASMI,NORMAL
9.573,-38.53,20.0,42.03,0.0,ASMI,NORMAL
23.262,-61.67,17.98,49.0,9.09,ASMI,FAILURE
19.603,-48.64,20.0,56.03,10.01,ASMI,WARNING
8.293,-40.86,20.0,49.29,0.44,ASMI,NORMAL
6.765,-36.59,19.68,49.43,9.27,ASMI,NORMAL
4.362,-35.94,20.0,99.54,8.78,ASMI,NORMAL
7.637,-35.0,18.44,97.66,0.0,ASMI,WARNING
5.156,-36.19,18.55,17.76,6.43,ASMI,WARNING
18.703,-61.89,20.0,25.18,0.0,ASMI,FAILURE
18.164,-69.09,20.0,94.74,0.0,ASMI,NORMAL
17.792,-57.59,15.88,38.71,10.23,ASMI,NORMAL
19.436,-49.47,20.0,65.04,0.0,ASMI,WARNING
24.536,-72.52,14.58,81.81,13.94,ASMI,FAILURE
27.45,-78.9,11.86,52.38,10.23,ASMI,WARNING
7.296,-35.0,20.0,11.5,4.06,ASMI,WARNING
17.839,-58.17,20.0,84.53,8.0,ASMI,WARNING
2.811,-35.0,20.0,78.06,15.55,ASMI,FAILURE
4.044,-35.0,19.35,13.73,14.05,ASMI,NORMAL
19.803,-54.97,20.0,90.76,10.95,ASMI,FAILURE
14.854,-41.77,20.0,87.13,5.87,ASMI,WARNING
22.871,-74.15,15.58,34.75,0.79,ASMI,NORMAL
13.057,-36.45,15.67,17.21,5.51,ASMI,WARNING
4.264,-45.01,18.43,46.29,10.25,ASMI,WARNING
26.226,-75.47,17.16,88.74,10.22,ASMI,WARNING
2.945,-35.0,20.0,53.42,13.36,ASMI,WARNING
6.074,-35.15,16.46,35.34,21.42,ASMI,WARNING
8.671,-41.01,20.0,30.86,10.4,ASMI,NORMAL
29.861,-73.25,12.39,41.95,9.07,ASMI,NORMAL
12.797,-42.06,16.48,99.46,15.94,ASMI,NORMAL
15.3,-48.33,14.12,89.06,11.43,ASMI,WARNING
23.206,-69.01,14.79,59.23,13.3,ASMI,NORMAL
19.274,-62.79,17.52,82.76,11.86,ASMI,WARNING
25.322,-75.31,9.93,38.46,4.56,ASMI,FAILURE
14.85,-44.24,12.94,65.37,7.82,ASMI,FAILURE
29.179,-73.39,16.68,88.55,0.0,ASMI,WARNING
24.006,-70.56,17.85,43.09,0.0,ASMI,NORMAL
12.34,-49.17,15.56,82.04,9.03,ASMI,WARNING
11.748,-52.5,16.57,65.29,13.46,ASMI,WARNING
27.92,-74.66,18.46,65.38,13.22,ASMI,WARNING
20.69,-66.91,12.11,13.7,11.06,ASMI,WARNING
18.832,-51.21,19.42,90.93,16.74,ASMI,WARNING
22.856,-66.48,13.69,79.85,2.56,ASMI,WARNING
17.045,-56.57,13.37,13.28,0.0,ASMI,NORMAL
5.195,-35.0,19.19,64.97,3.9,ASMI,NORMAL
9.917,-35.0,16.55,77.13,16.83,ASMI,FAILURE
16.959,-64.25,13.8,81.56,17.54,ASMI,FAILURE
1.036,-35.0,18.41,17.97,6.16,ASMI,FAILURE
13.402,-40.35,19.64,67.59,0.0,ASMI,FAILURE
22.796,-83.94,16.09,30.97,13.91,ASMI,WARNING
5.345,-39.45,18.83,50.63,0.0,ASMI,WARNING
2.404,-35.0,19.42,57.38,0.6,ASMI,NORMAL
25.163,-62.09,12.4,12.46,5.4,ASMI,WARNING
18.71,-54.96,20.0,36.96,5.25,ASMI,NORMAL
5.709,-35.75,20.0,81.77,3.35,ASMI,FAILURE
24.286,-73.05,18.28,85.81,0.0,ASMI,NORMAL
19.915,-54.84,15.68,39.7,15.28,ASMI,FAILURE
10.357,-35.0,20.0,49.76,5.82,ASMI,NORMAL
11.598,-52.94,13.48,84.81,6.53,ASMI,WARNING
5.099,-35.0,20.0,28.07,2.54,ASMI,WARNING
25.14,-86.13,14.98,75.79,0.0,ASMI,WARNING
15.516,-52.58,18.18,46.66,12.83,ASMI,NORMAL
16.932,-58.05,14.95,98.84,0.0,ASMI,NORMAL
26.563,-74.38,7.47,64.16,14.31,ASMI,FAILURE
0.967,-35.0,20.0,23.33,2.68,ASMI,FAILURE
2.474,-35.0,20.0,25.47,3.08,ASMI,WARNING
5.267,-35.0,20.0,12.46,0.0,ASMI,NORMAL
1.386,-35.0,18.69,74.33,7.7,ASMI,WARNING
19.916,-69.53,9.75,49.9,5.3,ASMI,WARNING
19.199,-56.3,16.79,10.99,0.0,ASMI,FAILURE
6.719,-35.0,20.0,19.13,12.21,ASMI,NORMAL
4.907,-37.28,19.02,36.05,6.26,ASMI,FAILURE
4.798,-38.6,20.0,48.17,2.68,ASMI,FAILURE
28.621,-84.24,11.82,94.46,0.0,ASMI,NORMAL
20.958,-65.69,15.98,58.72,15.03,ASMI,WARNING
17.77,-61.13,19.33,90.48,0.0,ASMI,FAILURE
10.013,-42.02,17.28,32.55,6.18,ASMI,FAILURE
13.275,-36.19,19.86,39.9,7.62,ASMI,NORMAL
3.137,-35.0,20.0,89.27,10.24,ASMI,WARNING
29.945,-73.19,12.74,54.22,18.16,ASMI,WARNING
22.775,-63.57,19.02,63.11,1.01,ASMI,FAILURE
18.833,-49.17,15.59,61.68,8.95,ASMI,NORMAL
17.839,-50.42,20.0,68.08,9.53,ASMI,NORMAL
15.377,-53.01,19.61,63.01,11.22,ASMI,WARNING
8.094,-36.0,20.0,72.49,5.53,ASMI,NORMAL
7.179,-35.0,20.0,23.25,3.92,ASMI,WARNING
16.711,-57.32,16.2,73.96,14.21,ASMI,FAILURE
2.571,-35.0,20.0,23.55,5.4,ASMI,WARNING
2.697,-35.0,20.0,40.64,2.42,ASMI,WARNING
17.044,-52.79,20.0,84.82,0.0,ASMI,NORMAL
27.634,-88.98,12.26,64.7,1.49,ASMI,NORMAL
27.471,-77.38,13.21,97.04,10.12,ASMI,WARNING
0.819,-35.0,19.18,32.71,10.52,ASMI,WARNING
3.668,-35.35,19.37,92.87,3.25,ASMI,WARNING
17.701,-56.86,17.91,67.77,15.63,ASMI,NORMAL
25.53,-81.61,16.11,43.23,8.79,ASMI,NORMAL
28.656,-78.48,11.92,80.81,13.84,ASMI,NORMAL
25.887,-65.27,16.18,95.94,6.79,ASMI,WARNING
20.49,-55.56,16.94,80.16,7.43,ASMI,NORMAL
6.415,-35.0,20.0,10.58,0.0,ASMI,NORMAL
2.642,-35.0,20.0,10.92,9.92,ASMI,WARNING
1.902,-35.47,20.0,21.36,12.96,ASMI,NORMAL
18.556,-56.05,14.15,86.57,0.02,ASMI,NORMAL
1.568,-35.0,20.0,77.52,0.0,ASMI,WARNING
22.308,-72.45,10.68,67.58,7.19,ASMI,WARNING
21.518,-60.13,20.0,72.51,7.53,ASMI,WARNING
2.849,-35.0,19.12,65.78,10.19,ASMI,FAILURE
27.245,-63.53,15.04,41.31,14.02,ASMI,WARNING
15.897,-44.91,12.41,74.84,3.72,ASMI,WARNING
27.181,-75.42,11.29,94.16,0.07,ASMI,WARNING
27.097,-77.89,11.07,77.47,6.24,ASMI,WARNING
6.313,-35.0,20.0,88.06,11.95,ASMI,NORMAL
11.727,-39.38,17.94,31.34,7.69,ASMI,NORMAL
4.471,-37.42,20.0,41.44,0.0,ASMI,NORMAL
23.362,-69.51,18.39,55.7,5.07,ASMI,WARNING
15.372,-54.2,18.67,52.43,17.61,ASMI,WARNING
27.9,-87.75,8.92,51.94,15.56,ASMI,NORMAL
6.642,-40.15,20.0,67.65,8.8,ASMI,WARNING
20.807,-69.07,7.64,86.99,6.93,ASMI,WARNING
29.682,-93.66,10.78,89.84,0.0,ASMI,NORMAL
20.129,-57.77,19.95,23.55,3.54,ASMI,FAILURE
2.529,-35.0,18.05,18.11,7.61,ASMI,WARNING
17.859,-64.38,7.98,38.01,4.76,ASMI,WARNING
5.805,-35.0,17.91,76.35,13.65,ASMI,NORMAL
1.4,-35.0,20.0,81.41,9.86,ASMI,WARNING
10.381,-44.16,16.58,44.49,9.46,ASMI,WARNING
8.35,-43.62,20.0,37.94,0.51,ASMI,WARNING
23.769,-63.21,12.39,21.74,2.34,ASMI,NORMAL
11.524,-35.06,20.0,31.44,6.51,ASMI,NORMAL
22.122,-65.61,17.46,19.07,1.94,ASMI,NORMAL
0.979,-35.0,20.0,37.35,5.48,ASMI,NORMAL
0.937,-35.0,16.42,70.85,3.23,ASMI,NORMAL
1.365,-35.0,20.0,21.61,5.94,ASMI,WARNING
6.971,-35.0,20.0,38.92,5.23,ASMI,NORMAL
11.533,-58.58,17.3,57.58,16.28,ASMI,WARNING
18.431,-60.35,18.53,39.44,4.35,ASMI,WARNING
29.584,-85.81,7.89,49.56,13.0,ASMI,FAILURE
10.955,-40.31,15.51,54.72,4.72,ASMI,FAILURE
2.142,-35.0,18.75,79.75,2.49,ASMI,NORMAL
6.25,-44.71,20.0,85.88,5.44,ASMI,WARNING
26.987,-79.51,11.34,27.32,1.26,ASMI,WARNING
21.132,-61.18,18.09,43.24,3.71,ASMI,WARNING
23.811,-60.85,14.33,61.76,1.6,ASMI,NORMAL
4.163,-35.0,20.0,54.94,6.29,ASMI,NORMAL
4.482,-35.0,20.0,17.24,21.84,ASMI,WARNING
3.811,-35.0,20.0,41.05,13.22,ASMI,FAILURE
25.786,-64.16,12.66,30.48,8.09,ASMI,WARNING
6.694,-41.39,19.89,47.55,0.0,ASMI,WARNING
19.473,-51.27,12.9,40.42,10.93,ASMI,WARNING
15.727,-62.77,11.5,72.58,2.46,ASMI,NORMAL
16.56,-57.68,19.8,46.13,1.71,ASMI,WARNING
6.265,-43.84,20.0,31.74,0.0,ASMI,NORMAL
19.24,-61.26,16.48,65.77,0.0,ASMI,NORMAL
1.771,-36.68,20.0,75.42,5.41,ASMI,WARNING
29.807,-87.56,6.68,19.74,10.62,ASMI,WARNING
1.289,-35.0,20.0,32.61,9.46,ASMI,WARNING
1.98,-35.0,20.0,28.79,9.68,ASMI,WARNING
10.077,-39.88,15.67,28.1,11.35,ASMI,WARNING
25.033,-85.17,12.31,91.18,5.37,ASMI,FAILURE
8.087,-35.0,15.73,21.34,7.06,ASMI,WARNING
14.422,-41.88,17.79,88.4,8.34,ASMI,NORMAL
1.03,-35.0,20.0,45.45,7.69,ASMI,NORMAL
2.827,-35.0,20.0,67.67,0.0,ASMI,WARNING
18.435,-58.08,17.71,49.69,5.18,ASMI,FAILURE
6.234,-35.0,15.71,63.89,6.19,ASMI,WARNING
20.981,-74.14,15.97,59.65,3.91,ASMI,WARNING
23.669,-59.81,16.84,48.97,0.0,ASMI,FAILURE
25.585,-59.1,15.16,34.75,8.79,ASMI,NORMAL
4.447,-35.0,17.9,93.78,2.28,ASMI,WARNING
13.938,-60.79,12.46,92.44,3.5,ASMI,WARNING
28.439,-83.56,8.78,16.4,8.49,ASMI,WARNING
23.276,-74.13,15.12,30.12,8.21,ASMI,WARNING
3.95,-35.71,20.0,61.67,2.04,ASMI,FAILURE
15.324,-53.5,17.54,98.24,3.85,ASMI,FAILURE
27.71,-74.29,16.81,75.47,16.6,ASMI,WARNING
13.481,-41.54,15.7,83.65,0.0,ASMI,NORMAL
25.204,-70.59,7.97,38.28,7.15,ASMI,WARNING
15.127,-44.59,20.0,29.7,2.48,ASMI,NORMAL
3.651,-35.0,17.31,30.34,17.59,ASMI,WARNING
4.862,-35.0,19.42,53.5,0.0,ASMI,FAILURE
1.877,-35.0,20.0,87.26,7.68,ASMI,WARNING
6.262,-35.0,20.0,29.47,0.16,ASMI,FAILURE
26.862,-73.83,7.18,61.33,9.45,ASMI,WARNING
19.681,-62.32,15.24,82.79,9.59,ASMI,NORMAL
22.296,-50.49,20.0,55.03,6.08,ASMI,WARNING
18.839,-51.13,16.84,47.52,13.05,ASMI,NORMAL
11.903,-56.71,17.3,41.19,4.58,ASMI,NORMAL
6.897,-40.52,20.0,64.04,0.0,ASMI,WARNING
27.806,-89.01,14.03,83.59,1.26,ASMI,NORMAL
15.687,-52.3,20.0,99.65,0.0,ASMI,NORMAL
14.692,-47.12,17.16,88.24,8.93,ASMI,FAILURE
29.885,-80.17,13.66,50.75,8.25,ASMI,NORMAL
11.826,-47.47,20.0,17.13,12.42,ASMI,NORMAL
25.697,-77.71,11.34,20.85,2.35,ASMI,WARNING
25.939,-69.19,18.73,12.64,9.71,ASMI,NORMAL
7.364,-35.0,19.59,42.64,0.0,ASMI,WARNING
3.298,-35.0,20.0,53.34,0.0,ASMI,NORMAL
29.281,-81.47,18.29,83.85,7.65,ASMI,WARNING
13.064,-49.84,14.97,17.72,1.54,ASMI,NORMAL
0.565,-35.0,14.34,30.53,14.12,ASMI,WARNING
15.221,-60.09,17.74,55.96,9.89,ASMI,NORMAL
18.769,-64.81,17.92,86.48,8.77,ASMI,WARNING
23.395,-76.61,11.57,17.89,11.72,ASMI,NORMAL
28.317,-83.47,10.64,31.91,18.18,ASMI,NORMAL
27.498,-79.97,14.27,58.95,1.65,ASMI,WARNING
28.234,-83.11,9.62,39.19,0.17,ASMI,NORMAL
1.448,-35.0,19.69,99.32,9.74,ASMI,WARNING
21.497,-65.12,17.53,50.69,14.31,ASMI,FAILURE
7.163,-47.47,20.0,92.02,11.72,ASMI,WARNING
6.033,-35.0,20.0,94.68,16.65,ASMI,WARNING
24.109,-76.12,10.4,33.35,1.41,ASMI,NORMAL
12.805,-44.59,20.0,39.39,12.35,ASMI,WARNING
27.54,-72.18,14.47,39.17,16.8,ASMI,WARNING
1.752,-35.0,18.23,49.27,12.12,ASMI,WARNING
24.164,-67.38,11.77,15.68,8.77,ASMI,WARNING
4.537,-39.73,18.74,82.66,0.0,ASMI,FAILURE
5.709,-35.0,20.0,21.78,0.0,ASMI,WARNING
14.582,-65.03,12.01,90.43,10.1,ASMI,FAILURE
12.17,-50.37,20.0,61.89,0.0,ASMI,WARNING
14.842,-47.35,20.0,53.33,3.27,ASMI,WARNING
28.231,-83.45,13.33,69.47,5.5,ASMI,NORMAL
19.893,-71.37,12.24,93.98,0.44,ASMI,WARNING
9.064,-45.11,20.0,36.7,22.28,ASMI,FAILURE
5.601,-35.0,20.0,34.32,4.27,ASMI,FAILURE
12.891,-47.99,16.51,43.29,2.87,ASMI,WARNING
13.823,-46.79,17.36,53.81,5.71,ASMI,WARNING
18.238,-57.92,11.77,16.81,0.0,ASMI,FAILURE
8.347,-40.84,16.94,71.2,4.97,ASMI,WARNING
23.142,-75.34,10.64,56.88,8.97,ASMI,NORMAL
3.405,-36.99,20.0,58.59,16.13,ASMI,FAILURE
17.033,-51.42,17.09,32.47,8.42,ASMI,WARNING
18.894,-59.14,11.84,85.65,11.48,ASMI,WARNING
6.602,-39.48,18.96,45.83,7.93,ASMI,FAILURE
24.867,-83.46,10.49,68.7,5.05,ASMI,WARNING
18.655,-53.84,15.81,31.61,10.33,ASMI,NORMAL
19.549,-70.56,14.55,83.47,2.65,ASMI,FAILURE
15.183,-51.01,18.86,36.97,0.0,ASMI,WARNING
27.333,-64.14,16.84,92.95,16.26,ASMI,WARNING
20.971,-74.4,8.98,50.93,9.4,ASMI,WARNING
11.764,-45.52,16.07,23.06,10.78,ASMI,NORMAL
7.539,-42.39,17.64,65.01,5.46,ASMI,WARNING
2.596,-35.0,20.0,60.1,4.3,ASMI,WARNING
5.378,-35.0,20.0,47.93,2.3,ASMI,NORMAL
29.784,-88.8,9.69,83.77,0.0,ASMI,WARNING
12.5,-50.36,17.46,47.92,0.0,ASMI,WARNING
27.011,-80.56,15.63,22.26,7.09,ASMI,WARNING
5.532,-35.0,20.0,12.57,13.46,ASMI,NORMAL
13.048,-44.07,18.62,90.29,11.36,ASMI,FAILURE
28.835,-74.52,11.33,52.0,5.51,ASMI,WARNING
3.188,-35.0,14.54,60.67,5.0,ASMI,WARNING
18.023,-54.87,18.29,20.33,9.94,ASMI,WARNING
27.616,-78.39,12.46,54.05,12.99,ASMI,WARNING
28.516,-88.23,13.1,58.0,3.46,ASMI,FAILURE
25.457,-67.21,17.45,51.87,2.59,ASMI,NORMAL
25.75,-69.77,13.68,95.87,6.11,ASMI,NORMAL
19.739,-54.47,13.1,61.42,6.88,ASMI,NORMAL
7.002,-35.0,20.0,97.69,15.05,ASMI,FAILURE
22.055,-75.26,10.72,23.8,4.18,ASMI,NORMAL
29.362,-66.86,18.85,92.28,7.19,ASMI,WARNING
16.015,-57.25,18.68,59.76,6.85,ASMI,WARNING
8.191,-50.56,12.05,36.65,18.54,ASMI,FAILURE
17.417,-53.25,16.11,77.12,3.76,ASMI,FAILURE
20.873,-70.28,11.93,60.06,6.71,ASMI,NORMAL
6.644,-37.32,11.7,61.81,6.29,ASMI,FAILURE
21.716,-48.97,13.98,25.47,5.14,ASMI,WARNING
17.829,-62.45,10.83,71.19,12.18,ASMI,WARNING
18.564,-54.55,19.84,36.47,2.9,ASMI,WARNING
9.527,-40.64,18.04,42.02,0.0,ASMI,FAILURE
5.08,-35.0,20.0,91.59,0.0,ASMI,NORMAL
18.892,-67.78,14.41,26.15,3.55,ASMI,NORMAL
17.794,-53.38,20.0,89.8,0.0,ASMI,WARNING
10.471,-55.69,16.88,55.04,12.58,ASMI,FAILURE
9.229,-43.78,17.47,26.07,0.0,ASMI,FAILURE
10.744,-52.42,15.53,83.04,8.86,ASMI,NORMAL
14.952,-55.72,15.52,68.72,4.99,ASMI,WARNING
29.257,-90.69,11.13,41.21,9.23,ASMI,FAILURE
23.025,-70.61,12.9,37.07,17.19,ASMI,FAILURE
25.626,-70.94,10.88,47.88,15.59,ASMI,WARNING
15.417,-55.48,17.06,22.26,17.93,ASMI,WARNING
16.021,-64.58,18.71,82.83,11.45,ASMI,WARNING
6.528,-44.1,19.53,35.08,5.38,ASMI,NORMAL
21.771,-53.37,15.56,84.42,10.57,ASMI,WARNING
12.937,-44.54,19.6,75.82,0.0,ASMI,WARNING
22.402,-65.09,8.33,94.77,0.46,ASMI,WARNING
12.567,-36.91,19.85,18.92,6.36,ASMI,FAILURE
3.701,-37.69,17.78,41.43,14.74,ASMI,WARNING
5.605,-35.0,15.43,66.15,10.01,ASMI,NORMAL
24.441,-80.19,16.12,87.27,12.38,ASMI,WARNING
8.129,-36.87,19.0,24.01,3.24,ASMI,WARNING
8.298,-35.0,18.41,87.53,7.4,ASMI,NORMAL
27.916,-79.95,12.19,16.03,10.05,ASMI,FAILURE
19.9,-53.87,12.8,52.69,6.67,ASMI,NORMAL
3.872,-35.0,18.88,17.6,6.97,ASMI,NORMAL
4.736,-35.0,18.72,23.49,11.17,ASMI,WARNING
8.535,-35.0,20.0,79.74,6.04,ASMI,WARNING
18.023,-59.9,20.0,11.68,6.72,ASMI,WARNING
22.708,-65.83,19.83,59.98,9.78,ASMI,WARNING
8.598,-39.85,15.35,18.85,6.85,ASMI,WARNING
26.184,-71.77,13.72,83.01,0.6,ASMI,NORMAL
3.721,-36.16,18.7,82.74,15.08,ASMI,WARNING
6.624,-35.0,20.0,73.25,16.08,ASMI,WARNING
29.129,-75.91,8.47,78.03,14.57,ASMI,FAILURE
4.475,-35.0,20.0,63.17,8.39,ASMI,WARNING
26.699,-77.65,12.17,53.69,0.0,ASMI,NORMAL
21.266,-60.21,13.98,46.91,2.75,ASMI,NORMAL
2.656,-35.0,18.73,69.52,10.32,ASMI,WARNING
14.769,-38.81,20.0,44.45,8.26,ASMI,WARNING
15.81,-50.3,15.09,10.25,0.93,ASMI,NORMAL
27.998,-73.84,11.3,19.07,1.93,ASMI,FAILURE
12.923,-49.4,19.32,68.66,0.0,ASMI,WARNING
13.68,-47.13,14.85,42.84,15.78,ASMI,FAILURE
3.818,-35.0,20.0,99.06,4.93,ASMI,FAILURE
19.356,-57.64,17.87,41.85,1.92,ASMI,FAILURE
6.721,-35.0,16.43,19.76,3.03,ASMI,NORMAL
2.787,-35.0,20.0,39.55,3.74,ASMI,FAILURE
29.909,-88.09,10.6,71.82,14.82,ASMI,NORMAL
8.454,-35.0,20.0,57.54,14.86,ASMI,WARNING
4.661,-35.0,19.91,64.93,0.0,ASMI,NORMAL
21.135,-75.24,9.83,20.01,9.3,ASMI,NORMAL
24.74,-73.25,9.82,84.43,13.49,ASMI,WARNING
2.39,-36.38,16.53,91.21,7.68,ASMI,WARNING
3.609,-38.41,20.0,23.08,11.68,ASMI,WARNING
3.16,-35.0,18.22,66.35,0.0,ASMI,WARNING
1.885,-35.0,20.0,30.68,0.0,ASMI,NORMAL
19.954,-58.86,16.45,26.4,9.42,ASMI,FAILURE
17.855,-45.13,20.0,28.41,16.57,ASMI,NORMAL
20.053,-61.9,15.91,56.92,16.97,ASMI,FAILURE
15.417,-51.05,17.22,89.73,9.84,ASMI,NORMAL
24.616,-65.97,18.6,83.67,4.32,ASMI,WARNING
16.627,-44.37,13.9,22.9,10.16,ASMI,WARNING
27.603,-77.11,12.49,55.89,9.55,ASMI,NORMAL
14.827,-61.43,11.24,23.58,2.71,ASMI,NORMAL
23.824,-74.12,7.65,49.42,11.14,ASMI,NORMAL
12.517,-37.22,16.41,60.63,4.76,ASMI,WARNING
13.339,-46.36,20.0,83.04,13.95,ASMI,FAILURE
25.545,-84.14,9.91,87.52,7.47,ASMI,WARNING
3.676,-35.0,20.0,12.49,1.24,ASMI,NORMAL
17.165,-63.16,19.89,72.03,9.71,ASMI,WARNING
21.927,-68.33,11.02,46.91,4.9,ASMI,NORMAL
22.637,-79.8,11.36,54.55,1.72,ASMI,FAILURE
17.949,-53.79,16.32,29.97,3.99,ASMI,WARNING
13.718,-52.96,20.0,13.08,0.0,ASMI,NORMAL
8.193,-40.62,20.0,85.19,1.91,ASMI,FAILURE
27.328,-85.84,7.58,30.76,5.05,ASMI,FAILURE
11.409,-42.81,17.0,89.23,0.0,ASMI,WARNING
24.07,-79.03,15.85,16.27,0.79,ASMI,FAILURE
1.434,-35.0,18.68,46.76,0.0,ASMI,WARNING
7.349,-38.54,19.49,76.81,2.15,ASMI,NORMAL
10.695,-49.1,16.64,33.11,19.25,ASMI,WARNING
20.311,-65.54,17.9,97.07,14.9,ASMI,FAILURE
9.92,-35.97,20.0,67.37,9.8,ASMI,FAILURE
1.72,-35.0,14.95,29.57,4.36,ASMI,WARNING
5.629,-35.0,17.77,81.43,9.03,ASMI,WARNING
8.145,-35.0,19.61,98.61,0.0,ASMI,FAILURE
5.693,-42.09,19.12,32.42,8.66,ASMI,NORMAL
6.51,-35.0,20.0,84.03,6.7,ASMI,WARNING
23.184,-62.2,16.45,97.95,0.0,ASMI,NORMAL
12.655,-48.42,17.44,29.87,18.41,ASMI,WARNING
12.453,-49.98,19.0,31.11,10.13,ASMI,WARNING
29.015,-80.85,11.53,74.54,10.57,ASMI,NORMAL
13.678,-40.96,17.74,95.56,1.33,ASMI,WARNING
27.866,-88.49,7.57,72.57,19.19,ASMI,FAILURE
9.322,-40.69,18.78,55.42,11.26,ASMI,NORMAL
12.318,-55.81,13.27,19.47,15.1,ASMI,WARNING
12.19,-51.36,18.05,93.19,1.0,ASMI,WARNING
16.609,-55.83,20.0,16.22,0.22,ASMI,WARNING
17.735,-61.91,17.43,29.04,10.93,ASMI,WARNING
7.82,-35.0,20.0,50.57,11.91,ASMI,NORMAL
23.911,-67.28,11.98,55.06,9.77,ASMI,WARNING
15.148,-42.19,15.62,14.97,1.76,ASMI,NORMAL
0.708,-35.0,20.0,17.41,10.93,ASMI,WARNING
17.945,-61.68,16.53,21.26,10.58,ASMI,FAILURE
24.043,-75.43,12.21,13.57,16.92,ASMI,WARNING
7.889,-35.0,20.0,97.97,7.22,ASMI,NORMAL
1.617,-35.0,20.0,31.42,9.92,ASMI,NORMAL
24.312,-76.89,17.48,89.16,9.86,ASMI,NORMAL
29.3,-95.65,10.78,80.59,7.04,ASMI,NORMAL
2.759,-35.0,20.0,73.53,6.3,ASMI,WARNING
28.172,-74.75,8.5,69.21,6.42,ASMI,FAILURE
11.099,-46.84,16.99,54.88,8.11,ASMI,WARNING
28.272,-78.78,15.92,60.74,3.89,ASMI,WARNING
19.641,-50.6,19.77,90.16,10.02,ASMI,FAILURE
26.762,-79.81,16.95,79.98,11.74,ASMI,FAILURE
23.682,-68.95,11.44,30.77,15.28,ASMI,FAILURE
1.326,-35.0,15.72,19.38,10.0,ASMI,WARNING
2.431,-35.0,20.0,36.44,0.84,ASMI,NORMAL
16.009,-46.29,20.0,21.93,3.01,ASMI,FAILURE
4.324,-35.0,20.0,95.9,4.4,ASMI,NORMAL
14.101,-50.5,20.0,44.45,8.46,ASMI,NORMAL
28.662,-71.69,18.05,25.59,2.3,ASMI,WARNING
9.195,-39.55,19.21,66.01,9.91,ASMI,NORMAL
14.923,-60.19,20.0,45.84,0.0,ASMI,NORMAL
11.836,-46.07,13.65,29.62,0.82,ASMI,FAILURE
19.08,-68.48,14.6,15.19,0.0,ASMI,FAILURE
6.218,-35.0,20.0,18.32,16.54,ASMI,WARNING
8.168,-35.0,20.0,60.7,1.78,ASMI,NORMAL
25.834,-78.79,14.55,77.53,0.0,ASMI,WARNING
24.434,-67.33,17.42,93.32,10.29,ASMI,NORMAL
23.781,-64.87,13.56,62.69,10.04,ASMI,FAILURE
23.242,-61.7,12.34,68.74,12.84,ASMI,NORMAL
14.053,-45.45,20.0,31.78,10.32,ASMI,WARNING
22.002,-58.78,13.54,34.69,0.0,ASMI,WARNING
11.923,-50.73,12.92,47.58,12.86,ASMI,NORMAL
3.471,-35.0,20.0,88.19,8.26,ASMI,WARNING
12.105,-43.91,18.32,49.18,0.79,ASMI,WARNING
5.181,-35.0,16.52,31.57,6.26,ASMI,WARNING
12.03,-54.03,12.91,92.75,14.78,ASMI,NORMAL
9.274,-38.37,19.88,47.03,6.18,ASMI,WARNING
18.175,-54.77,15.8,17.16,8.41,ASMI,WARNING
11.165,-37.43,20.0,59.09,2.79,ASMI,FAILURE
21.315,-58.31,17.15,66.38,0.32,ASMI,FAILURE
15.608,-48.29,19.37,95.98,12.23,ASMI,NORMAL
27.625,-68.94,11.66,82.59,14.67,ASMI,WARNING
3.185,-35.0,20.0,19.1,12.18,ASMI,NORMAL
20.787,-72.83,14.76,56.07,6.42,ASMI,FAILURE
20.336,-56.0,16.14,49.07,14.47,ASMI,NORMAL
28.543,-93.68,12.51,45.41,11.98,ASMI,WARNING
11.461,-49.45,16.63,22.58,12.78,ASMI,WARNING
9.51,-48.21,20.0,43.78,0.0,ASMI,WARNING
5.586,-35.0,20.0,52.31,0.0,ASMI,FAILURE
8.326,-43.51,17.23,29.7,1.84,ASMI,WARNING
15.306,-55.32,19.37,61.83,0.81,ASMI,NORMAL
25.213,-72.03,11.74,29.92,8.02,ASMI,FAILURE
8.886,-43.17,20.0,20.92,8.38,ASMI,NORMAL
5.153,-35.0,20.0,98.56,13.57,ASMI,WARNING
8.528,-35.0,20.0,71.96,13.09,ASMI,FAILURE
3.477,-35.0,20.0,63.53,4.57,ASMI,WARNING
27.838,-76.18,9.04,39.48,11.26,ASMI,FAILURE
26.242,-76.43,13.71,28.75,0.03,ASMI,NORMAL
9.601,-35.0,20.0,21.83,2.92,ASMI,NORMAL
7.786,-38.37,20.0,15.64,4.24,ASMI,WARNING
27.209,-71.54,11.4,72.97,0.0,ASMI,NORMAL
0.552,-35.0,20.0,34.86,0.0,ASMI,NORMAL
18.217,-65.17,12.43,38.63,0.0,ASMI,NORMAL
27.522,-74.89,17.97,24.49,10.45,ASMI,WARNING
15.502,-47.06,20.0,20.54,11.24,ASMI,WARNING
0.588,-35.0,20.0,54.55,7.72,ASMI,WARNING
6.957,-36.02,20.0,75.48,2.05,ASMI,WARNING
27.712,-74.23,7.21,99.18,13.39,ASMI,WARNING
1.002,-35.0,19.69,40.55,10.5,ASMI,WARNING
12.146,-36.62,20.0,69.75,15.93,ASMI,NORMAL
23.797,-72.03,10.85,20.45,16.02,ASMI,WARNING
25.224,-73.75,12.15,60.01,19.83,ASMI,NORMAL
14.589,-58.58,17.68,56.63,8.91,ASMI,NORMAL
7.358,-35.0,20.0,12.89,14.54,ASMI,WARNING
18.191,-63.62,14.48,53.47,5.78,ASMI,NORMAL
8.281,-39.71,19.91,54.59,5.47,ASMI,WARNING
8.03,-45.71,16.02,43.48,4.95,ASMI,WARNING
24.324,-76.55,10.66,61.62,16.97,ASMI,NORMAL
5.051,-35.0,20.0,14.1,8.8,ASMI,NORMAL
0.663,-35.0,17.82,86.0,0.0,ASMI,NORMAL
10.435,-49.05,20.0,56.85,1.05,ASMI,WARNING
14.984,-43.43,20.0,12.89,4.36,ASMI,WARNING
21.3,-48.44,19.83,98.54,4.64,ASMI,WARNING
23.543,-77.09,14.24,44.36,8.53,ASMI,NORMAL
20.074,-66.47,10.83,98.81,0.0,ASMI,NORMAL
18.982,-52.82,19.24,26.23,0.0,ASMI,WARNING
20.14,-70.41,10.71,12.7,8.39,ASMI,FAILURE
8.51,-38.71,14.93,74.2,7.36,ASMI,WARNING
11.78,-44.72,20.0,95.09,3.09,ASMI,NORMAL
18.685,-65.06,20.0,16.98,9.89,ASMI,NORMAL
2.434,-35.0,18.94,76.2,4.39,ASMI,NORMAL
9.212,-35.0,20.0,16.23,5.62,ASMI,WARNING
12.489,-51.2,19.15,81.45,15.28,ASMI,WARNING
16.237,-53.31,17.59,62.31,5.17,ASMI,WARNING
14.851,-55.12,12.5,80.36,0.0,ASMI,WARNING
21.685,-68.32,15.03,43.43,6.01,ASMI,WARNING
14.466,-54.56,20.0,91.48,13.32,ASMI,FAILURE
27.172,-67.07,17.58,37.24,0.0,ASMI,NORMAL
11.719,-36.6,15.05,35.49,11.41,ASMI,WARNING
15.998,-53.32,20.0,96.46,9.4,ASMI,NORMAL
0.595,-35.0,20.0,21.05,0.32,ASMI,NORMAL
9.659,-43.54,20.0,63.33,8.57,ASMI,FAILURE
26.064,-85.36,6.57,61.66,6.03,ASMI,WARNING
10.341,-35.0,19.25,31.31,6.71,ASMI,WARNING
7.969,-37.7,20.0,38.54,9.12,ASMI,WARNING
16.534,-58.66,20.0,35.79,0.16,ASMI,WARNING
2.823,-35.0,20.0,86.15,5.64,ASMI,WARNING
16.182,-44.12,17.58,45.06,1.92,ASMI,FAILURE
9.458,-38.28,19.93,42.28,7.26,ASMI,WARNING
11.802,-47.16,20.0,67.3,14.68,ASMI,NORMAL
23.845,-66.36,11.78,54.6,4.98,ASMI,FAILURE
20.028,-49.76,16.78,48.34,0.94,ASMI,FAILURE
13.66,-53.32,14.31,73.85,0.0,ASMI,NORMAL
17.537,-57.5,18.06,47.14,11.99,ASMI,WARNING
23.122,-73.18,10.35,29.99,8.16,ASMI,NORMAL
22.501,-65.23,15.37,76.77,15.08,ASMI,WARNING
5.967,-36.3,18.37,16.1,12.29,ASMI,WARNING
9.377,-44.93,20.0,99.97,2.85,ASMI,FAILURE
10.773,-39.94,20.0,63.7,6.55,ASMI,FAILURE
6.032,-35.0,20.0,29.47,0.98,ASMI,FAILURE
0.859,-35.0,20.0,27.84,0.0,ASMI,NORMAL
5.632,-39.66,20.0,34.63,1.97,ASMI,WARNING
24.343,-76.17,19.54,89.13,12.23,ASMI,WARNING
16.605,-53.48,20.0,84.4,7.16,ASMI,WARNING
10.579,-39.83,20.0,23.01,2.56,ASMI,WARNING
18.446,-59.79,16.83,64.0,17.48,ASMI,WARNING
22.325,-56.57,15.65,91.98,11.59,ASMI,WARNING
10.956,-37.99,19.65,75.98,12.08,ASMI,NORMAL
14.249,-49.15,19.09,62.87,17.72,ASMI,NORMAL
2.394,-35.0,18.3,28.78,0.51,ASMI,NORMAL
18.114,-57.51,18.36,94.92,1.28,ASMI,WARNING
11.014,-47.53,13.01,90.26,0.0,ASMI,NORMAL
13.289,-43.76,19.71,38.91,4.64,ASMI,NORMAL
12.967,-43.06,16.97,54.79,13.9,ASMI,WARNING
19.156,-55.88,15.74,17.37,6.4,ASMI,NORMAL
17.388,-47.98,20.0,66.83,8.51,ASMI,NORMAL
12.952,-50.09,14.76,14.89,0.94,ASMI,NORMAL
1.0,-35.0,18.96,91.54,7.8,ASMI,WARNING
18.818,-56.44,13.16,89.24,0.0,ASMI,NORMAL
26.448,-91.24,13.69,35.33,7.13,ASMI,WARNING
23.202,-70.06,8.13,76.78,16.49,ASMI,NORMAL
29.458,-80.99,10.43,49.54,3.77,ASMI,WARNING
4.603,-35.0,20.0,86.08,9.86,ASMI,NORMAL
7.064,-39.88,20.0,15.53,0.0,ASMI,WARNING
16.408,-52.68,20.0,55.51,1.34,ASMI,WARNING
7.459,-48.95,20.0,45.76,11.55,ASMI,NORMAL
1.519,-35.0,18.4,33.43,11.24,ASMI,WARNING
12.368,-46.74,19.19,28.84,19.43,ASMI,NORMAL
8.986,-36.22,15.45,70.89,4.7,ASMI,FAILURE
8.281,-39.11,17.94,28.17,6.8,ASMI,NORMAL
28.619,-77.35,9.25,66.9,16.14,ASMI,WARNING
7.534,-44.82,17.34,45.07,3.69,ASMI,WARNING
4.318,-35.0,20.0,31.84,6.62,ASMI,WARNING
4.197,-35.0,17.3,80.53,7.89,ASMI,WARNING
24.287,-69.9,18.11,42.75,12.04,ASMI,NORMAL
21.588,-65.46,11.12,11.35,0.26,ASMI,WARNING
4.32,-44.62,20.0,86.6,6.78,ASMI,FAILURE
6.983,-35.0,15.89,38.31,12.63,ASMI,FAILURE
22.547,-66.26,15.21,84.01,8.95,ASMI,NORMAL
8.601,-35.0,17.14,59.17,2.73,ASMI,WARNING
29.455,-72.21,17.34,89.32,9.08,ASMI,NORMAL
16.447,-59.14,15.94,47.63,0.0,ASMI,NORMAL
6.164,-35.43,19.36,25.25,0.0,ASMI,NORMAL
25.835,-69.6,15.57,11.62,8.8,ASMI,FAILURE
9.925,-49.22,17.7,80.07,0.0,ASMI,NORMAL
9.02,-36.62,20.0,80.14,5.31,ASMI,WARNING
10.16,-39.79,20.0,27.61,4.73,ASMI,WARNING
23.162,-73.75,12.65,95.99,0.0,ASMI,NORMAL
5.61,-35.0,20.0,95.42,0.0,ASMI,NORMAL
11.763,-35.4,17.26,42.9,14.89,ASMI,FAILURE
1.41,-35.0,20.0,23.28,17.7,ASMI,FAILURE
24.885,-90.01,10.29,35.55,16.38,ASMI,NORMAL
10.551,-35.0,20.0,93.64,6.49,ASMI,WARNING
7.821,-35.0,19.84,64.85,9.21,ASMI,NORMAL
17.607,-66.42,9.29,92.29,17.36,ASMI,FAILURE
21.297,-67.25,12.16,12.05,4.94,ASMI,NORMAL
24.48,-71.06,6.82,99.18,4.06,ASMI,FAILURE
10.76,-60.67,15.05,66.52,8.93,ASMI,NORMAL
24.463,-73.4,16.82,26.72,5.34,ASMI,NORMAL
14.214,-46.69,15.37,55.61,6.75,ASMI,FAILURE
3.484,-35.0,20.0,83.81,0.25,ASMI,WARNING
25.466,-74.66,10.05,22.7,11.69,ASMI,NORMAL
16.655,-50.66,12.42,64.77,14.14,ASMI,WARNING
18.273,-60.91,12.24,72.42,17.44,ASMI,NORMAL
28.156,-82.13,13.35,47.15,1.76,ASMI,WARNING
16.995,-51.46,16.99,58.74,18.07,ASMI,WARNING
0.665,-35.0,20.0,85.36,12.42,ASMI,FAILURE
26.183,-81.15,15.38,95.66,11.97,ASMI,WARNING
8.9,-35.0,17.93,59.88,13.11,ASMI,WARNING
15.302,-58.34,17.93,73.24,9.96,ASMI,NORMAL
6.544,-35.0,16.66,39.05,0.0,ASMI,NORMAL
9.261,-35.0,18.05,40.07,1.7,ASMI,WARNING
20.756,-63.7,16.63,89.96,7.35,ASMI,FAILURE
13.172,-60.76,18.66,18.88,0.0,ASMI,FAILURE
19.0,-63.6,13.91,28.49,13.05,ASMI,WARNING
24.795,-63.84,16.38,34.29,3.92,ASMI,FAILURE
10.554,-51.69,16.47,18.49,9.54,ASMI,WARNING
17.266,-49.83,20.0,70.09,13.56,ASMI,NORMAL
23.439,-73.33,13.63,91.56,13.68,ASMI,NORMAL
21.596,-71.58,13.64,12.43,8.13,ASMI,FAILURE
16.425,-56.49,13.84,32.71,6.66,ASMI,NORMAL
11.81,-41.6,19.29,92.86,7.47,ASMI,WARNING
12.521,-46.92,19.58,51.91,0.0,ASMI,NORMAL
13.277,-37.99,19.67,89.71,2.48,ASMI,WARNING
10.791,-46.89,16.78,94.96,11.45,ASMI,WARNING
21.123,-73.63,15.14,99.18,6.92,ASMI,NORMAL
4.2,-35.0,19.53,45.61,12.77,ASMI,WARNING
29.04,-87.98,13.17,40.87,9.47,ASMI,NORMAL
23.48,-58.58,14.39,77.38,0.87,ASMI,WARNING
9.296,-37.57,18.55,63.51,13.48,ASMI,WARNING
1.755,-35.0,20.0,69.33,13.62,ASMI,NORMAL
21.483,-54.75,18.95,57.91,8.02,ASMI,FAILURE
22.164,-68.02,18.71,56.27,7.33,ASMI,WARNING
28.927,-83.97,8.5,38.35,3.3,ASMI,WARNING
7.984,-53.42,17.61,63.6,14.19,ASMI,FAILURE
2.94,-36.67,20.0,34.14,10.57,ASMI,NORMAL
27.496,-75.33,16.88,42.01,4.44,ASMI,WARNING
8.13,-35.0,20.0,66.75,10.72,ASMI,FAILURE
21.785,-65.52,14.63,67.3,10.86,ASMI,NORMAL
2.289,-35.0,20.0,61.94,8.66,ASMI,WARNING
22.937,-73.15,9.25,70.73,7.09,ASMI,FAILURE
4.247,-35.0,20.0,47.07,13.31,ASMI,WARNING
21.02,-64.0,16.32,63.49,0.0,ASMI,WARNING
16.204,-42.19,19.1,18.58,6.39,ASMI,NORMAL
28.687,-83.26,13.66,53.54,15.61,ASMI,WARNING
1.589,-35.0,20.0,62.74,0.0,ASMI,NORMAL
9.115,-41.78,20.0,48.0,9.65,ASMI,FAILURE
2.551,-35.0,20.0,11.53,0.29,ASMI,WARNING
26.436,-82.6,9.69,73.09,13.21,ASMI,WARNING
18.02,-64.89,15.45,50.99,3.32,ASMI,FAILURE
16.282,-60.58,15.81,24.01,0.0,ASMI,NORMAL
4.378,-35.0,15.42,97.53,2.12,ASMI,FAILURE
14.926,-42.07,20.0,94.82,0.63,ASMI,NORMAL
12.262,-40.38,19.99,24.28,0.0,ASMI,NORMAL
9.815,-37.31,20.0,73.65,7.68,ASMI,NORMAL
23.28,-72.2,9.66,56.58,3.9,ASMI,WARNING
2.308,-35.0,20.0,36.04,11.84,ASMI,WARNING
19.577,-56.17,16.84,71.59,2.02,ASMI,NORMAL
24.778,-76.24,7.99,50.3,5.27,ASMI,WARNING
27.266,-77.41,8.22,90.87,18.01,ASMI,NORMAL
22.505,-62.62,15.34,73.33,9.2,ASMI,WARNING
8.832,-35.0,19.46,55.68,20.28,ASMI,WARNING
18.215,-51.65,14.98,50.67,12.64,ASMI,NORMAL
4.671,-39.2,20.0,12.84,3.63,ASMI,NORMAL
3.953,-35.0,20.0,24.48,0.0,ASMI,NORMAL
19.339,-58.41,17.06,14.06,3.89,ASMI,WARNING
25.608,-65.13,11.0,15.71,0.0,ASMI,WARNING
2.484,-35.0,20.0,16.04,2.95,ASMI,NORMAL
3.627,-35.0,20.0,11.27,10.04,ASMI,NORMAL
17.185,-58.57,12.54,81.22,10.0,ASMI,WARNING
6.937,-35.0,20.0,53.07,11.96,ASMI,WARNING
18.549,-66.19,15.47,77.42,6.56,ASMI,WARNING
6.829,-35.0,15.9,25.1,16.73,ASMI,NORMAL
3.936,-35.0,18.29,85.71,4.08,ASMI,NORMAL
16.594,-65.14,14.74,18.47,14.11,ASMI,WARNING
25.935,-62.21,17.74,38.99,0.0,ASMI,WARNING
20.711,-53.3,9.07,43.36,15.07,ASMI,NORMAL
24.652,-64.45,18.45,31.22,7.88,ASMI,FAILURE
8.357,-36.9,19.54,22.36,0.96,ASMI,NORMAL
26.636,-69.26,17.51,66.53,0.0,ASMI,WARNING
11.623,-44.64,11.57,10.76,13.8,ASMI,WARNING
25.647,-69.82,11.16,81.25,2.64,ASMI,WARNING
14.4,-43.55,20.0,13.81,5.84,ASMI,NORMAL
8.402,-35.0,20.0,96.76,8.04,ASMI,WARNING
8.178,-39.18,20.0,88.15,4.84,ASMI,NORMAL
17.246,-60.1,18.72,47.31,3.59,ASMI,FAILURE
2.831,-35.0,20.0,22.84,0.0,ASMI,NORMAL
27.937,-75.01,14.74,88.36,12.33,ASMI,WARNING
8.508,-37.2,20.0,67.97,5.45,ASMI,NORMAL
10.401,-44.36,20.0,55.43,4.42,ASMI,NORMAL
7.382,-36.22,19.44,38.75,6.2,ASMI,WARNING
0.589,-35.0,20.0,60.52,10.1,ASMI,WARNING
20.93,-64.4,15.11,47.36,14.21,ASMI,WARNING
17.921,-63.38,19.52,51.88,8.03,ASMI,WARNING
24.385,-67.84,12.93,86.09,6.84,ASMI,WARNING
1.71,-35.0,20.0,95.72,0.45,ASMI,FAILURE
27.895,-77.05,15.72,96.64,17.1,ASMI,FAILURE
10.261,-37.38,17.82,91.71,8.46,ASMI,WARNING
27.436,-79.72,10.54,82.2,8.16,ASMI,WARNING
3.66,-35.0,20.0,50.83,6.5,ASMI,WARNING
22.446,-59.83,18.16,17.94,13.09,ASMI,NORMAL
17.591,-44.11,20.0,66.76,9.8,ASMI,FAILURE
11.067,-46.88,16.88,46.18,12.9,ASMI,WARNING
2.835,-35.0,18.53,71.83,3.56,ASMI,NORMAL
18.34,-38.13,20.0,29.87,19.78,ASMI,FAILURE
1.28,-35.0,19.48,78.83,8.73,ASMI,NORMAL
15.288,-48.31,10.91,25.36,0.0,ASMI,WARNING
18.324,-58.37,20.0,82.77,7.57,ASMI,WARNING
22.109,-64.32,20.0,92.05,0.61,ASMI,WARNING
29.744,-75.96,16.91,91.03,15.08,ASMI,FAILURE
8.173,-35.0,20.0,41.19,8.75,ASMI,WARNING
10.01,-45.85,20.0,45.08,0.0,ASMI,NORMAL
10.564,-44.01,18.36,85.43,5.46,ASMI,NORMAL
22.082,-60.65,20.0,72.29,3.57,ASMI,WARNING
27.989,-77.24,17.09,57.4,2.47,ASMI,FAILURE
29.243,-83.3,13.75,96.45,10.69,ASMI,WARNING
28.401,-70.96,6.21,56.46,15.12,ASMI,NORMAL
26.442,-68.78,14.89,31.94,2.26,ASMI,NORMAL
29.734,-85.82,9.92,71.19,7.65,ASMI,NORMAL
11.59,-39.54,20.0,56.1,18.23,ASMI,NORMAL
28.475,-87.94,8.04,28.35,10.26,ASMI,WARNING
22.95,-60.25,17.19,23.72,12.27,ASMI,NORMAL
5.47,-35.0,18.74,41.96,10.86,ASMI,WARNING
1.841,-35.0,20.0,97.36,4.39,ASMI,WARNING
6.827,-37.16,17.5,23.12,6.94,ASMI,FAILURE
23.473,-71.97,14.52,52.43,0.0,ASMI,NORMAL
19.135,-65.54,15.65,39.42,10.24,ASMI,WARNING
7.119,-35.0,20.0,94.87,10.23,ASMI,WARNING
22.387,-72.03,12.49,43.97,11.61,ASMI,WARNING
4.669,-35.0,19.47,30.36,8.02,ASMI,WARNING
24.744,-75.43,16.67,53.04,3.09,ASMI,FAILURE
23.928,-80.39,12.24,23.83,14.52,ASMI,NORMAL
29.191,-78.96,11.05,44.15,12.14,ASMI,WARNING
4.933,-35.0,20.0,75.92,13.35,ASMI,NORMAL
27.245,-79.95,13.7,63.94,5.4,ASMI,NORMAL
10.563,-49.21,16.05,10.99,5.33,ASMI,WARNING
12.774,-51.03,16.85,54.81,16.33,ASMI,FAILURE
14.319,-49.78,16.43,83.18,0.0,ASMI,FAILURE
18.994,-61.91,20.0,60.65,8.26,ASMI,WARNING
29.846,-83.74,10.29,52.34,0.86,ASMI,WARNING
18.199,-63.29,12.04,47.36,7.05,ASMI,FAILURE
27.838,-86.51,7.01,58.3,12.35,ASMI,WARNING
8.023,-43.23,17.92,16.66,0.43,ASMI,FAILURE
12.253,-52.5,16.44,81.97,2.09,ASMI,WARNING
15.383,-51.02,18.14,87.09,7.15,ASMI,FAILURE
10.026,-38.39,18.18,63.31,11.81,ASMI,WARNING
29.318,-83.44,11.38,98.11,3.53,ASMI,FAILURE
21.908,-68.61,19.07,59.97,0.0,ASMI,WARNING
14.627,-48.47,17.9,12.44,3.26,ASMI,WARNING
22.663,-70.48,17.52,51.75,13.54,ASMI,WARNING
14.29,-57.28,17.04,45.99,5.27,ASMI,NORMAL
1.008,-35.0,18.94,27.47,2.51,ASMI,WARNING
16.524,-57.12,14.61,58.1,2.11,ASMI,WARNING
18.943,-61.31,16.86,50.93,9.21,ASMI,FAILURE
29.446,-84.49,5.46,25.4,18.34,ASMI,WARNING
1.703,-35.0,20.0,55.55,9.21,ASMI,WARNING
15.607,-42.64,16.01,85.1,7.06,ASMI,WARNING
3.396,-35.0,20.0,55.83,4.45,ASMI,NORMAL
4.895,-35.0,20.0,29.57,13.6,ASMI,NORMAL
18.509,-52.24,16.62,71.73,2.7,ASMI,FAILURE
7.331,-35.0,20.0,88.28,0.62,ASMI,WARNING
22.601,-57.93,14.17,41.06,15.69,ASMI,WARNING
15.669,-57.23,13.59,16.4,6.55,ASMI,NORMAL
6.937,-35.0,20.0,92.34,0.0,ASMI,NORMAL
15.067,-50.89,9.94,71.4,4.38,ASMI,WARNING
0.526,-35.0,20.0,99.23,2.66,ASMI,NORMAL
25.951,-70.9,12.2,72.51,0.0,ASMI,NORMAL
0.874,-35.0,20.0,21.18,14.71,ASMI,NORMAL
0.707,-35.0,17.47,48.98,1.34,ASMI,FAILURE
18.539,-53.49,20.0,13.86,3.61,ASMI,WARNING
29.219,-77.89,15.88,40.73,1.22,ASMI,WARNING
25.75,-54.09,12.38,80.68,11.75,ASMI,NORMAL
7.935,-40.73,20.0,60.01,0.41,ASMI,WARNING
6.302,-44.21,20.0,51.3,0.0,ASMI,WARNING
18.97,-58.71,15.96,86.31,21.24,ASMI,WARNING
24.768,-76.08,8.84,25.94,4.56,ASMI,NORMAL
11.181,-51.07,14.61,58.48,23.53,ASMI,FAILURE
13.254,-53.6,15.48,68.26,4.01,ASMI,WARNING
3.907,-35.0,19.76,93.32,0.0,ASMI,WARNING
5.008,-35.0,20.0,24.73,7.7,ASMI,NORMAL
17.266,-68.17,9.71,73.6,11.88,ASMI,FAILURE
3.528,-35.0,20.0,14.12,17.69,ASMI,WARNING
6.46,-37.59,20.0,61.05,5.92,ASMI,FAILURE
7.423,-35.0,16.35,68.05,12.37,ASMI,NORMAL
13.596,-45.65,20.0,85.59,0.0,ASMI,FAILURE
1.846,-35.0,11.72,39.14,2.26,ASMI,NORMAL
15.243,-62.13,12.12,72.7,13.28,ASMI,NORMAL
27.896,-73.88,9.66,18.34,12.5,ASMI,NORMAL
1.222,-35.0,20.0,30.03,0.0,ASMI,NORMAL
19.114,-62.13,12.63,79.61,4.1,ASMI,WARNING
25.157,-69.41,12.06,90.34,0.0,ASMI,WARNING
9.718,-40.96,20.0,11.46,4.27,ASMI,NORMAL
4.38,-35.0,20.0,24.98,1.69,ASMI,NORMAL
1.779,-35.0,19.13,28.91,0.0,ASMI,WARNING
19.495,-51.49,10.73,56.74,14.46,ASMI,NORMAL
16.791,-62.95,16.89,23.88,9.98,ASMI,WARNING
7.264,-37.87,20.0,97.85,0.9,ASMI,WARNING
25.033,-69.09,14.23,44.91,2.32,ASMI,FAILURE
22.197,-56.94,19.64,22.85,5.5,ASMI,FAILURE
8.655,-35.0,20.0,79.68,5.14,ASMI,NORMAL
22.724,-70.24,11.84,60.56,9.97,ASMI,FAILURE
7.727,-52.95,20.0,92.27,14.69,ASMI,FAILURE
20.42,-71.61,16.84,94.2,14.89,ASMI,WARNING
3.997,-35.0,20.0,87.03,0.83,ASMI,WARNING
20.921,-60.96,17.34,60.79,10.65,ASMI,WARNING
7.544,-42.57,20.0,30.03,7.39,ASMI,WARNING
17.388,-57.84,15.15,48.57,14.01,ASMI,WARNING
5.588,-35.0,20.0,53.43,12.27,ASMI,WARNING
21.916,-73.97,15.21,97.8,6.64,ASMI,WARNING
2.296,-38.97,20.0,32.73,0.13,ASMI,NORMAL
5.38,-35.0,20.0,49.13,9.53,ASMI,NORMAL
5.932,-35.0,14.35,60.61,8.55,ASMI,WARNING
1.72,-35.0,20.0,45.2,0.0,ASMI,WARNING
22.478,-75.98,9.72,20.86,7.72,ASMI,NORMAL
29.438,-84.31,12.26,90.14,0.0,ASMI,WARNING
23.463,-67.58,12.84,82.11,15.98,ASMI,WARNING
25.889,-77.03,17.43,33.08,3.48,ASMI,NORMAL
0.677,-35.0,18.54,50.27,9.58,ASMI,NORMAL
3.977,-35.0,19.34,76.17,5.75,ASMI,NORMAL
16.991,-58.58,20.0,97.62,9.85,ASMI,WARNING
29.347,-87.36,12.82,25.08,11.39,ASMI,WARNING
19.991,-57.5,14.49,67.42,7.54,ASMI,NORMAL
11.537,-37.87,19.54,83.58,4.17,ASMI,WARNING
4.811,-35.0,20.0,12.33,8.9,ASMI,NORMAL
5.009,-35.0,18.34,82.99,12.02,ASMI,NORMAL
11.201,-40.21,18.38,81.09,12.98,ASMI,WARNING
21.557,-63.02,14.93,93.11,7.09,ASMI,WARNING
1.439,-35.0,20.0,17.6,0.0,ASMI,WARNING
25.639,-74.77,14.95,21.19,0.19,ASMI,FAILURE
28.276,-87.26,5.79,56.68,7.66,ASMI,NORMAL
26.72,-71.52,12.0,88.45,3.81,ASMI,NORMAL
27.434,-78.75,12.54,88.71,10.1,ASMI,NORMAL
0.953,-35.0,20.0,73.01,8.42,ASMI,FAILURE
29.345,-78.49,12.56,50.39,0.0,ASMI,FAILURE
11.308,-47.79,20.0,30.8,5.4,ASMI,NORMAL
26.144,-75.47,11.2,52.72,0.0,ASMI,WARNING
6.011,-35.0,20.0,29.54,0.0,ASMI,NORMAL
13.673,-48.5,17.7,79.57,4.76,ASMI,NORMAL
1.803,-35.0,20.0,47.94,10.65,ASMI,NORMAL
1.682,-35.0,20.0,58.54,0.17,ASMI,WARNING
28.327,-83.23,14.01,71.28,0.0,ASMI,NORMAL
24.413,-64.44,14.33,57.38,3.93,ASMI,WARNING
16.13,-61.07,16.81,77.98,16.96,ASMI,FAILURE
16.001,-58.84,16.08,80.75,3.15,ASMI,NORMAL
22.588,-65.02,15.43,31.85,17.83,ASMI,NORMAL
10.579,-43.47,20.0,36.83,2.21,ASMI,NORMAL
22.975,-58.15,18.61,15.34,10.2,ASMI,WARNING
14.808,-53.62,13.37,18.03,8.3,ASMI,FAILURE
19.319,-60.96,19.23,84.65,13.17,ASMI,WARNING
28.962,-72.67,9.52,29.26,7.0,ASMI,NORMAL
14.404,-43.35,20.0,85.12,0.0,ASMI,FAILURE
12.843,-45.11,15.5,98.73,0.0,ASMI,NORMAL
27.22,-82.91,14.74,31.85,1.95,ASMI,FAILURE
27.126,-65.02,17.97,51.43,2.86,ASMI,FAILURE
29.776,-81.0,12.34,58.34,3.09,ASMI,NORMAL
16.75,-59.63,13.91,94.85,12.34,ASMI,NORMAL
10.656,-54.36,20.0,26.08,11.19,ASMI,NORMAL
7.592,-39.64,19.14,85.24,7.22,ASMI,FAILURE
1.506,-35.0,19.18,96.2,7.34,ASMI,NORMAL
21.938,-73.01,2.59,59.9,16.25,ASMI,WARNING
7.388,-42.1,15.05,23.72,14.83,ASMI,FAILURE
18.396,-51.68,20.0,40.04,13.01,ASMI,FAILURE
27.539,-72.93,12.82,96.32,2.66,ASMI,WARNING
28.531,-75.61,11.42,25.14,11.68,ASMI,FAILURE
0.63,-35.0,20.0,53.89,9.22,ASMI,NORMAL
9.854,-44.99,17.04,27.09,8.21,ASMI,WARNING
25.203,-69.99,10.22,91.37,6.03,ASMI,WARNING
16.325,-49.45,19.49,63.14,0.0,ASMI,WARNING
24.322,-78.8,13.73,93.1,2.85,ASMI,WARNING
25.673,-65.31,16.76,95.16,0.0,ASMI,NORMAL
13.557,-55.88,11.59,54.01,4.55,ASMI,NORMAL
11.09,-47.05,20.0,94.34,0.0,ASMI,WARNING
13.935,-45.87,20.0,10.06,4.37,ASMI,WARNING
19.757,-56.03,17.84,27.29,0.0,ASMI,NORMAL
11.331,-40.5,20.0,76.06,0.0,ASMI,NORMAL
23.362,-79.48,13.4,57.38,9.4,ASMI,NORMAL
27.168,-80.77,9.34,99.19,0.0,ASMI,WARNING
8.828,-43.8,15.89,80.59,4.6,ASMI,NORMAL
28.967,-74.6,15.33,69.77,10.25,ASMI,NORMAL
18.87,-58.37,15.75,92.1,13.57,ASMI,NORMAL
26.406,-77.88,17.64,40.35,0.0,ASMI,FAILURE
3.566,-35.0,19.61,25.08,2.88,ASMI,FAILURE
7.919,-40.6,19.96,59.24,8.29,ASMI,WARNING
9.97,-42.0,15.85,31.46,0.0,ASMI,NORMAL
9.433,-37.49,17.14,30.91,10.71,ASMI,NORMAL
5.57,-35.0,19.04,37.57,11.35,ASMI,WARNING
26.112,-83.44,7.89,70.76,22.58,ASMI,FAILURE
12.849,-51.38,20.0,12.12,16.75,ASMI,FAILURE
28.912,-85.35,13.78,86.5,14.57,ASMI,NORMAL
17.712,-47.81,11.88,65.08,9.7,ASMI,NORMAL
4.583,-41.81,16.65,37.4,13.7,ASMI,NORMAL
16.604,-55.23,15.25,20.18,7.62,ASMI,FAILURE
29.81,-80.72,13.28,81.1,4.76,ASMI,WARNING
17.173,-51.63,16.5,49.28,7.56,ASMI,NORMAL
0.555,-35.0,12.26,49.18,11.43,ASMI,WARNING
28.026,-79.4,7.42,52.32,0.0,ASMI,WARNING
7.429,-37.63,20.0,47.26,0.0,ASMI,FAILURE
20.812,-69.24,11.9,56.2,2.66,ASMI,WARNING
15.695,-47.43,20.0,66.76,6.42,ASMI,WARNING
10.1,-54.06,19.59,48.79,2.59,ASMI,WARNING
8.838,-36.0,16.52,97.55,5.2,ASMI,WARNING
27.898,-79.03,11.97,45.78,8.62,ASMI,FAILURE
27.402,-74.15,18.37,29.3,13.66,ASMI,WARNING
15.637,-64.74,16.01,98.21,8.6,ASMI,WARNING
8.126,-44.76,19.38,36.65,2.34,ASMI,WARNING
3.519,-35.0,20.0,65.87,0.72,ASMI,FAILURE
5.119,-35.0,20.0,84.57,7.87,ASMI,NORMAL
15.906,-58.08,20.0,10.36,0.0,ASMI,WARNING
9.581,-35.0,14.76,35.45,7.86,ASMI,WARNING
1.741,-35.0,20.0,57.86,15.43,ASMI,WARNING
13.927,-46.34,20.0,51.03,8.53,ASMI,WARNING
22.513,-65.3,17.19,16.55,0.0,ASMI,FAILURE
26.805,-81.82,10.62,50.24,13.33,ASMI,FAILURE
17.766,-54.7,20.0,19.54,7.85,ASMI,NORMAL
21.837,-70.03,13.96,32.49,7.04,ASMI,WARNING
11.24,-48.64,18.53,77.39,3.43,ASMI,FAILURE
15.139,-50.39,15.38,26.07,6.45,ASMI,NORMAL
22.024,-52.91,13.79,69.88,18.91,ASMI,FAILURE
21.966,-62.28,12.57,97.56,2.94,ASMI,WARNING
13.024,-40.21,20.0,32.23,0.88,ASMI,WARNING
16.538,-55.58,20.0,33.36,0.0,ASMI,NORMAL
27.754,-76.3,15.68,95.78,10.51,ASMI,NORMAL
19.144,-58.07,16.12,69.86,9.82,ASMI,WARNING
19.456,-57.07,19.3,79.31,0.54,ASMI,FAILURE
23.646,-70.89,11.51,81.24,6.73,ASMI,WARNING
3.899,-35.0,20.0,75.69,11.41,ASMI,FAILURE
15.925,-69.8,12.4,97.91,7.65,ASMI,WARNING
28.803,-76.13,10.62,34.73,11.12,ASMI,WARNING
11.169,-59.11,16.75,56.65,5.19,ASMI,WARNING
9.2,-45.47,20.0,69.77,11.24,ASMI,WARNING
18.236,-61.68,14.79,73.65,0.0,ASMI,FAILURE
7.023,-36.9,20.0,27.29,7.32,ASMI,WARNING
16.9,-54.63,17.03,88.8,3.94,ASMI,NORMAL
5.092,-35.85,14.6,83.33,0.0,ASMI,WARNING
17.604,-64.15,12.41,33.78,12.38,ASMI,FAILURE
18.27,-66.68,15.91,58.96,15.24,ASMI,WARNING
12.843,-41.09,20.0,36.52,20.39,ASMI,WARNING
11.791,-52.59,15.99,42.93,5.91,ASMI,FAILURE
7.741,-45.34,16.16,58.02,2.12,ASMI,NORMAL
10.262,-43.7,20.0,58.55,0.0,ASMI,NORMAL
15.201,-50.81,20.0,57.89,5.42,ASMI,NORMAL
7.806,-54.71,11.15,58.98,0.0,ASMI,WARNING
23.594,-55.82,17.16,67.25,6.35,ASMI,WARNING
21.417,-60.96,16.0,11.41,13.46,ASMI,WARNING
8.445,-48.21,16.22,22.58,2.27,ASMI,WARNING
3.374,-35.0,20.0,52.32,9.89,ASMI,FAILURE
0.505,-35.64,16.93,73.76,3.95,ASMI,NORMAL
18.103,-66.84,17.11,55.83,12.56,ASMI,FAILURE
6.735,-36.3,20.0,66.6,4.84,ASMI,WARNING
0.871,-35.0,18.37,97.36,4.35,ASMI,WARNING
11.093,-41.71,18.95,75.71,1.97,ASMI,WARNING
28.879,-79.0,8.87,94.59,0.0,ASMI,FAILURE
20.853,-67.26,13.3,11.71,2.36,ASMI,WARNING
25.804,-65.04,16.97,50.24,12.69,ASMI,FAILURE
4.77,-35.0,20.0,41.91,14.87,ASMI,NORMAL
2.662,-35.0,20.0,73.5,3.76,ASMI,WARNING
0.84,-35.0,20.0,93.65,9.35,ASMI,FAILURE
28.692,-80.57,10.09,13.63,1.33,ASMI,FAILURE
9.356,-42.89,19.91,15.16,0.0,ASMI,WARNING
14.055,-36.93,19.42,70.56,13.41,ASMI,WARNING
12.138,-35.36,20.0,41.14,5.92,ASMI,WARNING
22.048,-68.71,14.47,28.27,7.73,ASMI,WARNING
9.644,-41.11,20.0,95.92,9.88,ASMI,FAILURE
16.296,-59.76,16.11,11.26,7.0,ASMI,FAILURE
29.87,-77.72,12.2,34.66,15.72,ASMI,WARNING
13.6,-38.82,20.0,39.85,10.5,ASMI,WARNING
16.763,-63.48,15.82,80.45,19.45,ASMI,WARNING
15.325,-62.99,18.85,60.56,0.0,ASMI,NORMAL
24.194,-65.66,14.36,39.55,11.52,ASMI,FAILURE
8.372,-43.58,20.0,25.28,15.35,ASMI,WARNING
5.528,-41.16,20.0,29.61,13.56,ASMI,FAILURE
22.746,-75.18,19.83,13.48,4.61,ASMI,WARNING
12.761,-53.03,20.0,85.32,1.05,ASMI,WARNING
27.455,-81.21,11.51,20.55,6.51,ASMI,WARNING
19.503,-62.41,14.63,84.07,6.49,ASMI,WARNING
17.148,-54.4,13.35,22.53,2.17,ASMI,FAILURE
2.578,-36.97,20.0,91.53,13.89,ASMI,WARNING
22.047,-75.16,19.46,71.07,1.38,ASMI,WARNING
20.738,-65.27,12.96,41.68,13.49,ASMI,NORMAL
19.382,-51.22,17.79,45.34,0.34,ASMI,WARNING
8.403,-40.6,20.0,35.61,0.0,ASMI,NORMAL
28.429,-84.05,11.48,29.02,3.8,ASMI,WARNING
9.989,-35.0,18.18,92.0,5.46,ASMI,FAILURE
4.991,-36.76,20.0,26.6,11.17,ASMI,NORMAL
29.622,-79.95,12.17,25.84,12.23,ASMI,WARNING
22.514,-63.36,20.0,42.42,0.0,ASMI,NORMAL
12.736,-45.99,18.11,98.59,8.59,ASMI,WARNING
28.11,-79.27,12.3,51.84,0.86,ASMI,WARNING
3.188,-35.0,19.55,41.98,0.0,ASMI,WARNING
3.086,-35.0,16.34,99.87,11.79,ASMI,NORMAL
20.632,-53.64,17.07,76.6,3.14,ASMI,FAILURE
5.75,-40.39,17.63,95.02,0.0,ASMI,NORMAL
27.556,-82.21,14.67,32.4,5.64,ASMI,FAILURE
25.291,-69.55,13.69,77.88,6.7,ASMI,FAILURE
9.538,-35.0,18.89,90.16,14.58,ASMI,WARNING
26.721,-77.88,7.59,57.64,10.25,ASMI,NORMAL
1.765,-43.19,20.0,48.15,13.2,ASMI,NORMAL
16.685,-64.49,13.22,36.64,0.0,ASMI,WARNING
28.099,-82.98,12.7,61.05,11.21,ASMI,NORMAL
25.734,-65.79,16.25,27.29,0.0,ASMI,FAILURE
11.004,-38.01,20.0,48.87,3.09,ASMI,WARNING
5.895,-35.0,17.73,71.43,7.39,ASMI,WARNING
6.711,-40.07,20.0,68.71,1.07,ASMI,NORMAL
15.678,-62.0,14.41,72.99,10.47,ASMI,WARNING
18.105,-57.22,17.51,62.79,1.31,ASMI,WARNING
1.468,-35.0,20.0,10.24,4.79,ASMI,WARNING
12.7,-42.83,20.0,12.41,0.0,ASMI,WARNING
24.996,-71.98,14.7,62.22,11.31,ASMI,WARNING
13.608,-48.85,18.86,96.94,0.0,ASMI,FAILURE
5.491,-35.0,20.0,27.5,0.0,ASMI,WARNING
28.668,-89.14,15.34,74.56,9.97,ASMI,NORMAL
8.355,-50.19,16.5,48.99,1.22,ASMI,WARNING
24.054,-71.7,12.05,22.52,0.0,ASMI,NORMAL
6.217,-35.0,20.0,13.0,9.95,ASMI,WARNING
12.984,-46.11,19.07,74.2,11.75,ASMI,FAILURE
14.967,-44.53,15.32,22.95,8.67,ASMI,WARNING
15.269,-40.72,20.0,36.86,13.12,ASMI,WARNING
15.736,-56.75,15.0,46.12,0.23,ASMI,NORMAL
7.136,-35.0,20.0,73.53,7.26,ASMI,WARNING
15.72,-42.83,20.0,44.89,7.59,ASMI,WARNING
14.711,-58.81,13.51,44.77,14.75,ASMI,NORMAL
6.657,-35.0,20.0,81.48,11.42,ASMI,WARNING
29.652,-84.99,6.15,10.63,10.35,ASMI,WARNING
26.034,-78.95,13.47,77.85,11.31,ASMI,WARNING
26.684,-88.51,7.3,56.95,13.19,ASMI,FAILURE
20.724,-64.44,15.28,58.75,0.0,ASMI,NORMAL
5.217,-35.0,19.53,41.1,0.0,ASMI,NORMAL
17.259,-51.61,20.0,18.32,12.84,ASMI,WARNING
24.732,-83.52,11.01,18.18,3.68,ASMI,NORMAL
1.643,-35.0,20.0,40.68,2.38,ASMI,NORMAL
15.127,-47.87,11.58,74.84,13.09,ASMI,NORMAL
12.186,-44.68,17.14,90.25,10.37,ASMI,WARNING
6.758,-40.35,20.0,83.1,10.75,ASMI,WARNING
11.658,-43.57,18.19,81.81,0.0,ASMI,NORMAL
29.513,-81.46,13.91,10.52,7.21,ASMI,FAILURE
21.836,-75.44,10.08,27.25,10.69,ASMI,NORMAL
9.336,-35.0,20.0,95.06,9.05,ASMI,NORMAL
18.358,-60.3,15.06,88.31,14.71,ASMI,WARNING
7.776,-35.17,17.22,21.41,20.97,ASMI,NORMAL
18.52,-67.55,14.18,67.25,3.87,ASMI,NORMAL
26.937,-80.6,8.34,48.98,0.64,ASMI,WARNING
16.928,-43.29,15.51,10.69,5.92,ASMI,WARNING
22.134,-65.23,9.93,82.01,0.0,ASMI,WARNING
13.874,-45.37,16.29,94.88,6.03,ASMI,NORMAL
15.962,-53.74,18.94,92.87,11.75,ASMI,FAILURE
21.005,-67.4,19.17,44.58,0.0,ASMI,WARNING
24.466,-69.92,16.68,80.9,7.51,ASMI,WARNING
19.954,-61.58,17.42,54.82,3.31,ASMI,WARNING
29.336,-65.64,14.74,98.2,4.88,ASMI,FAILURE
24.685,-70.35,14.05,96.7,7.43,ASMI,FAILURE
23.426,-74.26,9.96,79.6,9.37,ASMI,FAILURE
25.43,-71.31,14.92,52.42,5.11,ASMI,WARNING
8.796,-44.32,17.78,91.17,8.06,ASMI,WARNING
13.245,-50.72,18.28,30.16,3.67,ASMI,FAILURE
17.152,-59.04,16.97,29.28,13.57,ASMI,FAILURE
14.14,-61.47,16.99,60.24,0.0,ASMI,WARNING
25.5,-79.87,11.94,83.71,2.59,ASMI,WARNING
1.299,-35.0,20.0,15.59,5.57,ASMI,FAILURE
6.671,-35.0,18.38,80.62,14.55,ASMI,WARNING
26.51,-73.06,9.72,95.44,9.0,ASMI,NORMAL
2.243,-35.0,16.62,59.14,6.53,ASMI,WARNING
7.196,-35.0,20.0,29.22,18.09,ASMI,FAILURE
10.862,-44.84,19.8,66.85,10.0,ASMI,WARNING
22.647,-73.56,13.01,27.71,10.83,ASMI,WARNING
17.025,-53.46,18.45,45.14,11.06,ASMI,WARNING
28.661,-77.47,16.72,72.97,6.6,ASMI,NORMAL
7.222,-35.0,14.74,44.32,0.0,ASMI,NORMAL
26.228,-77.48,11.05,53.59,2.82,ASMI,WARNING
8.846,-35.0,18.66,59.07,5.22,ASMI,FAILURE
7.742,-36.78,17.99,40.55,10.23,ASMI,WARNING
15.202,-60.45,17.99,16.87,8.89,ASMI,NORMAL
2.601,-35.0,20.0,55.98,7.77,ASMI,NORMAL
11.837,-38.75,19.11,53.9,16.6,ASMI,WARNING
10.992,-47.82,20.0,48.38,9.66,ASMI,WARNING
5.223,-37.24,20.0,26.6,0.0,ASMI,WARNING
25.893,-79.75,13.35,14.71,10.36,ASMI,WARNING
11.884,-47.73,16.35,84.4,4.6,ASMI,FAILURE
29.467,-93.23,8.3,57.91,1.8,ASMI,NORMAL
27.041,-68.79,17.13,98.23,4.08,ASMI,NORMAL
6.247,-38.21,18.96,98.0,8.47,ASMI,FAILURE
15.401,-49.8,18.57,62.21,20.24,ASMI,WARNING
18.253,-57.24,16.46,54.11,17.97,ASMI,WARNING
24.659,-73.06,18.02,26.78,0.0,ASMI,WARNING
26.626,-81.17,9.57,44.14,0.0,ASMI,WARNING
18.909,-65.64,10.61,80.69,5.1,ASMI,WARNING
1.536,-35.0,19.37,96.69,0.0,ASMI,NORMAL
14.698,-41.48,18.44,63.98,3.59,ASMI,NORMAL
26.602,-77.45,11.27,65.52,3.9,ASMI,NORMAL
21.566,-68.22,12.53,94.82,14.88,ASMI,WARNING
26.169,-71.89,14.25,21.42,13.14,ASMI,FAILURE
20.385,-67.65,11.15,65.07,11.21,ASMI,FAILURE
1.799,-35.0,20.0,62.69,2.41,ASMI,NORMAL
29.056,-73.01,12.62,28.46,0.0,ASMI,NORMAL
27.582,-69.1,13.21,79.64,7.03,ASMI,FAILURE
4.234,-35.0,20.0,20.73,3.7,ASMI,NORMAL
3.824,-35.0,20.0,15.69,3.17,ASMI,WARNING
16.403,-48.05,17.41,53.75,7.4,ASMI,WARNING
22.833,-58.49,19.91,36.97,6.59,ASMI,WARNING
11.774,-47.65,19.53,49.25,7.73,ASMI,WARNING
4.523,-35.0,20.0,20.13,15.62,ASMI,WARNING
15.561,-51.54,15.14,50.72,14.43,ASMI,NORMAL
10.458,-42.61,19.16,49.56,2.25,ASMI,NORMAL
10.877,-46.87,14.07,96.99,4.06,ASMI,WARNING
19.527,-79.34,13.9,75.03,2.77,ASMI,NORMAL
26.625,-87.76,13.77,92.84,9.74,ASMI,WARNING
16.978,-60.02,18.31,80.31,11.97,ASMI,WARNING
20.784,-66.02,13.35,80.91,2.97,ASMI,WARNING
19.968,-57.81,11.2,87.92,7.05,ASMI,NORMAL
16.759,-54.27,16.38,33.03,0.0,ASMI,NORMAL
9.667,-44.15,20.0,48.4,9.81,ASMI,FAILURE
11.645,-49.86,19.1,88.77,0.0,ASMI,WARNING
9.813,-45.32,18.97,16.02,8.13,ASMI,FAILURE
27.566,-88.28,12.06,14.96,0.0,ASMI,NORMAL
24.885,-67.68,13.45,68.32,5.57,ASMI,FAILURE
17.591,-50.33,17.75,91.86,5.47,ASMI,NORMAL
27.411,-65.67,16.94,81.48,14.96,ASMI,WARNING
26.649,-75.14,11.05,81.91,11.66,ASMI,FAILURE
27.867,-89.69,8.66,42.4,6.93,ASMI,NORMAL
7.042,-42.97,20.0,63.25,13.87,ASMI,FAILURE
21.666,-68.86,12.16,79.43,8.29,ASMI,WARNING
18.472,-56.57,11.94,81.44,0.0,ASMI,NORMAL
22.148,-73.3,9.47,62.25,15.3,ASMI,NORMAL
8.27,-40.38,20.0,82.03,3.83,ASMI,FAILURE
20.997,-59.34,19.49,12.42,12.93,ASMI,NORMAL
12.59,-43.2,20.0,94.83,4.93,ASMI,NORMAL
25.106,-73.03,11.38,88.35,14.93,ASMI,NORMAL
23.963,-68.89,8.75,14.68,8.37,ASMI,NORMAL
6.735,-35.63,20.0,47.74,5.32,ASMI,NORMAL
5.924,-35.0,20.0,92.75,0.0,ASMI,WARNING
21.673,-58.46,15.58,56.15,0.0,ASMI,FAILURE
16.739,-61.3,14.56,18.23,3.68,ASMI,NORMAL
16.938,-61.52,14.61,96.99,4.7,ASMI,NORMAL
22.699,-66.43,13.87,42.26,12.34,ASMI,NORMAL
25.722,-62.6,16.15,56.46,8.23,ASMI,WARNING
7.549,-35.0,20.0,66.88,0.52,ASMI,WARNING
16.888,-57.65,19.33,84.92,1.71,ASMI,NORMAL
24.954,-82.52,10.28,88.58,0.0,ASMI,WARNING
26.247,-80.05,15.74,68.78,13.04,ASMI,FAILURE
8.979,-35.71,19.39,95.36,12.95,ASMI,WARNING
3.573,-35.0,20.0,29.71,5.05,ASMI,WARNING
7.368,-35.0,15.24,91.44,0.0,ASMI,WARNING
28.392,-81.09,9.83,27.11,0.55,ASMI,NORMAL
14.143,-39.51,20.0,90.5,4.63,ASMI,WARNING
12.848,-59.43,12.76,29.43,6.19,ASMI,FAILURE
0.886,-35.0,18.43,74.73,13.06,ASMI,NORMAL
2.005,-35.0,20.0,83.53,7.7,ASMI,NORMAL
20.227,-67.94,10.23,45.15,2.6,ASMI,NORMAL
17.9,-68.26,15.05,20.21,5.48,ASMI,NORMAL
17.478,-48.58,20.0,42.63,5.06,ASMI,WARNING
3.755,-35.0,20.0,15.55,14.02,ASMI,WARNING
10.886,-45.11,20.0,69.34,1.45,ASMI,NORMAL
24.465,-73.34,13.43,72.75,18.56,ASMI,FAILURE
5.66,-35.0,20.0,34.15,7.83,ASMI,FAILURE
26.539,-87.33,11.31,68.64,11.09,ASMI,WARNING
4.084,-35.0,20.0,15.27,15.6,ASMI,NORMAL
5.49,-35.0,20.0,12.84,8.72,ASMI,WARNING
14.594,-53.61,13.51,46.72,17.02,ASMI,NORMAL
28.386,-81.98,12.34,53.6,6.05,ASMI,WARNING
10.222,-35.82,20.0,11.67,14.62,ASMI,FAILURE
19.917,-58.12,18.3,63.09,3.65,ASMI,NORMAL
17.866,-48.81,16.56,84.95,1.49,ASMI,NORMAL
4.914,-42.53,20.0,46.95,7.29,ASMI,WARNING
7.821,-39.27,14.73,77.23,12.5,ASMI,NORMAL
27.94,-83.43,12.89,23.6,5.84,ASMI,WARNING
5.952,-47.48,11.91,57.66,4.79,ASMI,WARNING
21.003,-59.59,12.54,81.02,9.11,ASMI,WARNING
28.958,-80.61,9.8,71.38,11.41,ASMI,WARNING
4.025,-35.0,18.13,80.17,1.81,ASMI,WARNING
12.276,-51.86,19.92,74.9,0.0,ASMI,NORMAL
7.106,-36.59,18.89,20.89,11.64,ASMI,NORMAL
7.036,-49.22,14.0,19.24,11.95,ASMI,NORMAL
4.01,-35.0,19.51,97.8,6.3,ASMI,WARNING
19.662,-54.96,16.13,53.41,4.21,ASMI,FAILURE
22.517,-71.21,14.32,75.92,5.14,ASMI,FAILURE
20.465,-68.49,12.59,71.34,7.85,ASMI,WARNING
27.777,-74.8,15.89,13.99,8.01,ASMI,NORMAL
4.798,-35.0,20.0,54.7,14.33,ASMI,NORMAL
9.935,-40.66,18.95,56.92,4.87,ASMI,WARNING
10.665,-35.0,20.0,82.77,10.1,ASMI,FAILURE
7.346,-41.88,20.0,96.6,14.25,ASMI,WARNING
4.695,-39.87,20.0,36.05,5.57,ASMI,FAILURE
14.858,-51.57,11.96,15.3,7.05,ASMI,NORMAL
25.116,-78.95,11.84,52.78,16.28,ASMI,WARNING
28.659,-73.39,17.85,12.69,13.39,ASMI,WARNING
4.316,-35.0,19.82,44.69,13.86,ASMI,WARNING
24.783,-67.91,14.75,34.59,0.06,ASMI,WARNING
24.825,-70.72,9.6,31.87,11.51,ASMI,WARNING
11.975,-41.88,20.0,10.14,0.0,ASMI,WARNING
3.746,-36.33,18.07,32.56,0.0,ASMI,WARNING
29.705,-89.71,13.42,38.79,17.45,ASMI,NORMAL
19.84,-64.41,13.05,91.99,8.2,ASMI,NORMAL
29.475,-88.74,5.27,17.94,7.04,ASMI,WARNING
14.768,-46.97,19.58,79.03,12.78,ASMI,FAILURE
12.158,-42.21,18.09,75.24,7.05,ASMI,FAILURE
7.792,-37.31,16.27,39.36,15.71,ASMI,WARNING
29.515,-73.81,15.73,91.63,0.0,ASMI,NORMAL
7.971,-42.48,18.73,68.98,6.68,ASMI,WARNING
1.201,-35.0,20.0,18.73,3.1,ASMI,WARNING
15.618,-45.66,17.28,28.36,8.08,ASMI,WARNING
11.623,-43.11,18.38,46.1,6.78,ASMI,NORMAL
8.211,-50.18,19.47,97.06,7.72,ASMI,FAILURE
19.221,-66.72,16.44,33.8,9.83,ASMI,WARNING
11.246,-40.8,16.77,48.54,1.3,ASMI,WARNING
12.366,-41.06,19.55,60.46,4.11,ASMI,WARNING
1.18,-35.0,20.0,42.0,7.51,ASMI,NORMAL
17.878,-58.8,20.0,73.09,5.44,ASMI,WARNING
4.101,-36.5,20.0,69.48,4.18,ASMI,WARNING
6.807,-35.0,20.0,15.44,2.67,ASMI,WARNING
21.655,-75.53,13.69,48.59,4.37,ASMI,WARNING
9.741,-35.0,18.7,80.3,8.79,ASMI,FAILURE
5.315,-35.0,20.0,67.59,6.17,ASMI,NORMAL
17.534,-44.49,14.61,51.42,6.15,ASMI,FAILURE
6.84,-39.14,17.51,75.69,14.16,ASMI,FAILURE
8.494,-41.9,20.0,70.34,0.42,ASMI,WARNING
18.83,-56.55,20.0,85.38,4.87,ASMI,WARNING
22.326,-62.44,19.26,14.59,12.18,ASMI,WARNING
22.32,-56.61,12.68,58.18,0.28,ASMI,FAILURE
14.726,-38.02,17.38,69.43,0.0,ASMI,WARNING
13.902,-55.82,13.33,70.79,7.75,ASMI,WARNING
23.736,-70.84,13.81,93.02,14.09,ASMI,NORMAL
6.195,-40.08,20.0,47.05,0.0,ASMI,FAILURE
4.99,-35.0,20.0,81.56,0.0,ASMI,NORMAL
20.109,-55.25,15.24,80.74,6.93,ASMI,FAILURE
12.58,-45.23,16.79,34.2,0.0,ASMI,NORMAL
21.445,-58.98,20.0,34.15,0.0,ASMI,WARNING
8.07,-36.08,18.39,94.86,15.97,ASMI,NORMAL
10.084,-35.0,16.62,39.2,1.18,ASMI,WARNING
26.952,-79.2,19.03,47.3,1.44,ASMI,WARNING
12.939,-46.61,18.62,64.36,3.14,ASMI,WARNING
17.933,-51.44,18.75,38.49,2.37,ASMI,NORMAL
3.647,-35.0,18.65,69.56,0.0,ASMI,NORMAL
5.775,-36.02,20.0,36.05,0.79,ASMI,WARNING
1.559,-35.0,18.19,57.46,1.1,ASMI,NORMAL
13.019,-43.98,16.11,60.36,6.8,ASMI,NORMAL
29.673,-88.26,8.17,82.05,10.66,ASMI,WARNING
26.279,-81.04,8.83,87.41,13.71,ASMI,WARNING
19.171,-69.34,17.62,71.34,4.98,ASMI,WARNING
25.902,-62.99,15.24,34.3,5.46,ASMI,NORMAL
18.028,-47.44,20.0,51.75,10.95,ASMI,WARNING
11.379,-46.68,20.0,60.66,9.13,ASMI,FAILURE
5.62,-35.0,20.0,36.8,2.48,ASMI,NORMAL
19.765,-72.8,11.95,94.6,10.54,ASMI,NORMAL
6.195,-35.0,19.1,19.78,15.03,ASMI,FAILURE
12.814,-66.01,16.57,85.01,8.82,ASMI,FAILURE
24.861,-78.19,14.1,48.38,17.12,ASMI,WARNING
4.312,-35.0,19.94,95.1,2.74,ASMI,NORMAL
4.306,-35.0,20.0,57.93,8.85,ASMI,NORMAL
7.12,-35.0,17.42,75.67,4.72,ASMI,NORMAL
16.782,-58.67,17.54,76.1,5.8,ASMI,WARNING
7.926,-37.67,18.24,72.82,4.29,ASMI,NORMAL
15.344,-40.49,18.88,14.44,12.11,ASMI,WARNING
9.408,-38.82,17.13,66.0,10.74,ASMI,FAILURE
15.434,-57.53,14.49,90.53,13.58,ASMI,FAILURE
8.69,-35.0,18.37,85.92,15.36,ASMI,WARNING
29.41,-78.71,13.8,92.35,0.0,ASMI,NORMAL
15.035,-51.49,20.0,49.99,7.5,ASMI,NORMAL
22.437,-62.75,10.82,50.91,7.39,ASMI,WARNING
21.166,-60.39,18.12,82.74,5.86,ASMI,WARNING
14.972,-56.62,19.49,37.31,17.13,ASMI,WARNING
7.546,-48.25,17.61,78.86,9.89,ASMI,WARNING
15.566,-53.99,13.63,55.4,4.53,ASMI,WARNING
20.589,-76.14,9.95,33.79,3.66,ASMI,WARNING
14.068,-48.03,20.0,67.93,4.15,ASMI,NORMAL
2.917,-35.0,19.09,36.62,0.0,ASMI,WARNING
1.031,-35.0,20.0,70.46,0.0,ASMI,WARNING
10.172,-47.17,13.54,61.24,9.83,ASMI,FAILURE
4.932,-35.0,20.0,75.0,9.21,ASMI,WARNING
27.233,-79.94,15.05,63.92,13.77,ASMI,FAILURE
5.687,-36.7,17.82,78.25,3.93,ASMI,NORMAL
12.131,-40.1,18.23,99.66,5.36,ASMI,NORMAL
21.506,-65.43,10.5,52.1,11.31,ASMI,FAILURE
24.555,-66.81,13.65,63.84,15.13,ASMI,WARNING
14.593,-57.66,16.74,19.17,0.2,ASMI,WARNING
5.843,-35.0,20.0,95.54,7.68,ASMI,WARNING
8.491,-35.0,20.0,63.67,2.84,ASMI,WARNING
12.86,-56.63,20.0,19.25,0.0,ASMI,NORMAL
11.256,-44.01,20.0,46.0,0.0,ASMI,WARNING
10.786,-45.08,14.26,17.32,16.54,ASMI,WARNING
4.39,-35.0,20.0,54.75,2.48,ASMI,NORMAL
27.443,-79.1,8.12,34.93,1.91,ASMI,WARNING
1.378,-35.0,20.0,40.63,13.1,ASMI,WARNING
13.48,-48.15,19.24,16.22,15.9,ASMI,NORMAL
29.419,-96.65,7.48,78.62,2.85,ASMI,WARNING
19.962,-60.38,20.0,85.7,8.12,ASMI,WARNING
10.985,-52.77,16.59,22.61,11.11,ASMI,NORMAL
4.81,-35.0,20.0,77.56,2.22,ASMI,WARNING
28.934,-78.24,16.47,21.57,5.39,ASMI,NORMAL
0.913,-35.0,18.53,17.7,15.51,ASMI,FAILURE
20.601,-61.69,14.84,20.27,9.87,ASMI,NORMAL
26.464,-84.82,14.44,12.86,4.75,ASMI,FAILURE
1.242,-35.0,20.0,43.85,8.66,ASMI,WARNING
21.893,-67.01,14.76,95.76,1.77,ASMI,WARNING
29.966,-82.88,6.75,90.93,4.91,ASMI,WARNING
19.369,-71.31,12.94,39.87,14.44,ASMI,FAILURE
12.733,-39.63,16.45,81.52,4.88,ASMI,WARNING
26.295,-73.35,15.81,84.21,4.85,ASMI,NORMAL
16.848,-40.53,20.0,23.69,4.56,ASMI,NORMAL
22.609,-63.66,10.01,30.65,18.44,ASMI,FAILURE
17.839,-64.85,9.56,72.14,8.65,ASMI,NORMAL
1.63,-35.0,18.88,33.76,3.37,ASMI,WARNING
6.788,-35.0,16.91,94.43,10.2,ASMI,NORMAL
2.824,-35.0,19.27,30.76,0.0,ASMI,WARNING
3.647,-35.0,20.0,81.92,8.81,ASMI,WARNING
0.954,-35.0,18.21,78.23,7.64,ASMI,WARNING
12.924,-49.3,20.0,55.34,2.43,ASMI,NORMAL
5.77,-37.25,18.96,33.69,0.0,ASMI,NORMAL
25.743,-76.06,13.74,13.05,4.8,ASMI,WARNING
22.626,-59.73,11.26,84.55,4.75,ASMI,WARNING
17.409,-55.84,19.69,44.0,5.56,ASMI,NORMAL
14.926,-44.91,20.0,40.61,16.09,ASMI,NORMAL
8.048,-35.0,19.99,14.0,0.0,ASMI,WARNING
14.511,-50.82,16.11,23.62,5.32,ASMI,WARNING
19.416,-58.19,16.5,43.11,1.88,ASMI,NORMAL
23.576,-80.06,11.23,72.17,4.75,ASMI,NORMAL
2.91,-35.0,19.53,28.66,4.92,ASMI,WARNING
21.4,-58.67,20.0,24.72,0.0,ASMI,NORMAL
22.411,-80.46,14.9,33.61,4.02,ASMI,FAILURE
16.99,-55.41,18.06,35.51,8.35,ASMI,WARNING
6.822,-41.81,20.0,46.9,1.82,ASMI,NORMAL
16.406,-62.6,10.52,42.48,3.37,ASMI,FAILURE
15.33,-42.22,18.42,16.65,0.0,ASMI,WARNING
14.533,-49.68,16.51,65.61,9.66,ASMI,NORMAL
14.089,-40.06,20.0,21.74,0.0,ASMI,WARNING
3.769,-35.0,17.98,88.16,0.0,ASMI,FAILURE
5.895,-35.93,20.0,87.36,10.35,ASMI,FAILURE
3.371,-35.0,18.58,16.51,16.78,ASMI,FAILURE
7.653,-35.0,20.0,47.18,2.22,ASMI,NORMAL
8.273,-35.0,19.11,52.92,17.55,ASMI,FAILURE
7.73,-35.34,20.0,99.63,12.8,ASMI,NORMAL
6.722,-38.45,20.0,32.61,3.51,ASMI,NORMAL
22.195,-71.79,14.99,67.24,0.0,ASMI,FAILURE
24.648,-71.7,16.85,51.14,8.28,ASMI,WARNING
10.15,-39.67,20.0,79.17,4.18,ASMI,WARNING
9.501,-39.86,20.0,32.36,3.37,ASMI,FAILURE
25.399,-74.3,17.58,71.28,2.84,ASMI,NORMAL
18.906,-54.11,16.77,21.69,0.6,ASMI,WARNING
9.156,-35.0,20.0,11.36,1.53,ASMI,FAILURE
21.552,-67.25,11.16,11.64,11.33,ASMI,NORMAL
10.665,-58.43,14.65,54.34,12.18,ASMI,WARNING
17.803,-47.76,12.32,79.37,7.98,ASMI,WARNING
29.783,-75.61,15.8,61.99,6.03,ASMI,WARNING
9.397,-35.28,19.81,13.27,3.04,ASMI,NORMAL
27.951,-81.73,15.95,59.69,0.61,ASMI,WARNING
9.959,-41.45,20.0,20.19,0.0,ASMI,WARNING
16.438,-59.3,13.68,96.89,3.66,ASMI,NORMAL
14.07,-56.0,12.08,41.73,11.7,ASMI,WARNING
23.603,-71.87,7.22,55.31,1.24,ASMI,WARNING
2.302,-35.0,17.13,40.49,4.93,ASMI,FAILURE
19.0,-59.65,17.52,52.04,3.11,ASMI,WARNING
22.94,-76.85,14.54,96.26,7.81,ASMI,NORMAL
14.428,-53.25,17.76,33.45,3.26,ASMI,WARNING
3.606,-35.0,20.0,74.63,0.34,ASMI,WARNING
7.722,-35.0,17.05,77.98,7.01,ASMI,NORMAL
20.55,-58.53,13.25,27.15,7.7,ASMI,WARNING
26.915,-75.01,10.66,75.62,1.76,ASMI,WARNING
12.937,-43.15,20.0,68.32,0.0,ASMI,NORMAL
17.032,-48.58,14.58,36.19,0.0,ASMI,NORMAL
7.237,-35.0,20.0,57.04,0.0,ASMI,NORMAL
12.66,-41.42,16.04,63.1,0.0,ASMI,NORMAL
10.435,-40.91,20.0,85.29,14.18,ASMI,NORMAL
19.838,-54.9,14.05,21.23,19.09,ASMI,NORMAL
29.549,-70.81,11.0,97.48,0.0,ASMI,NORMAL
24.492,-69.14,16.29,79.22,0.0,ASMI,NORMAL
6.169,-36.24,20.0,58.15,4.91,ASMI,NORMAL
17.542,-65.65,15.07,79.86,4.92,ASMI,NORMAL
2.459,-36.9,20.0,75.98,10.42,ASMI,FAILURE
7.784,-37.43,20.0,51.41,11.16,ASMI,NORMAL
5.58,-36.2,20.0,40.24,13.91,ASMI,FAILURE
10.399,-52.32,15.85,98.97,16.52,ASMI,FAILURE
20.525,-54.7,17.03,89.59,1.24,ASMI,NORMAL
15.232,-52.65,19.7,95.58,0.0,ASMI,NORMAL
28.021,-86.35,14.71,14.36,1.29,ASMI,WARNING
6.776,-35.0,18.02,83.37,13.53,ASMI,NORMAL
11.244,-35.0,19.88,90.21,4.46,ASMI,WARNING
10.231,-45.78,18.74,52.92,2.52,ASMI,NORMAL
7.461,-42.14,19.6,90.18,0.73,ASMI,NORMAL
29.799,-83.78,12.11,19.08,14.26,ASMI,NORMAL
11.923,-44.41,20.0,15.44,5.42,ASMI,NORMAL
28.245,-70.46,15.01,36.24,12.49,ASMI,FAILURE
12.019,-40.74,18.65,12.36,11.44,ASMI,WARNING
6.521,-35.0,20.0,71.56,3.55,ASMI,NORMAL
4.017,-35.88,20.0,93.43,5.48,ASMI,NORMAL
25.739,-65.19,13.71,36.56,0.0,ASMI,NORMAL
1.447,-35.0,19.16,69.36,1.22,ASMI,WARNING
28.95,-79.77,8.89,52.12,3.58,ASMI,FAILURE
12.837,-35.0,20.0,32.96,12.08,ASMI,FAILURE
7.798,-35.0,17.83,92.67,5.41,ASMI,FAILURE
18.715,-46.32,17.21,96.21,3.45,ASMI,NORMAL
4.421,-35.0,20.0,22.13,0.0,ASMI,WARNING
2.628,-35.0,17.82,79.03,13.64,ASMI,FAILURE
24.92,-62.83,17.25,26.99,13.62,ASMI,WARNING
13.028,-43.17,19.34,53.94,16.05,ASMI,NORMAL
15.789,-62.71,8.19,42.49,0.0,ASMI,WARNING
5.713,-35.4,20.0,31.96,0.0,ASMI,WARNING
2.312,-39.01,20.0,70.82,10.6,ASMI,WARNING
11.349,-39.81,17.58,86.99,0.0,ASMI,NORMAL
15.431,-51.46,15.46,80.31,14.74,ASMI,WARNING
23.08,-66.43,13.56,75.01,0.0,ASMI,FAILURE
15.281,-43.39,20.0,15.96,0.0,ASMI,WARNING
23.584,-79.25,13.74,18.77,1.52,ASMI,WARNING
3.905,-35.0,20.0,51.83,12.12,ASMI,WARNING
2.387,-35.0,20.0,60.02,6.26,ASMI,WARNING
5.186,-36.29,17.42,75.1,7.72,ASMI,WARNING
23.274,-79.38,8.94,42.03,0.88,ASMI,NORMAL
22.9,-65.04,19.35,12.06,4.73,ASMI,WARNING
4.67,-35.0,19.24,13.25,8.33,ASMI,WARNING
1.414,-35.0,20.0,86.93,10.7,ASMI,NORMAL
20.716,-45.65,17.95,21.57,10.88,ASMI,FAILURE
25.731,-77.22,11.15,94.32,10.28,ASMI,WARNING
22.746,-65.73,14.73,39.94,6.35,ASMI,FAILURE
6.483,-35.04,20.0,62.53,13.25,ASMI,FAILURE
17.721,-61.68,17.6,25.18,12.15,ASMI,NORMAL
22.842,-65.77,20.0,50.86,6.44,ASMI,WARNING
8.047,-35.0,20.0,88.82,1.02,ASMI,WARNING
16.068,-64.93,18.25,98.57,12.98,ASMI,WARNING
9.777,-46.6,18.78,78.99,13.09,ASMI,FAILURE
7.154,-50.78,16.48,78.82,2.35,ASMI,WARNING
29.103,-86.21,7.34,89.68,9.95,ASMI,WARNING
27.421,-85.51,9.3,32.04,0.0,ASMI,WARNING
13.647,-52.4,9.12,76.26,5.35,ASMI,NORMAL
4.535,-35.0,20.0,60.25,12.14,ASMI,WARNING
21.973,-63.43,16.11,33.55,7.79,ASMI,FAILURE
8.043,-35.0,20.0,14.99,5.98,ASMI,WARNING
5.471,-35.0,17.75,28.07,11.99,ASMI,FAILURE
11.755,-48.64,18.39,68.52,9.1,ASMI,FAILURE
16.131,-52.69,18.06,61.29,6.36,ASMI,NORMAL
3.374,-35.0,20.0,16.23,3.88,ASMI,WARNING
17.367,-61.6,13.34,60.61,4.33,ASMI,NORMAL
0.953,-35.0,20.0,45.16,12.16,ASMI,WARNING
26.81,-77.57,8.36,11.34,9.53,ASMI,FAILURE
27.662,-91.8,11.4,91.85,14.55,ASMI,FAILURE
22.126,-69.36,15.45,33.25,6.35,ASMI,NORMAL
14.263,-42.31,20.0,59.81,1.92,ASMI,WARNING
8.019,-49.68,14.73,63.02,14.83,ASMI,NORMAL
22.451,-74.89,11.63,54.89,11.71,ASMI,WARNING
27.988,-87.11,10.03,31.56,6.36,ASMI,NORMAL
5.177,-35.0,17.99,46.66,13.16,ASMI,NORMAL
14.242,-53.76,14.22,36.13,0.51,ASMI,FAILURE
9.8,-35.0,19.97,49.02,10.59,ASMI,FAILURE
11.024,-40.05,15.86,17.44,10.65,ASMI,WARNING
12.47,-42.41,20.0,24.94,8.83,ASMI,NORMAL
28.578,-81.42,10.87,22.38,15.45,ASMI,NORMAL
8.13,-35.0,20.0,63.55,0.0,ASMI,FAILURE
15.034,-58.37,17.09,69.03,5.95,ASMI,NORMAL
28.569,-71.06,14.5,92.26,10.23,ASMI,FAILURE
14.544,-43.98,20.0,33.59,0.0,ASMI,FAILURE
25.976,-71.21,12.23,45.41,8.16,ASMI,WARNING
2.234,-35.0,20.0,66.02,0.0,ASMI,WARNING
28.614,-69.12,13.86,97.46,0.28,ASMI,NORMAL
6.032,-38.98,17.73,45.24,17.46,ASMI,WARNING
29.408,-80.0,8.02,36.07,0.03,ASMI,FAILURE
5.68,-35.0,16.5,44.9,0.0,ASMI,WARNING
13.609,-44.11,20.0,37.84,0.0,ASMI,NORMAL
9.604,-47.1,19.12,17.66,0.0,ASMI,NORMAL
13.28,-42.83,17.32,41.14,0.85,ASMI,NORMAL
7.89,-47.86,15.76,62.68,1.58,ASMI,WARNING
28.977,-85.88,12.79,26.45,6.19,ASMI,WARNING
9.519,-36.26,18.28,85.03,1.14,ASMI,NORMAL
19.772,-61.42,16.96,76.18,0.0,ASMI,FAILURE
4.555,-35.0,20.0,60.27,4.8,ASMI,NORMAL
24.819,-75.66,13.61,76.37,6.75,ASMI,NORMAL
16.504,-54.9,11.25,38.5,4.68,ASMI,WARNING
29.394,-79.8,16.11,28.01,9.62,ASMI,NORMAL
12.99,-49.99,19.65,85.8,0.0,ASMI,FAILURE
6.266,-35.0,20.0,83.69,4.96,ASMI,NORMAL
10.708,-44.17,20.0,76.24,13.72,ASMI,NORMAL
22.24,-73.95,10.91,33.07,4.64,ASMI,WARNING
19.944,-56.18,15.67,40.93,4.51,ASMI,WARNING
23.461,-73.21,12.94,44.25,12.82,ASMI,WARNING
2.667,-35.0,20.0,26.58,3.05,ASMI,WARNING
17.621,-55.46,14.99,78.4,11.98,ASMI,NORMAL
27.999,-72.79,14.23,26.62,14.45,ASMI,WARNING
3.683,-35.0,19.22,29.96,2.34,ASMI,WARNING
3.283,-35.0,20.0,14.34,8.01,ASMI,WARNING
21.64,-68.88,9.81,69.7,14.28,ASMI,FAILURE
9.798,-35.68,20.0,93.61,1.78,ASMI,NORMAL
19.928,-59.67,13.27,53.54,4.18,ASMI,WARNING
16.589,-64.64,14.35,90.8,0.0,ASMI,WARNING
29.589,-79.33,14.54,85.69,0.0,ASMI,WARNING
26.727,-77.31,13.96,81.52,17.88,ASMI,WARNING
20.503,-64.7,19.9,25.09,0.0,ASMI,NORMAL
8.219,-43.15,15.47,43.96,5.42,ASMI,WARNING
8.226,-42.21,14.81,69.75,13.84,ASMI,WARNING
26.526,-78.76,9.14,40.99,7.92,ASMI,WARNING
17.768,-53.4,13.18,73.98,10.69,ASMI,WARNING
23.784,-57.46,17.84,35.86,15.26,ASMI,NORMAL
13.771,-39.91,20.0,45.34,11.44,ASMI,FAILURE
3.541,-35.0,20.0,75.84,10.24,ASMI,NORMAL
10.314,-44.86,14.24,20.61,0.0,ASMI,FAILURE
5.254,-35.0,18.91,80.81,5.27,ASMI,FAILURE
23.564,-72.74,9.27,74.13,9.0,ASMI,WARNING
21.165,-68.96,11.1,50.47,8.39,ASMI,NORMAL
3.108,-35.0,20.0,49.38,9.52,ASMI,WARNING
18.831,-72.94,7.29,91.6,0.0,ASMI,NORMAL
26.287,-76.81,9.19,74.46,17.08,ASMI,NORMAL
21.072,-63.15,15.2,65.81,10.95,ASMI,WARNING
15.578,-44.31,13.51,87.78,0.65,ASMI,NORMAL
9.7,-36.97,20.0,39.85,8.74,ASMI,WARNING
26.669,-71.84,11.55,35.8,19.07,ASMI,NORMAL
12.973,-51.25,20.0,28.88,1.7,ASMI,NORMAL
25.734,-72.4,13.88,56.82,12.88,ASMI,NORMAL
23.598,-80.63,10.65,98.93,7.59,ASMI,WARNING
24.579,-70.61,10.26,93.56,3.37,ASMI,WARNING
29.699,-80.74,8.3,50.98,3.36,ASMI,NORMAL
22.588,-67.1,10.67,20.02,17.7,ASMI,WARNING
1.504,-35.0,20.0,88.71,4.36,ASMI,WARNING
6.56,-35.0,20.0,93.03,13.88,ASMI,WARNING
1.538,-38.65,20.0,25.42,0.0,ASMI,NORMAL
6.102,-37.18,16.03,89.51,0.0,ASMI,WARNING
2.312,-35.0,20.0,50.17,11.29,ASMI,WARNING
15.298,-52.39,17.03,11.05,11.55,ASMI,FAILURE
1.332,-35.0,19.99,94.88,5.39,ASMI,FAILURE
14.441,-52.62,11.3,13.85,10.49,ASMI,FAILURE
27.016,-79.47,4.46,13.11,6.12,ASMI,FAILURE
22.583,-60.67,13.89,96.71,23.18,ASMI,NORMAL
28.347,-80.97,9.39,29.31,10.25,ASMI,FAILURE
7.186,-35.0,20.0,60.01,6.23,ASMI,WARNING
16.167,-57.5,18.62,94.84,10.19,ASMI,NORMAL
9.898,-45.33,19.87,94.6,6.62,ASMI,WARNING
15.068,-52.11,15.36,25.67,0.0,ASMI,WARNING
16.934,-50.19,20.0,56.22,6.05,ASMI,NORMAL
1.567,-35.0,20.0,10.63,3.36,ASMI,NORMAL
7.381,-45.46,20.0,18.13,0.0,ASMI,WARNING
21.291,-61.1,14.18,95.33,8.26,ASMI,NORMAL
23.301,-57.21,15.86,47.36,13.95,ASMI,NORMAL
17.299,-55.11,20.0,23.52,1.7,ASMI,FAILURE
8.489,-35.0,20.0,66.83,0.0,ASMI,WARNING
12.45,-52.36,20.0,25.6,8.48,ASMI,NORMAL
3.333,-38.7,19.36,98.21,3.29,ASMI,WARNING
28.619,-100.28,5.13,70.38,3.36,ASMI,WARNING
26.126,-66.06,12.25,43.18,9.85,ASMI,FAILURE
2.435,-35.0,13.42,44.3,0.0,ASMI,NORMAL
5.411,-37.8,18.61,92.52,2.47,ASMI,NORMAL
17.642,-62.31,20.0,90.55,1.96,ASMI,NORMAL
7.357,-50.25,18.67,95.5,2.68,ASMI,WARNING
28.065,-84.12,9.88,50.83,10.79,ASMI,WARNING
22.79,-71.73,10.28,86.57,16.78,ASMI,FAILURE
8.562,-45.36,20.0,53.64,0.0,ASMI,FAILURE
0.68,-35.0,20.0,66.97,6.31,ASMI,NORMAL
24.084,-67.08,16.09,55.67,4.12,ASMI,WARNING
13.011,-51.12,16.0,64.74,0.0,ASMI,WARNING
19.45,-58.12,15.13,55.85,8.97,ASMI,WARNING
8.966,-43.06,19.29,23.94,0.0,ASMI,NORMAL
4.715,-35.0,16.77,19.75,8.38,ASMI,WARNING
20.422,-63.18,18.82,94.7,9.4,ASMI,FAILURE
13.785,-47.09,14.98,55.88,0.64,ASMI,WARNING
7.438,-37.29,20.0,94.77,11.06,ASMI,FAILURE
4.56,-35.0,20.0,71.72,11.76,ASMI,WARNING
17.624,-54.49,18.46,18.01,4.87,ASMI,NORMAL
21.904,-63.57,11.13,28.14,3.1,ASMI,WARNING
8.875,-41.25,20.0,79.1,4.1,ASMI,NORMAL
22.187,-62.51,18.39,26.0,2.06,ASMI,NORMAL
5.902,-37.51,20.0,10.7,0.59,ASMI,NORMAL
10.483,-35.0,20.0,20.06,15.4,ASMI,WARNING
22.474,-60.69,15.06,52.91,2.19,ASMI,NORMAL
19.974,-57.04,17.71,24.69,5.06,ASMI,WARNING
8.48,-35.0,19.83,14.05,14.76,ASMI,NORMAL
4.103,-36.28,20.0,76.92,2.32,ASMI,WARNING
1.753,-35.0,20.0,97.49,0.0,ASMI,WARNING
25.218,-70.04,17.6,98.06,8.33,ASMI,WARNING
2.717,-35.0,20.0,91.0,0.0,ASMI,FAILURE
3.888,-35.0,17.56,11.73,1.2,ASMI,WARNING
7.512,-35.0,20.0,31.61,0.0,ASMI,NORMAL
13.647,-44.67,20.0,22.39,0.0,ASMI,WARNING
23.799,-66.99,16.18,67.62,21.87,ASMI,FAILURE
7.801,-35.18,20.0,86.46,0.51,ASMI,NORMAL
16.533,-62.34,11.93,61.47,6.43,ASMI,FAILURE
3.166,-35.0,20.0,41.2,3.41,ASMI,WARNING
14.203,-45.9,20.0,92.07,4.91,ASMI,WARNING
5.74,-43.12,20.0,55.47,7.08,ASMI,NORMAL
6.73,-48.63,14.5,25.72,0.0,ASMI,NORMAL
11.321,-50.66,20.0,58.0,4.23,ASMI,WARNING
22.96,-74.51,10.15,11.63,7.52,ASMI,WARNING
22.448,-69.06,12.28,13.47,0.0,ASMI,NORMAL
12.742,-39.74,17.96,66.48,2.51,ASMI,WARNING
4.001,-35.0,20.0,75.09,4.67,ASMI,WARNING
8.78,-35.19,20.0,22.45,19.68,ASMI,WARNING
15.408,-63.27,14.59,58.01,0.0,ASMI,WARNING
26.148,-74.77,17.58,79.54,11.83,ASMI,FAILURE
29.064,-69.69,16.45,89.41,14.69,ASMI,NORMAL
19.305,-64.64,13.59,52.66,5.44,ASMI,NORMAL
10.845,-51.75,14.48,20.99,7.55,ASMI,NORMAL
20.957,-62.65,18.8,16.23,11.29,ASMI,FAILURE
10.419,-36.36,17.89,87.09,12.01,ASMI,WARNING
18.951,-49.09,20.0,16.99,4.34,ASMI,FAILURE
7.691,-35.0,13.87,83.6,15.21,ASMI,NORMAL
8.376,-35.0,20.0,49.32,0.0,ASMI,WARNING
2.719,-35.0,20.0,49.28,6.07,ASMI,FAILURE
12.894,-47.56,19.96,56.67,15.21,ASMI,WARNING
18.736,-51.95,20.0,22.22,10.86,ASMI,NORMAL
23.769,-61.5,14.19,76.83,1.44,ASMI,WARNING
24.405,-60.79,16.63,37.0,10.32,ASMI,WARNING
29.777,-81.22,11.23,63.8,4.9,ASMI,NORMAL
3.089,-35.0,20.0,10.48,5.21,ASMI,WARNING
15.048,-54.26,14.39,35.34,11.01,ASMI,FAILURE
15.881,-58.7,16.38,13.64,0.0,ASMI,FAILURE
24.234,-83.84,10.46,38.22,0.84,ASMI,WARNING
8.358,-35.0,19.53,21.36,16.93,ASMI,NORMAL
2.546,-35.0,19.34,16.3,1.28,ASMI,NORMAL
9.756,-46.71,17.48,86.32,3.52,ASMI,NORMAL
29.526,-91.13,12.65,42.84,0.06,ASMI,WARNING
27.034,-79.35,12.72,84.28,4.04,ASMI,WARNING
12.16,-52.14,16.87,90.34,0.0,ASMI,WARNING
26.35,-72.02,14.99,55.54,0.0,ASMI,WARNING
1.466,-35.0,20.0,61.1,12.24,ASMI,NORMAL
9.769,-35.0,20.0,68.19,7.88,ASMI,FAILURE
21.941,-58.88,12.7,68.02,1.14,ASMI,NORMAL
7.033,-37.07,13.34,57.72,4.61,ASMI,WARNING
6.353,-35.0,20.0,63.49,8.46,ASMI,WARNING
25.923,-66.2,14.32,49.7,6.57,ASMI,WARNING
18.671,-62.41,12.92,92.45,2.04,ASMI,NORMAL
29.676,-85.77,8.45,74.92,4.85,ASMI,WARNING
4.473,-35.0,20.0,38.34,2.86,ASMI,NORMAL
11.006,-37.35,20.0,40.15,7.48,ASMI,WARNING
9.681,-37.98,20.0,50.97,3.26,ASMI,WARNING
26.464,-76.46,10.2,12.85,4.79,ASMI,NORMAL
8.031,-35.0,20.0,99.22,0.0,ASMI,NORMAL
10.927,-35.0,20.0,52.11,12.06,ASMI,WARNING
4.714,-35.0,15.05,79.76,13.65,ASMI,NORMAL
23.374,-64.96,20.0,24.24,5.56,ASMI,WARNING
7.512,-35.0,18.28,64.83,3.07,ASMI,NORMAL
2.515,-35.0,20.0,44.35,8.36,ASMI,NORMAL
13.336,-40.37,20.0,90.09,6.09,ASMI,FAILURE
12.048,-48.11,15.7,93.93,6.19,ASMI,NORMAL
5.739,-45.45,20.0,66.23,10.43,ASMI,WARNING
4.441,-41.36,20.0,15.48,16.83,ASMI,NORMAL
26.948,-70.76,15.04,51.99,18.04,ASMI,NORMAL
2.501,-35.0,17.53,11.52,0.0,ASMI,WARNING
3.43,-35.0,20.0,56.62,3.45,ASMI,NORMAL
7.729,-35.0,18.57,55.13,4.6,ASMI,WARNING
28.609,-77.22,14.72,47.55,13.44,ASMI,FAILURE
3.019,-35.0,20.0,40.33,2.16,ASMI,FAILURE
24.572,-72.05,18.07,62.11,12.38,ASMI,NORMAL
26.816,-80.67,15.52,25.91,8.63,ASMI,NORMAL
11.647,-46.01,13.3,12.37,14.28,ASMI,FAILURE
9.17,-46.85,14.72,80.8,3.0,ASMI,WARNING
20.483,-48.56,13.99,80.7,0.5,ASMI,WARNING
21.228,-77.34,11.71,62.15,3.55,ASMI,WARNING
23.509,-80.68,14.56,84.71,4.4,ASMI,WARNING
25.002,-81.79,11.33,56.17,13.0,ASMI,NORMAL
8.418,-35.0,19.3,10.59,6.82,ASMI,NORMAL
20.765,-48.01,13.24,23.34,4.66,ASMI,NORMAL
4.48,-35.0,20.0,51.36,6.65,ASMI,NORMAL
15.567,-44.36,20.0,87.6,4.57,ASMI,FAILURE
18.58,-57.64,17.77,30.3,13.74,ASMI,WARNING
5.271,-35.0,19.11,13.06,5.81,ASMI,WARNING
2.757,-35.0,20.0,47.13,13.09,ASMI,WARNING
6.245,-38.4,18.58,16.0,10.54,ASMI,NORMAL
12.907,-41.83,19.46,59.54,0.0,ASMI,WARNING
26.691,-64.79,17.53,15.01,16.57,ASMI,FAILURE
16.191,-58.42,12.74,11.5,9.54,ASMI,FAILURE
22.581,-74.31,13.53,94.89,6.49,ASMI,NORMAL
5.637,-36.17,20.0,69.88,9.7,ASMI,FAILURE
3.626,-35.0,20.0,20.75,12.79,ASMI,WARNING
7.569,-39.48,16.53,60.06,9.43,ASMI,WARNING
9.759,-43.18,19.88,33.25,4.12,ASMI,NORMAL
16.669,-45.37,17.13,78.5,0.46,ASMI,WARNING
26.497,-79.55,16.34,83.28,8.32,ASMI,WARNING
13.07,-38.59,16.92,55.68,10.68,ASMI,WARNING
15.805,-56.41,18.78,46.85,11.66,ASMI,WARNING
0.636,-35.0,14.91,38.55,0.21,ASMI,NORMAL
1.483,-35.0,20.0,12.96,9.19,ASMI,FAILURE
2.971,-35.0,20.0,60.47,0.24,ASMI,WARNING
21.12,-71.54,11.9,55.8,15.06,ASMI,WARNING
14.843,-46.35,12.17,29.17,11.88,ASMI,FAILURE
6.192,-35.0,20.0,57.88,5.72,ASMI,NORMAL
17.982,-53.43,11.54,52.09,6.2,ASMI,NORMAL
16.566,-62.63,9.74,33.46,1.79,ASMI,NORMAL
3.12,-35.0,20.0,76.88,0.0,ASMI,WARNING
19.392,-48.36,20.0,32.13,3.2,ASMI,NORMAL
23.131,-66.52,15.11,50.59,9.35,ASMI,WARNING
8.953,-51.3,12.17,58.01,1.84,ASMI,NORMAL
20.781,-64.78,9.52,83.02,13.53,ASMI,WARNING
6.392,-48.37,17.99,47.85,2.48,ASMI,WARNING
22.824,-75.77,17.34,28.63,11.87,ASMI,NORMAL
27.397,-77.03,16.71,11.33,7.37,ASMI,NORMAL
13.535,-41.26,19.99,32.69,12.74,ASMI,NORMAL
7.716,-45.95,17.6,77.55,4.51,ASMI,WARNING
12.276,-47.93,12.57,83.84,4.77,ASMI,WARNING
7.877,-35.0,19.74,64.06,7.97,ASMI,NORMAL
0.537,-35.0,18.41,95.35,12.27,ASMI,NORMAL
19.688,-53.33,20.0,57.0,0.59,ASMI,WARNING
1.755,-35.0,20.0,53.14,0.17,ASMI,WARNING
6.707,-35.0,19.4,84.96,5.54,ASMI,WARNING
21.812,-59.05,15.39,25.03,11.23,ASMI,NORMAL
20.139,-61.86,15.31,11.36,14.87,ASMI,NORMAL
2.663,-35.0,20.0,89.36,0.79,ASMI,WARNING
19.972,-57.24,20.0,58.07,0.0,ASMI,FAILURE
27.952,-69.33,11.15,77.04,2.64,ASMI,NORMAL
2.698,-35.0,15.58,66.6,2.88,ASMI,WARNING
12.763,-50.07,14.61,69.75,10.76,ASMI,WARNING
22.018,-68.54,13.51,62.86,3.75,ASMI,FAILURE
20.198,-70.4,12.45,75.27,9.8,ASMI,WARNING
7.182,-38.34,16.86,20.21,0.0,ASMI,WARNING
5.31,-35.0,20.0,32.58,10.8,ASMI,NORMAL
23.635,-67.53,17.83,53.12,1.51,ASMI,WARNING
28.709,-79.21,9.78,74.48,6.5,ASMI,NORMAL
23.144,-66.58,14.63,37.76,11.53,ASMI,WARNING
28.915,-87.06,13.06,82.65,5.94,ASMI,NORMAL
18.347,-70.53,15.61,15.88,12.44,ASMI,NORMAL
27.908,-75.1,13.63,81.18,12.93,ASMI,WARNING
20.868,-73.62,10.63,72.92,13.09,ASMI,WARNING
27.312,-84.27,13.2,15.87,12.33,ASMI,WARNING
5.267,-35.41,20.0,12.85,3.67,ASMI,WARNING
24.559,-68.1,14.49,85.59,7.54,ASMI,WARNING
6.304,-35.0,19.57,23.03,0.0,ASMI,WARNING
1.309,-35.0,20.0,32.8,4.91,ASMI,WARNING
15.769,-46.78,18.6,90.67,9.98,ASMI,FAILURE
9.888,-36.77,13.43,40.86,9.99,ASMI,WARNING
1.784,-35.0,17.99,57.74,4.55,ASMI,NORMAL
29.419,-77.26,10.77,12.79,0.0,ASMI,WARNING
20.161,-55.02,15.28,61.21,0.87,ASMI,NORMAL
27.103,-80.4,7.96,74.22,10.82,ASMI,WARNING
29.973,-85.46,6.18,60.86,3.2,ASMI,WARNING
12.063,-51.74,17.63,82.78,2.19,ASMI,NORMAL
8.015,-35.0,20.0,79.89,12.87,ASMI,WARNING
5.925,-38.12,18.0,53.12,0.0,ASMI,WARNING
15.698,-47.39,20.0,68.06,3.42,ASMI,NORMAL
18.379,-57.37,15.72,34.9,5.19,ASMI,FAILURE
14.436,-52.74,20.0,42.28,0.0,ASMI,NORMAL
11.924,-41.51,20.0,65.97,8.33,ASMI,WARNING
5.464,-35.0,19.82,69.44,0.0,ASMI,WARNING
13.535,-49.02,20.0,17.68,0.0,ASMI,NORMAL
3.015,-35.0,19.69,83.73,0.43,ASMI,WARNING
26.019,-72.74,13.87,67.35,15.29,ASMI,NORMAL
1.884,-35.0,20.0,39.46,12.79,ASMI,FAILURE
11.729,-41.45,17.18,30.37,5.87,ASMI,WARNING
3.454,-40.38,16.15,64.28,5.15,ASMI,WARNING
23.362,-65.09,15.89,72.63,4.84,ASMI,WARNING
9.726,-37.67,20.0,93.56,15.96,ASMI,WARNING
3.837,-35.0,19.23,26.65,5.13,ASMI,WARNING
16.179,-60.39,17.07,55.26,12.98,ASMI,NORMAL
27.53,-83.8,13.09,95.97,0.0,ASMI,WARNING
27.305,-79.05,9.41,91.86,7.88,ASMI,NORMAL
7.865,-35.0,20.0,53.01,0.0,ASMI,NORMAL
21.73,-76.15,9.73,59.68,8.06,ASMI,NORMAL
1.393,-35.0,20.0,92.49,4.0,ASMI,FAILURE
4.39,-35.0,20.0,12.89,0.0,ASMI,WARNING
15.234,-58.08,17.45,97.86,17.44,ASMI,WARNING
7.248,-35.0,19.26,97.93,0.0,ASMI,NORMAL
24.049,-76.27,16.21,94.99,0.0,ASMI,NORMAL
27.967,-81.13,11.91,96.9,12.92,ASMI,NORMAL
0.628,-35.0,20.0,37.37,8.24,ASMI,FAILURE
7.371,-42.43,20.0,13.34,7.8,ASMI,WARNING
13.467,-44.65,20.0,35.59,10.22,ASMI,NORMAL
17.111,-44.71,20.0,41.11,0.0,ASMI,NORMAL
27.519,-79.37,13.58,41.72,4.92,ASMI,FAILURE
26.811,-75.2,10.87,71.24,6.59,ASMI,FAILURE
19.297,-60.0,16.44,87.73,0.35,ASMI,WARNING
8.093,-44.47,20.0,29.98,8.07,ASMI,WARNING
23.607,-64.22,15.64,50.26,10.88,ASMI,NORMAL
6.478,-35.0,20.0,44.07,3.36,ASMI,NORMAL
28.973,-101.29,13.7,78.81,7.2,ASMI,WARNING
0.672,-35.0,20.0,38.61,6.09,ASMI,WARNING
17.308,-61.03,18.32,15.06,15.87,ASMI,WARNING
3.108,-39.37,17.8,40.04,1.9,ASMI,NORMAL
12.524,-51.75,15.69,41.86,0.0,ASMI,FAILURE
19.231,-52.94,17.04,84.01,6.77,ASMI,NORMAL
20.843,-53.93,14.01,59.31,7.44,ASMI,NORMAL
23.674,-68.15,14.24,57.12,7.61,ASMI,WARNING
18.003,-52.8,15.92,63.89,2.79,ASMI,NORMAL
7.914,-48.65,19.66,60.53,3.79,ASMI,FAILURE
26.733,-75.48,11.91,71.35,17.87,ASMI,WARNING
24.428,-59.66,18.19,91.35,5.41,ASMI,WARNING
5.222,-35.0,17.81,88.87,1.34,ASMI,WARNING
24.882,-75.21,8.72,54.58,4.6,ASMI,WARNING
29.193,-73.52,12.45,86.21,0.97,ASMI,NORMAL
19.298,-67.07,17.31,87.67,8.08,ASMI,NORMAL
8.813,-38.65,20.0,81.06,6.77,ASMI,NORMAL
18.395,-48.58,18.47,13.78,10.19,ASMI,WARNING
10.605,-35.08,20.0,69.58,5.44,ASMI,WARNING
20.44,-58.79,18.18,38.19,3.89,ASMI,NORMAL
16.572,-60.63,20.0,88.6,12.46,ASMI,WARNING
27.92,-77.5,11.74,35.56,1.42,ASMI,FAILURE
18.728,-61.12,17.65,92.68,15.92,ASMI,WARNING
6.812,-43.57,20.0,65.36,0.0,ASMI,WARNING
21.891,-57.36,15.09,68.05,8.25,ASMI,FAILURE
9.376,-35.0,20.0,89.9,9.83,ASMI,NORMAL
8.536,-35.0,20.0,98.69,0.0,ASMI,NORMAL
12.057,-45.36,20.0,37.81,3.58,ASMI,FAILURE
0.854,-35.0,17.09,18.0,12.03,ASMI,WARNING
29.09,-90.36,12.51,75.1,14.75,ASMI,WARNING
16.204,-55.35,19.45,16.32,2.65,ASMI,WARNING
23.318,-58.7,11.4,58.05,11.74,ASMI,NORMAL
8.107,-39.17,20.0,41.07,9.55,ASMI,NORMAL
22.525,-62.77,17.54,45.1,11.72,ASMI,NORMAL
17.232,-59.98,19.19,31.19,2.86,ASMI,FAILURE
13.012,-52.22,16.9,72.94,2.19,ASMI,FAILURE
29.135,-81.45,12.46,61.47,2.69,ASMI,WARNING
15.068,-50.8,12.19,95.72,17.02,ASMI,NORMAL
19.895,-59.43,19.18,42.0,6.99,ASMI,FAILURE
0.953,-35.0,18.95,45.49,9.87,ASMI,NORMAL
9.393,-48.74,19.99,24.85,6.92,ASMI,WARNING
26.716,-76.65,9.33,65.05,6.2,ASMI,WARNING
22.889,-61.36,17.36,18.55,14.4,ASMI,WARNING
16.334,-50.87,18.43,97.14,17.05,ASMI,WARNING
27.055,-78.37,11.78,91.91,8.47,ASMI,WARNING
14.844,-46.51,9.94,72.97,19.03,ASMI,FAILURE
17.212,-59.78,13.09,38.56,16.16,ASMI,WARNING
11.774,-45.79,19.62,42.05,2.42,ASMI,WARNING
18.791,-60.83,12.32,17.84,3.89,ASMI,WARNING
9.911,-55.41,16.47,32.23,12.27,ASMI,FAILURE
11.872,-38.99,18.25,41.77,8.02,ASMI,FAILURE
29.007,-79.93,15.26,50.31,11.05,ASMI,NORMAL
3.784,-35.0,15.86,51.78,7.99,ASMI,WARNING
3.605,-35.0,19.51,89.66,4.91,ASMI,NORMAL
1.778,-35.0,20.0,50.48,9.33,ASMI,FAILURE
9.941,-35.0,20.0,96.17,0.64,ASMI,NORMAL
12.248,-42.08,20.0,17.54,9.63,ASMI,WARNING
3.288,-35.0,20.0,28.99,13.86,ASMI,WARNING
16.699,-50.26,16.78,44.92,9.74,ASMI,FAILURE
17.707,-55.97,16.58,89.93,11.46,ASMI,NORMAL
22.655,-64.88,14.71,21.0,5.75,ASMI,FAILURE
29.291,-93.93,9.68,41.96,4.25,ASMI,NORMAL
18.771,-64.35,17.6,20.1,17.61,ASMI,WARNING
3.794,-35.0,20.0,79.66,13.73,ASMI,WARNING
3.111,-35.0,20.0,35.42,0.0,ASMI,WARNING
23.438,-70.01,16.94,49.09,6.45,ASMI,FAILURE
19.685,-56.59,16.99,83.57,9.82,ASMI,FAILURE
5.276,-35.0,18.79,25.11,9.29,ASMI,WARNING
7.974,-44.08,20.0,95.24,0.22,ASMI,WARNING
22.632,-60.2,10.72,45.45,0.38,ASMI,WARNING
17.202,-69.12,12.08,39.74,8.72,ASMI,NORMAL
17.758,-50.28,18.46,27.17,12.09,ASMI,WARNING
6.695,-35.0,20.0,52.08,0.0,ASMI,NORMAL
19.057,-56.0,16.17,98.26,17.27,ASMI,FAILURE
23.234,-69.71,15.09,54.19,9.52,ASMI,WARNING
26.615,-73.7,11.7,50.69,6.92,ASMI,FAILURE
22.233,-79.29,18.56,10.69,0.0,ASMI,NORMAL
17.503,-48.92,20.0,35.89,12.68,ASMI,WARNING
20.361,-56.92,17.34,30.51,7.07,ASMI,WARNING
14.811,-46.37,20.0,13.51,7.3,ASMI,NORMAL
7.193,-37.63,19.1,50.14,14.86,ASMI,NORMAL
26.525,-75.88,11.69,22.2,7.32,ASMI,NORMAL
16.212,-57.66,19.45,55.27,6.58,ASMI,WARNING
18.032,-56.01,19.02,50.92,0.0,ASMI,NORMAL
29.708,-86.81,12.41,30.04,11.99,ASMI,WARNING
29.558,-83.25,7.63,81.85,4.23,ASMI,WARNING
17.796,-56.32,18.8,93.41,5.94,ASMI,NORMAL
1.502,-35.0,20.0,22.07,0.0,ASMI,FAILURE
12.186,-41.16,20.0,18.76,11.7,ASMI,WARNING
28.15,-93.12,12.3,41.03,3.68,ASMI,WARNING
9.005,-35.0,20.0,64.94,8.93,ASMI,NORMAL
29.978,-92.35,14.14,66.88,11.23,ASMI,NORMAL
2.987,-35.0,20.0,66.25,0.62,ASMI,FAILURE
17.259,-49.19,18.72,61.81,14.03,ASMI,NORMAL
15.706,-49.16,15.05,44.72,8.65,ASMI,NORMAL
8.033,-36.32,20.0,80.38,6.78,ASMI,WARNING
28.484,-73.79,13.08,95.79,3.75,ASMI,WARNING
18.766,-60.81,19.18,63.07,0.0,ASMI,WARNING
7.292,-35.0,18.93,29.75,9.15,ASMI,NORMAL
11.829,-48.81,14.12,60.56,1.19,ASMI,NORMAL
21.776,-64.67,9.2,78.0,2.2,ASMI,NORMAL
9.282,-40.55,20.0,84.67,13.46,ASMI,NORMAL
26.448,-68.99,18.26,74.64,0.0,ASMI,NORMAL
5.387,-36.58,20.0,90.14,0.0,ASMI,FAILURE
8.303,-35.0,20.0,95.68,5.31,ASMI,NORMAL
4.775,-35.0,20.0,54.28,13.8,ASMI,NORMAL
3.573,-35.0,20.0,58.69,17.83,ASMI,NORMAL
9.359,-47.94,17.18,40.38,16.8,ASMI,WARNING
29.976,-79.09,10.35,69.3,13.51,ASMI,NORMAL
3.283,-35.0,20.0,63.61,7.76,ASMI,WARNING
6.784,-35.67,20.0,26.08,11.77,ASMI,NORMAL
8.513,-41.7,16.7,72.49,0.0,ASMI,NORMAL
18.764,-51.13,14.59,82.45,8.3,ASMI,WARNING
22.488,-78.34,14.06,26.29,15.07,ASMI,NORMAL
22.682,-60.97,12.8,24.78,0.0,ASMI,WARNING
0.755,-35.0,16.17,67.52,1.9,ASMI,NORMAL
19.73,-59.73,15.66,20.46,0.0,ASMI,FAILURE
19.107,-66.87,17.01,82.86,8.65,ASMI,NORMAL
15.771,-60.62,13.68,67.87,18.22,ASMI,NORMAL
11.687,-35.49,17.26,12.92,0.18,ASMI,WARNING
24.025,-74.97,9.35,79.34,16.02,ASMI,NORMAL
10.644,-56.87,16.95,55.89,6.64,ASMI,FAILURE
7.285,-48.13,18.01,54.65,0.0,ASMI,NORMAL
9.648,-35.0,19.29,38.07,3.15,ASMI,FAILURE
13.47,-57.51,15.41,35.51,0.3,ASMI,NORMAL
6.815,-35.1,20.0,55.03,9.57,ASMI,WARNING
18.423,-64.24,15.27,10.28,12.19,ASMI,NORMAL
26.584,-66.54,12.79,81.56,0.0,ASMI,WARNING
18.066,-59.0,19.64,80.56,1.26,ASMI,WARNING
13.677,-49.64,20.0,76.2,7.38,ASMI,WARNING
24.008,-88.33,7.71,64.23,2.25,ASMI,NORMAL
22.567,-66.37,11.0,36.6,4.2,ASMI,NORMAL
11.328,-57.17,16.35,69.22,4.42,ASMI,WARNING
18.323,-67.0,15.99,21.62,14.69,ASMI,WARNING
22.03,-66.46,14.74,33.71,4.58,ASMI,WARNING
7.741,-40.02,20.0,14.07,4.35,ASMI,NORMAL
11.305,-45.45,19.5,87.35,11.03,ASMI,WARNING
3.62,-35.0,20.0,84.55,5.94,ASMI,WARNING
29.637,-81.06,13.5,50.58,0.12,ASMI,NORMAL
3.033,-35.0,20.0,49.38,3.24,ASMI,WARNING
5.474,-38.37,20.0,93.34,11.95,ASMI,WARNING
14.655,-56.7,12.33,70.76,8.55,ASMI,NORMAL
26.026,-87.01,9.54,73.84,4.71,ASMI,NORMAL
10.999,-57.38,15.82,42.33,9.26,ASMI,NORMAL
23.174,-63.68,16.93,36.25,0.0,ASMI,WARNING
20.443,-58.98,20.0,20.29,15.6,ASMI,FAILURE
19.341,-62.43,16.26,16.53,7.17,ASMI,WARNING
25.428,-71.86,11.98,91.5,4.95,ASMI,WARNING
0.918,-35.0,16.63,91.57,0.0,ASMI,NORMAL
27.91,-72.88,18.72,30.43,0.0,ASMI,WARNING
24.962,-74.44,11.97,13.36,18.32,ASMI,FAILURE
28.167,-73.75,16.0,41.18,11.41,ASMI,FAILURE
23.911,-67.27,15.6,95.67,1.42,ASMI,WARNING
26.418,-77.91,16.05,37.46,7.35,ASMI,WARNING
6.491,-35.0,16.13,87.87,1.0,ASMI,WARNING
9.917,-53.31,13.99,83.47,9.98,ASMI,WARNING
9.799,-46.49,16.24,95.0,2.03,ASMI,NORMAL
3.72,-37.4,20.0,54.7,0.2,ASMI,NORMAL
22.023,-50.11,14.94,92.98,5.52,ASMI,FAILURE
4.517,-35.0,19.48,76.76,11.46,ASMI,WARNING
2.049,-35.0,19.85,88.12,0.0,ASMI,WARNING
23.376,-70.67,16.64,76.0,13.72,ASMI,WARNING
27.188,-74.65,19.95,51.51,13.84,ASMI,FAILURE
23.042,-60.95,18.7,92.72,6.72,ASMI,NORMAL
24.848,-72.48,13.27,82.05,4.63,ASMI,WARNING
18.071,-61.35,10.79,67.7,6.94,ASMI,FAILURE
26.689,-78.9,14.65,53.47,8.82,ASMI,FAILURE
15.153,-48.08,19.45,18.52,3.37,ASMI,WARNING
29.656,-81.99,12.53,83.39,9.86,ASMI,WARNING
3.551,-35.0,20.0,47.47,5.23,ASMI,FAILURE
24.371,-77.22,13.92,42.35,0.0,ASMI,NORMAL
19.421,-54.52,20.0,30.76,8.43,ASMI,WARNING
17.629,-69.53,9.16,58.75,11.89,ASMI,NORMAL
21.911,-61.63,17.69,84.69,0.0,ASMI,NORMAL
25.289,-68.27,15.55,36.06,12.69,ASMI,WARNING
25.955,-87.8,11.89,92.86,12.11,ASMI,WARNING
5.674,-35.0,17.61,45.73,1.11,ASMI,FAILURE
6.313,-35.0,17.67,97.25,0.0,ASMI,WARNING
0.977,-35.0,20.0,70.9,1.65,ASMI,WARNING
4.389,-35.0,20.0,43.05,0.0,ASMI,NORMAL
8.285,-52.24,19.62,98.53,12.79,ASMI,NORMAL
21.771,-59.62,17.81,63.49,6.88,ASMI,WARNING
14.535,-54.26,20.0,79.18,11.98,ASMI,FAILURE
22.858,-75.7,13.94,50.66,2.35,ASMI,WARNING
14.853,-50.89,16.81,20.74,0.0,ASMI,WARNING
16.89,-43.05,20.0,96.76,5.92,ASMI,NORMAL
3.776,-35.0,20.0,38.96,1.23,ASMI,NORMAL
23.408,-66.43,15.66,92.61,1.93,ASMI,WARNING
22.865,-54.71,15.61,91.68,0.59,ASMI,WARNING
9.573,-41.2,19.43,18.55,0.0,ASMI,FAILURE
10.193,-39.26,19.88,20.32,3.16,ASMI,FAILURE
6.981,-35.0,20.0,65.08,17.1,ASMI,NORMAL
24.508,-70.04,14.79,13.23,6.62,ASMI,WARNING
22.537,-63.87,16.93,47.9,7.3,ASMI,FAILURE
18.47,-65.93,11.78,57.5,14.98,ASMI,WARNING
7.545,-38.81,19.64,27.71,12.53,ASMI,WARNING
5.57,-43.65,20.0,79.32,17.13,ASMI,NORMAL
1.983,-35.0,20.0,48.84,9.31,ASMI,WARNING
1.846,-35.0,20.0,48.08,0.0,ASMI,WARNING
6.021,-41.06,19.34,31.09,4.49,ASMI,WARNING
3.466,-35.0,15.7,89.9,12.33,ASMI,WARNING
16.905,-45.14,18.25,11.01,2.1,ASMI,WARNING
11.064,-38.88,20.0,10.62,6.22,ASMI,NORMAL
13.626,-55.02,13.29,99.59,0.78,ASMI,WARNING
18.025,-59.6,18.65,11.9,8.11,ASMI,FAILURE
19.944,-58.03,19.1,23.96,4.64,ASMI,WARNING
19.622,-54.87,16.79,89.46,7.11,ASMI,WARNING
8.195,-35.0,20.0,65.42,0.0,ASMI,NORMAL
24.384,-67.39,18.71,66.25,3.52,ASMI,WARNING
27.572,-78.8,8.02,52.82,10.83,ASMI,WARNING
9.82,-35.41,20.0,23.55,8.63,ASMI,FAILURE
1.003,-35.0,17.72,43.04,5.6,ASMI,NORMAL
27.025,-77.1,15.25,74.61,9.23,ASMI,WARNING
27.745,-70.53,10.75,53.68,9.16,ASMI,WARNING
2.003,-35.0,20.0,75.68,6.09,ASMI,NORMAL
0.646,-35.0,19.85,10.65,12.53,ASMI,NORMAL
24.584,-79.66,7.21,69.02,0.94,ASMI,NORMAL
9.393,-47.87,17.76,63.37,4.61,ASMI,WARNING
27.48,-78.64,9.51,97.7,6.02,ASMI,FAILURE
6.894,-40.49,20.0,91.63,17.38,ASMI,FAILURE
25.904,-86.14,15.17,64.03,5.43,ASMI,NORMAL
2.525,-35.0,19.17,61.86,10.39,ASMI,NORMAL
8.189,-42.23,20.0,18.33,11.22,ASMI,WARNING
29.207,-78.79,13.45,94.7,8.18,ASMI,WARNING
7.32,-35.0,19.47,73.62,4.34,ASMI,WARNING
4.424,-35.0,20.0,55.2,13.61,ASMI,NORMAL
25.783,-86.7,9.22,87.17,8.9,ASMI,NORMAL
3.975,-35.0,19.48,75.76,13.85,ASMI,WARNING
3.375,-35.0,20.0,60.72,13.28,ASMI,WARNING
10.041,-53.24,17.38,58.52,4.22,ASMI,NORMAL
19.242,-66.37,17.29,93.37,0.0,ASMI,FAILURE
21.467,-64.11,19.82,81.92,0.0,ASMI,WARNING
26.497,-75.06,13.59,46.28,14.83,ASMI,NORMAL
16.457,-64.38,12.11,66.59,14.96,ASMI,WARNING
12.106,-56.18,17.93,27.67,6.75,ASMI,WARNING
11.086,-35.0,20.0,93.99,4.73,ASMI,NORMAL
25.484,-73.35,12.15,72.57,5.71,ASMI,WARNING
21.853,-63.18,17.59,96.4,11.82,ASMI,WARNING
27.21,-88.55,9.15,36.28,7.57,ASMI,FAILURE
28.939,-78.24,11.34,38.37,2.32,ASMI,FAILURE
9.351,-40.39,18.14,84.89,3.71,ASMI,WARNING
16.125,-48.74,18.85,33.56,0.0,ASMI,WARNING
19.139,-54.74,17.79,42.19,17.23,ASMI,WARNING
5.334,-36.52,20.0,89.59,0.0,ASMI,NORMAL
2.074,-35.0,20.0,56.6,0.74,ASMI,WARNING
26.099,-68.48,15.04,37.03,0.76,ASMI,WARNING
16.298,-54.29,15.19,46.84,5.71,ASMI,WARNING
17.338,-41.17,19.92,74.07,8.76,ASMI,WARNING
16.87,-63.88,11.94,24.28,2.1,ASMI,NORMAL
22.771,-71.96,17.61,96.59,11.28,ASMI,NORMAL
4.792,-35.0,16.16,54.36,0.51,ASMI,WARNING
18.614,-46.71,18.84,78.84,4.01,ASMI,NORMAL
14.35,-43.32,20.0,73.18,6.76,ASMI,NORMAL
26.96,-79.35,15.31,71.27,0.0,ASMI,NORMAL
15.829,-54.47,15.15,47.8,0.0,ASMI,NORMAL
28.317,-74.78,14.41,13.81,0.17,ASMI,WARNING
10.921,-54.62,11.75,76.73,11.25,ASMI,WARNING
29.023,-85.02,12.74,95.84,5.06,ASMI,FAILURE
26.317,-76.36,13.39,55.45,9.4,ASMI,WARNING
17.736,-64.47,12.98,95.84,13.76,ASMI,NORMAL
10.934,-35.0,19.97,58.14,1.98,ASMI,NORMAL
11.59,-44.68,20.0,25.06,1.17,ASMI,NORMAL
23.296,-69.05,14.31,31.55,12.54,ASMI,WARNING
17.629,-59.06,16.67,87.82,0.88,ASMI,NORMAL
12.347,-48.11,18.44,65.94,12.61,ASMI,WARNING
19.264,-72.86,13.64,47.3,16.06,ASMI,WARNING
22.13,-64.94,18.5,81.94,3.34,ASMI,WARNING
1.176,-35.0,20.0,67.75,11.44,ASMI,WARNING
3.151,-35.0,20.0,88.51,1.57,ASMI,WARNING
3.287,-35.0,20.0,97.38,5.56,ASMI,WARNING
7.342,-41.05,19.01,68.61,10.78,ASMI,WARNING
13.096,-44.33,20.0,97.36,0.0,ASMI,WARNING
24.208,-74.48,11.27,52.33,8.97,ASMI,NORMAL
10.857,-38.61,15.89,85.6,4.59,ASMI,WARNING
1.016,-35.0,17.86,91.58,3.7,ASMI,WARNING
14.759,-53.05,11.76,14.07,15.01,ASMI,NORMAL
29.901,-85.92,13.44,87.86,3.01,ASMI,NORMAL
10.796,-42.22,15.13,46.78,10.65,ASMI,WARNING
28.857,-84.16,14.63,45.84,6.7,ASMI,WARNING
3.49,-35.0,19.41,80.34,8.08,ASMI,WARNING
5.606,-35.0,16.46,32.17,4.67,ASMI,WARNING
21.862,-64.68,14.68,12.84,13.48,ASMI,NORMAL
15.286,-54.3,20.0,34.4,1.26,ASMI,FAILURE
23.071,-64.7,13.91,68.36,15.11,ASMI,NORMAL
25.975,-75.65,19.58,95.81,7.94,ASMI,WARNING
7.907,-38.8,15.94,45.61,8.61,ASMI,NORMAL
20.643,-66.93,15.35,81.78,7.9,ASMI,NORMAL
18.424,-58.19,17.79,28.05,12.8,ASMI,WARNING
25.915,-72.6,16.0,86.67,14.56,ASMI,NORMAL
13.188,-45.35,20.0,78.89,6.93,ASMI,WARNING
2.03,-35.0,20.0,50.33,17.55,ASMI,FAILURE
17.438,-49.57,20.0,90.54,3.2,ASMI,WARNING
28.787,-65.45,13.04,13.41,10.68,ASMI,WARNING
0.932,-35.0,19.33,80.73,2.73,ASMI,WARNING
7.588,-42.59,18.76,13.17,5.49,ASMI,NORMAL
9.824,-35.0,20.0,87.85,0.0,ASMI,WARNING
23.092,-84.13,11.79,25.91,0.0,ASMI,NORMAL
10.037,-35.0,20.0,13.45,8.33,ASMI,NORMAL
7.553,-35.0,20.0,37.79,1.71,ASMI,WARNING
19.632,-60.8,14.04,26.09,2.78,ASMI,NORMAL
1.869,-35.0,20.0,68.66,18.23,ASMI,WARNING
5.533,-36.0,20.0,52.51,12.2,ASMI,WARNING
12.537,-36.35,18.54,21.68,5.63,ASMI,FAILURE
10.99,-35.6,16.55,92.45,12.76,ASMI,NORMAL
10.741,-45.03,20.0,43.1,1.1,ASMI,NORMAL
3.702,-35.0,20.0,35.46,0.66,ASMI,WARNING
11.145,-42.45,14.93,72.82,11.84,ASMI,FAILURE
24.041,-77.83,14.46,45.42,4.33,ASMI,FAILURE
12.708,-50.64,18.09,23.1,0.92,ASMI,WARNING
17.792,-57.09,18.36,62.41,1.24,ASMI,WARNING
5.326,-35.0,20.0,12.73,2.23,ASMI,FAILURE
2.556,-35.0,18.9,66.45,13.76,ASMI,FAILURE
26.459,-85.8,16.77,88.08,6.33,ASMI,NORMAL
10.275,-35.0,20.0,33.58,4.38,ASMI,NORMAL
10.835,-55.6,17.77,86.71,9.0,ASMI,NORMAL
26.392,-75.77,11.96,32.05,13.46,ASMI,NORMAL
21.379,-77.61,16.9,28.22,4.44,ASMI,NORMAL
22.81,-68.76,20.0,74.38,0.0,ASMI,WARNING
20.619,-61.85,13.49,15.9,0.0,ASMI,NORMAL
3.621,-35.0,20.0,13.66,8.83,ASMI,NORMAL
28.761,-82.49,10.75,51.04,7.71,ASMI,WARNING
27.32,-72.22,14.01,13.07,16.56,ASMI,NORMAL
7.468,-48.21,20.0,54.7,11.52,ASMI,WARNING
24.218,-68.0,11.46,68.45,10.72,ASMI,WARNING
12.577,-48.02,18.12,30.54,1.65,ASMI,FAILURE
20.671,-51.07,13.35,90.9,5.78,ASMI,WARNING
5.385,-42.04,20.0,28.03,0.0,ASMI,WARNING
16.387,-48.91,15.15,31.37,5.25,ASMI,NORMAL
4.235,-35.0,18.32,92.18,1.31,ASMI,NORMAL
16.317,-58.14,16.59,71.88,8.89,ASMI,WARNING
7.686,-35.0,17.93,57.58,6.59,ASMI,NORMAL
13.848,-39.25,20.0,39.71,13.17,ASMI,WARNING
20.205,-56.72,20.0,79.22,9.23,ASMI,NORMAL
26.374,-76.82,17.02,62.95,4.37,ASMI,NORMAL
5.376,-35.26,20.0,40.77,8.86,ASMI,WARNING
26.851,-83.98,11.9,84.34,13.34,ASMI,WARNING
12.006,-50.06,19.69,81.51,4.17,ASMI,FAILURE
25.392,-72.03,7.85,94.68,2.31,ASMI,FAILURE
15.62,-45.36,14.13,99.54,6.07,ASMI,WARNING
25.935,-80.11,13.25,11.04,12.97,ASMI,WARNING
20.053,-67.78,10.3,38.81,0.0,ASMI,NORMAL
15.507,-48.96,14.38,27.34,2.04,ASMI,WARNING
9.72,-38.91,19.08,29.22,5.82,ASMI,FAILURE
29.083,-84.54,14.24,87.83,0.0,ASMI,NORMAL
24.126,-76.8,8.26,97.74,11.12,ASMI,WARNING
11.745,-39.47,20.0,94.61,0.0,ASMI,WARNING
5.418,-35.0,18.2,72.68,3.19,ASMI,NORMAL
23.496,-70.7,10.98,59.95,11.0,ASMI,WARNING
29.703,-84.4,13.86,67.42,17.23,ASMI,WARNING
8.73,-35.24,19.05,87.01,2.82,ASMI,WARNING
27.518,-85.4,13.54,10.63,9.34,ASMI,WARNING
4.198,-35.0,16.75,48.54,4.48,ASMI,WARNING
28.59,-79.39,12.91,55.59,10.53,ASMI,WARNING
22.487,-63.24,10.32,93.11,1.17,ASMI,WARNING
10.725,-44.34,14.56,25.49,8.37,ASMI,WARNING
9.487,-35.0,20.0,76.99,9.16,ASMI,FAILURE
19.481,-58.64,19.35,93.16,2.66,ASMI,NORMAL
18.008,-44.22,19.92,78.76,14.22,ASMI,NORMAL
27.609,-84.17,12.66,10.93,11.66,ASMI,WARNING
23.104,-64.19,14.58,69.35,8.96,ASMI,NORMAL
16.441,-46.89,17.3,28.86,1.67,ASMI,WARNING
27.863,-82.4,10.6,64.46,0.0,ASMI,WARNING
17.986,-63.57,17.62,61.4,0.0,ASMI,WARNING
25.566,-71.76,12.75,96.13,2.23,ASMI,WARNING
25.308,-66.69,13.79,27.13,0.0,ASMI,WARNING
27.616,-88.89,6.73,14.55,11.41,ASMI,WARNING
2.494,-35.0,20.0,65.01,11.3,ASMI,WARNING
17.723,-56.33,18.1,40.95,15.69,ASMI,WARNING
14.318,-41.97,20.0,77.52,17.19,ASMI,NORMAL
14.971,-57.92,15.46,99.39,1.11,ASMI,WARNING
14.067,-44.21,20.0,46.12,1.7,ASMI,WARNING
25.205,-84.74,7.1,23.67,11.5,ASMI,WARNING
9.894,-38.09,16.99,59.87,9.75,ASMI,NORMAL
14.151,-55.14,16.07,41.16,3.64,ASMI,NORMAL
6.42,-38.97,19.3,81.52,17.96,ASMI,NORMAL
7.926,-45.09,20.0,58.09,6.38,ASMI,WARNING
19.982,-63.03,16.78,91.74,0.0,ASMI,NORMAL
3.95,-35.0,16.27,85.44,7.93,ASMI,WARNING
6.041,-35.0,20.0,92.27,12.96,ASMI,FAILURE
16.077,-61.91,19.26,36.91,3.74,ASMI,WARNING
1.791,-35.0,20.0,91.25,10.08,ASMI,WARNING
4.244,-35.0,18.06,87.98,15.01,ASMI,NORMAL
25.969,-79.12,9.24,66.43,0.66,ASMI,FAILURE
25.461,-71.98,13.12,91.94,9.22,ASMI,WARNING
10.759,-39.39,20.0,14.88,15.47,ASMI,WARNING
10.766,-35.0,20.0,80.71,7.93,ASMI,NORMAL
28.127,-79.14,9.25,23.1,19.71,ASMI,WARNING
1.262,-35.0,19.66,40.68,0.0,ASMI,WARNING
17.619,-53.47,20.0,75.66,6.79,ASMI,WARNING
18.123,-48.39,18.51,28.87,7.76,ASMI,FAILURE
23.743,-70.95,20.0,30.81,13.81,ASMI,WARNING
28.577,-86.57,10.7,29.08,10.61,ASMI,NORMAL
10.997,-46.49,20.0,51.06,0.0,ASMI,NORMAL
13.416,-46.0,16.58,17.29,11.82,ASMI,NORMAL
20.303,-67.28,4.32,89.79,5.65,ASMI,NORMAL
29.035,-76.97,12.63,75.68,4.87,ASMI,FAILURE
26.778,-70.96,10.66,56.22,16.83,ASMI,WARNING
20.178,-63.57,11.8,17.58,6.55,ASMI,NORMAL
25.773,-65.38,16.27,21.19,5.78,ASMI,WARNING
3.014,-35.0,20.0,18.86,11.77,ASMI,NORMAL
11.625,-49.04,18.83,11.33,0.0,ASMI,FAILURE
0.886,-35.0,16.07,70.04,5.59,ASMI,NORMAL
5.735,-42.41,18.02,55.91,13.98,ASMI,WARNING
19.1,-57.32,20.0,44.39,0.54,ASMI,NORMAL
26.624,-76.17,9.14,41.28,10.56,ASMI,WARNING
19.167,-61.11,12.89,51.52,4.57,ASMI,WARNING
20.092,-50.1,20.0,52.75,3.97,ASMI,FAILURE
3.563,-35.0,20.0,22.52,14.72,ASMI,NORMAL
20.113,-59.24,16.25,57.84,11.29,ASMI,WARNING
13.903,-41.63,20.0,14.32,15.29,ASMI,FAILURE
19.717,-51.96,14.56,94.48,2.03,ASMI,WARNING
10.122,-48.17,14.6,74.28,8.49,ASMI,WARNING
17.654,-59.69,11.45,10.85,7.93,ASMI,NORMAL
13.01,-46.71,20.0,35.99,14.38,ASMI,WARNING
16.98,-58.3,11.64,98.44,14.65,ASMI,WARNING
4.839,-37.05,20.0,14.36,17.49,ASMI,WARNING
12.177,-35.0,19.38,23.21,6.59,ASMI,FAILURE
11.541,-47.4,20.0,52.94,11.59,ASMI,NORMAL
22.224,-61.28,15.79,41.81,17.85,ASMI,WARNING
21.339,-62.42,11.65,98.67,8.33,ASMI,WARNING
27.311,-80.34,12.75,58.56,8.9,ASMI,WARNING
19.146,-61.88,16.54,94.71,1.03,ASMI,WARNING
9.779,-35.0,18.51,43.91,0.0,ASMI,FAILURE
23.605,-79.04,11.27,34.49,8.12,ASMI,WARNING
15.161,-56.91,19.42,35.96,1.07,ASMI,FAILURE
6.208,-35.07,20.0,67.29,9.58,ASMI,NORMAL
22.549,-76.07,12.9,64.36,3.97,ASMI,NORMAL
4.41,-35.0,20.0,59.82,5.05,ASMI,NORMAL
5.756,-35.0,20.0,27.02,0.46,ASMI,WARNING
22.883,-62.74,14.38,33.71,16.89,ASMI,WARNING
23.219,-69.75,14.57,36.02,17.04,ASMI,WARNING
23.828,-62.23,13.09,87.96,6.79,ASMI,WARNING
9.153,-35.49,19.37,83.56,0.53,ASMI,NORMAL
26.064,-66.79,17.36,28.45,5.07,ASMI,NORMAL
21.819,-52.74,10.9,23.18,0.0,ASMI,NORMAL
25.102,-69.57,12.83,19.19,11.81,ASMI,WARNING
21.404,-51.33,17.88,16.09,7.74,ASMI,NORMAL
17.598,-54.85,19.56,98.62,2.9,ASMI,WARNING
3.727,-35.0,20.0,83.02,8.62,ASMI,WARNING
21.473,-63.31,17.63,11.52,4.34,ASMI,NORMAL
20.869,-59.01,16.71,10.6,0.0,ASMI,NORMAL
9.718,-35.0,17.07,72.09,9.74,ASMI,FAILURE
22.207,-73.49,11.78,38.01,10.64,ASMI,NORMAL
16.738,-56.64,16.44,18.91,2.1,ASMI,FAILURE
17.002,-58.84,17.04,51.76,9.66,ASMI,WARNING
11.344,-50.17,16.7,11.7,1.03,ASMI,WARNING
3.945,-35.0,18.9,48.24,7.03,ASMI,WARNING
6.899,-35.0,20.0,31.38,3.01,ASMI,NORMAL
23.181,-70.37,13.06,33.84,14.29,ASMI,WARNING
8.508,-39.0,20.0,35.76,15.9,ASMI,NORMAL
0.566,-35.0,20.0,37.69,12.19,ASMI,NORMAL
29.912,-83.58,15.5,11.8,8.26,ASMI,FAILURE
6.715,-45.23,20.0,61.32,0.0,ASMI,WARNING
19.834,-75.05,14.78,59.31,8.35,ASMI,FAILURE
27.844,-83.08,12.64,68.57,12.31,ASMI,WARNING
18.192,-64.71,15.32,24.39,12.06,ASMI,WARNING
24.071,-65.56,11.37,99.53,15.61,ASMI,NORMAL
29.303,-81.71,10.44,22.22,3.66,ASMI,WARNING
25.881,-70.29,10.19,83.04,0.0,ASMI,WARNING
16.958,-53.67,14.65,29.83,0.95,ASMI,NORMAL
11.229,-55.21,15.56,49.51,1.65,ASMI,WARNING
14.733,-57.74,18.53,39.18,0.06,ASMI,NORMAL
25.334,-73.16,12.21,37.69,10.37,ASMI,WARNING
25.674,-88.1,7.84,53.79,15.45,ASMI,FAILURE
25.453,-81.33,10.44,31.57,0.17,ASMI,WARNING
18.118,-62.47,19.39,59.22,9.19,ASMI,NORMAL
14.57,-39.09,16.4,32.56,0.0,ASMI,WARNING
9.684,-35.0,20.0,97.56,5.35,ASMI,FAILURE
0.599,-35.0,20.0,31.55,2.72,ASMI,WARNING
23.052,-68.25,17.18,78.82,14.18,ASMI,NORMAL
8.671,-40.65,17.57,52.27,9.61,ASMI,WARNING
10.225,-36.72,17.83,13.41,9.62,ASMI,WARNING
25.383,-73.01,10.44,23.74,0.0,ASMI,WARNING
2.041,-35.0,20.0,93.57,9.55,ASMI,WARNING
27.865,-78.26,12.45,83.83,3.26,ASMI,FAILURE
0.54,-35.0,17.89,22.97,3.28,ASMI,NORMAL
28.205,-80.58,8.57,14.59,0.0,ASMI,NORMAL
13.915,-37.24,18.49,23.74,2.24,ASMI,NORMAL
3.513,-35.0,19.36,62.55,9.68,ASMI,WARNING
20.388,-74.24,10.92,67.02,0.0,ASMI,WARNING
26.928,-76.36,12.6,44.1,12.47,ASMI,NORMAL
13.423,-58.55,15.97,35.28,10.28,ASMI,FAILURE
20.895,-65.38,10.95,28.62,8.17,ASMI,NORMAL
29.391,-91.14,8.08,49.5,16.51,ASMI,WARNING
7.601,-35.0,20.0,12.03,0.0,ASMI,NORMAL
24.703,-77.21,13.7,10.78,1.64,ASMI,NORMAL
9.209,-35.0,18.59,81.8,6.01,ASMI,WARNING
13.077,-59.51,18.01,57.73,0.0,ASMI,WARNING
8.812,-53.65,20.0,80.31,6.81,ASMI,NORMAL
13.657,-42.73,19.04,20.25,4.95,ASMI,WARNING
0.65,-35.0,20.0,83.38,1.26,ASMI,FAILURE
9.451,-35.0,20.0,93.05,3.5,ASMI,WARNING
13.636,-56.27,18.44,58.0,15.38,ASMI,FAILURE
19.151,-62.23,13.79,19.49,12.98,ASMI,FAILURE
19.302,-63.67,10.16,21.09,14.85,ASMI,WARNING
17.722,-60.34,12.14,27.48,7.23,ASMI,WARNING
9.144,-35.0,16.59,26.67,5.86,ASMI,FAILURE
28.448,-81.1,14.08,95.04,12.85,ASMI,WARNING
12.063,-49.62,17.02,82.03,2.27,ASMI,WARNING
6.898,-35.0,20.0,38.63,2.28,ASMI,WARNING
16.858,-60.49,20.0,83.49,5.28,ASMI,WARNING
22.593,-75.26,8.45,79.49,13.09,ASMI,WARNING
0.861,-35.0,20.0,41.97,11.84,ASMI,NORMAL
8.652,-35.0,20.0,12.7,9.0,ASMI,FAILURE
24.837,-83.84,5.53,10.79,3.29,ASMI,NORMAL
15.457,-49.46,18.83,39.31,0.0,ASMI,WARNING
12.55,-48.84,14.87,14.09,4.65,ASMI,NORMAL
27.962,-72.02,7.28,20.9,13.67,ASMI,WARNING
3.141,-39.98,13.58,32.9,3.67,ASMI,WARNING
18.659,-51.34,15.15,26.11,6.35,ASMI,WARNING
10.595,-44.19,17.25,23.03,0.0,ASMI,NORMAL
2.589,-35.0,20.0,33.59,2.56,ASMI,NORMAL
6.805,-35.0,14.48,76.32,9.08,ASMI,WARNING
19.024,-62.18,13.48,50.0,6.67,ASMI,NORMAL
1.334,-38.15,20.0,69.69,3.66,ASMI,NORMAL
17.971,-49.85,18.87,93.59,9.38,ASMI,WARNING
28.727,-86.97,7.0,10.12,3.32,ASMI,NORMAL
23.955,-80.59,16.07,95.61,8.31,ASMI,WARNING
10.695,-38.62,15.71,35.12,3.7,ASMI,NORMAL
4.577,-35.0,15.63,35.88,6.44,ASMI,FAILURE
14.219,-52.56,17.76,66.65,0.0,ASMI,FAILURE
12.092,-47.65,15.62,42.48,14.51,ASMI,NORMAL
29.166,-77.47,14.15,17.24,0.39,ASMI,FAILURE
29.701,-79.92,8.94,74.03,17.68,ASMI,WARNING
12.612,-48.66,19.77,26.49,2.54,ASMI,WARNING
4.889,-42.07,20.0,93.64,4.36,ASMI,NORMAL
27.363,-78.7,14.73,98.91,0.54,ASMI,NORMAL
23.909,-71.06,12.08,26.31,20.09,ASMI,NORMAL
15.583,-43.56,17.45,77.83,1.64,ASMI,NORMAL
11.278,-46.16,16.82,99.26,11.36,ASMI,WARNING
13.721,-55.04,18.17,95.98,0.41,ASMI,NORMAL
27.105,-74.92,11.37,60.84,0.41,ASMI,NORMAL
5.947,-35.0,18.07,38.08,7.8,ASMI,NORMAL
24.3,-72.21,13.89,11.05,18.44,ASMI,NORMAL
1.037,-35.0,20.0,90.84,0.0,ASMI,FAILURE
27.657,-67.56,15.3,13.2,7.85,ASMI,NORMAL
15.259,-57.41,20.0,61.88,2.17,ASMI,FAILURE
7.189,-35.0,20.0,26.75,11.19,ASMI,NORMAL
0.584,-35.0,20.0,31.78,7.21,ASMI,NORMAL
17.007,-54.61,17.63,12.1,11.92,ASMI,WARNING
7.712,-35.0,20.0,13.32,3.56,ASMI,NORMAL
19.122,-56.54,17.16,41.52,4.66,ASMI,WARNING
8.794,-45.9,15.27,88.98,11.26,ASMI,WARNING
3.097,-35.0,20.0,60.92,12.07,ASMI,NORMAL
15.399,-41.07,20.0,58.45,5.07,ASMI,WARNING
17.152,-63.6,17.02,65.83,4.73,ASMI,WARNING
13.851,-46.29,16.66,58.18,14.39,ASMI,NORMAL
14.012,-44.49,17.78,37.38,0.0,ASMI,WARNING
17.895,-60.76,17.66,89.2,5.34,ASMI,WARNING
16.027,-45.98,16.33,52.8,3.49,ASMI,WARNING
4.411,-37.85,19.44,77.74,2.33,ASMI,NORMAL
6.314,-35.0,18.83,92.08,7.76,ASMI,FAILURE
4.683,-35.04,20.0,10.34,16.23,ASMI,NORMAL
20.952,-63.96,16.38,53.03,3.69,ASMI,NORMAL
16.094,-43.6,20.0,64.42,2.12,ASMI,FAILURE
13.181,-48.19,14.84,55.22,1.19,ASMI,NORMAL
24.051,-68.31,12.57,91.22,0.0,ASMI,NORMAL
10.111,-38.39,18.21,94.6,9.54,ASMI,FAILURE
17.259,-44.88,16.98,22.09,5.47,ASMI,FAILURE
2.695,-35.0,20.0,37.22,0.0,ASMI,WARNING
22.46,-66.48,12.79,33.75,9.7,ASMI,NORMAL
21.008,-64.05,11.56,54.71,17.37,ASMI,WARNING
24.17,-66.33,15.28,44.39,8.14,ASMI,NORMAL
26.592,-83.77,4.59,42.33,14.5,ASMI,WARNING
22.862,-71.28,12.05,58.05,4.32,ASMI,WARNING
25.412,-70.15,17.18,54.11,6.55,ASMI,WARNING
10.697,-51.66,20.0,51.88,4.17,ASMI,WARNING
10.628,-43.13,20.0,20.19,7.67,ASMI,NORMAL
28.357,-86.63,9.45,58.53,1.51,ASMI,WARNING
27.48,-64.73,17.07,15.31,10.04,ASMI,WARNING
16.681,-50.04,20.0,65.47,1.54,ASMI,NORMAL
11.313,-47.14,19.6,66.11,4.92,ASMI,NORMAL
26.047,-61.11,18.23,33.45,8.38,ASMI,FAILURE
10.041,-38.18,20.0,22.18,0.0,ASMI,FAILURE
5.032,-35.0,20.0,81.84,5.99,ASMI,WARNING
19.365,-58.76,14.04,79.33,10.29,ASMI,NORMAL
1.757,-36.71,15.17,95.14,0.0,ASMI,FAILURE
11.684,-46.07,20.0,50.17,9.87,ASMI,NORMAL
24.326,-78.48,9.8,38.4,3.32,ASMI,NORMAL
9.209,-45.14,20.0,37.23,0.0,ASMI,NORMAL
27.974,-81.69,8.12,26.22,15.17,ASMI,NORMAL
28.697,-89.44,8.55,41.48,7.78,ASMI,WARNING
24.567,-71.12,16.16,21.5,0.0,ASMI,FAILURE
29.635,-91.28,3.6,88.48,4.98,ASMI,WARNING
16.158,-47.55,20.0,41.22,1.32,ASMI,WARNING
17.291,-57.9,12.37,59.26,4.34,ASMI,WARNING
25.167,-71.54,12.03,15.99,15.82,ASMI,NORMAL
15.038,-54.09,16.38,35.27,3.78,ASMI,FAILURE
12.498,-41.0,18.9,30.12,4.43,ASMI,NORMAL
18.635,-67.09,12.05,89.83,3.1,ASMI,NORMAL
19.901,-64.53,19.99,26.2,0.0,ASMI,WARNING
22.651,-61.55,13.91,81.6,4.65,ASMI,FAILURE
20.212,-66.81,17.73,35.44,7.27,ASMI,NORMAL
22.499,-63.66,12.21,29.0,8.56,ASMI,WARNING
20.4,-64.23,10.58,10.87,12.27,ASMI,NORMAL
14.673,-57.44,18.82,36.24,10.13,ASMI,FAILURE
4.481,-35.0,20.0,16.33,4.12,ASMI,WARNING
23.671,-78.73,12.58,42.59,1.61,ASMI,NORMAL
1.408,-35.0,20.0,14.76,0.0,ASMI,FAILURE
29.779,-92.05,8.93,15.78,0.0,ASMI,NORMAL
24.94,-78.33,13.04,41.91,0.0,ASMI,FAILURE
20.292,-67.61,12.59,50.32,9.4,ASMI,NORMAL
29.015,-81.28,10.3,39.92,7.35,ASMI,WARNING
18.568,-64.81,18.58,12.13,17.06,ASMI,WARNING
2.165,-35.0,20.0,26.03,6.38,ASMI,WARNING
17.002,-67.97,17.64,94.51,12.99,ASMI,NORMAL
8.678,-35.0,18.48,61.46,7.8,ASMI,WARNING
11.4,-42.21,18.32,86.86,0.0,ASMI,FAILURE
14.058,-50.75,13.0,14.62,4.28,ASMI,NORMAL
23.351,-73.23,18.11,10.68,0.0,ASMI,NORMAL
15.336,-68.45,18.32,80.36,7.82,KAVIN,NORMAL
14.503,-39.98,20.0,44.6,10.84,KAVIN,NORMAL
9.408,-35.0,20.0,43.22,5.75,KAVIN,NORMAL
16.426,-54.02,19.05,31.44,0.0,KAVIN,WARNING
7.828,-35.0,18.34,24.45,13.76,KAVIN,WARNING
8.199,-47.12,15.4,84.56,10.92,KAVIN,NORMAL
22.839,-67.12,15.2,15.53,13.42,KAVIN,FAILURE
10.605,-51.99,19.66,54.85,0.41,KAVIN,FAILURE
2.016,-35.0,20.0,42.44,16.28,KAVIN,NORMAL
10.638,-39.06,20.0,34.79,0.0,KAVIN,FAILURE
19.338,-61.69,18.16,78.47,0.2,KAVIN,NORMAL
24.513,-64.97,17.83,89.11,13.49,KAVIN,WARNING
28.877,-78.84,9.06,27.55,10.92,KAVIN,NORMAL
22.514,-54.34,10.43,16.93,7.81,KAVIN,WARNING
13.151,-42.77,16.05,43.75,6.27,KAVIN,FAILURE
9.324,-37.87,20.0,49.61,0.0,KAVIN,NORMAL
4.324,-35.0,14.68,14.78,11.59,KAVIN,FAILURE
19.017,-60.79,16.1,52.3,9.81,KAVIN,WARNING
15.542,-58.14,19.08,95.6,8.89,KAVIN,NORMAL
20.492,-55.82,16.85,44.71,7.4,KAVIN,FAILURE
7.495,-35.0,20.0,91.0,11.73,KAVIN,WARNING
10.048,-35.0,19.4,86.37,4.82,KAVIN,WARNING
9.117,-35.0,20.0,49.29,13.14,KAVIN,NORMAL
24.031,-76.75,12.35,73.59,16.86,KAVIN,WARNING
5.551,-35.0,18.48,28.82,0.0,KAVIN,NORMAL
18.45,-63.79,11.65,22.16,0.01,KAVIN,WARNING
2.015,-35.0,16.35,10.19,0.0,KAVIN,WARNING
16.711,-50.77,20.0,16.6,10.43,KAVIN,WARNING
2.385,-35.0,20.0,66.55,6.1,KAVIN,WARNING
5.688,-49.73,15.21,89.69,10.25,KAVIN,WARNING
3.834,-35.0,17.68,98.01,15.23,KAVIN,FAILURE
10.728,-44.71,19.11,53.42,4.84,KAVIN,WARNING
10.64,-42.09,20.0,22.64,0.0,KAVIN,WARNING
24.879,-84.78,9.34,10.01,0.0,KAVIN,WARNING
7.158,-42.31,17.64,98.64,0.0,KAVIN,NORMAL
3.048,-35.0,20.0,83.6,9.33,KAVIN,WARNING
18.304,-60.74,15.61,57.13,11.77,KAVIN,FAILURE
20.78,-62.83,13.49,32.1,2.75,KAVIN,NORMAL
9.197,-36.65,20.0,56.59,6.78,KAVIN,NORMAL
18.283,-59.84,8.67,85.47,8.88,KAVIN,NORMAL
23.394,-69.28,15.2,60.04,0.0,KAVIN,NORMAL
10.753,-48.42,20.0,99.6,9.81,KAVIN,NORMAL
15.998,-41.46,18.6,19.61,10.61,KAVIN,WARNING
4.826,-37.28,20.0,98.43,4.98,KAVIN,WARNING
1.198,-36.6,18.5,62.62,0.0,KAVIN,NORMAL
29.45,-80.66,12.2,61.12,10.47,KAVIN,FAILURE
9.342,-36.78,17.67,42.32,1.86,KAVIN,WARNING
8.728,-35.0,20.0,13.68,0.0,KAVIN,FAILURE
29.211,-97.34,7.76,78.44,4.14,KAVIN,NORMAL
21.983,-70.55,10.19,34.83,12.7,KAVIN,NORMAL
17.766,-66.69,15.97,41.5,4.41,KAVIN,WARNING
21.13,-65.45,15.92,58.03,7.31,KAVIN,WARNING
21.443,-54.92,16.32,15.13,0.0,KAVIN,NORMAL
23.018,-71.31,10.33,10.97,5.79,KAVIN,WARNING
2.482,-35.0,20.0,19.44,3.32,KAVIN,WARNING
12.679,-45.0,19.85,76.18,5.68,KAVIN,FAILURE
9.206,-35.0,20.0,27.15,1.15,KAVIN,NORMAL
2.582,-35.0,17.56,56.28,14.53,KAVIN,NORMAL
12.672,-40.08,20.0,26.73,2.63,KAVIN,NORMAL
18.677,-64.31,20.0,35.63,6.28,KAVIN,WARNING
5.766,-35.0,20.0,13.41,3.74,KAVIN,NORMAL
9.498,-43.93,19.7,42.98,4.02,KAVIN,NORMAL
19.356,-70.82,10.66,22.27,5.7,KAVIN,WARNING
17.59,-48.72,20.0,60.23,11.54,KAVIN,NORMAL
26.129,-63.44,13.9,85.26,16.49,KAVIN,NORMAL
23.841,-49.51,16.8,89.05,12.79,KAVIN,WARNING
28.986,-88.45,15.43,94.0,10.77,KAVIN,WARNING
18.117,-56.91,20.0,21.15,8.93,KAVIN,NORMAL
21.105,-65.3,15.42,56.48,9.67,KAVIN,FAILURE
25.885,-75.88,12.01,20.33,9.14,KAVIN,WARNING
25.28,-76.8,7.19,37.58,7.7,KAVIN,WARNING
21.702,-71.03,15.19,30.82,10.02,KAVIN,FAILURE
15.258,-48.83,18.21,11.12,14.07,KAVIN,NORMAL
8.56,-45.33,20.0,93.86,12.62,KAVIN,FAILURE
26.378,-72.71,5.39,80.35,12.72,KAVIN,NORMAL
23.411,-80.94,8.66,56.71,2.13,KAVIN,NORMAL
25.218,-77.13,10.77,41.04,0.39,KAVIN,WARNING
4.653,-35.0,20.0,47.04,9.02,KAVIN,WARNING
9.787,-40.57,19.73,28.47,2.72,KAVIN,WARNING
13.034,-42.02,17.75,97.14,0.0,KAVIN,NORMAL
25.231,-77.97,12.75,35.69,17.48,KAVIN,FAILURE
26.84,-84.23,15.91,16.72,6.16,KAVIN,FAILURE
8.904,-39.48,20.0,60.8,0.9,KAVIN,WARNING
20.75,-59.7,18.03,77.39,5.18,KAVIN,NORMAL
2.796,-35.0,20.0,97.42,9.85,KAVIN,NORMAL
12.582,-47.3,17.9,65.94,3.09,KAVIN,WARNING
14.857,-60.02,15.0,26.6,0.0,KAVIN,NORMAL
23.086,-79.13,12.28,45.2,16.02,KAVIN,WARNING
26.813,-85.52,14.45,38.5,5.0,KAVIN,FAILURE
10.45,-40.34,20.0,11.76,6.6,KAVIN,NORMAL
16.068,-58.34,19.09,45.3,12.66,KAVIN,WARNING
19.6,-67.1,15.07,81.97,7.37,KAVIN,NORMAL
10.196,-43.3,20.0,46.48,5.54,KAVIN,FAILURE
29.573,-82.7,10.1,86.66,12.51,KAVIN,NORMAL
26.335,-70.65,17.3,76.86,0.0,KAVIN,FAILURE
9.244,-38.23,20.0,74.74,0.0,KAVIN,FAILURE
15.484,-49.48,17.8,44.29,7.13,KAVIN,WARNING
7.31,-35.0,18.55,14.8,0.0,KAVIN,WARNING
15.678,-49.81,16.4,89.42,18.11,KAVIN,NORMAL
20.658,-50.42,13.67,67.45,5.38,KAVIN,NORMAL
3.023,-35.0,19.57,18.15,13.12,KAVIN,WARNING
26.168,-74.8,8.61,17.34,5.4,KAVIN,NORMAL
18.016,-49.25,15.16,65.28,12.08,KAVIN,WARNING
29.693,-93.56,10.52,48.0,11.65,KAVIN,NORMAL
1.255,-35.0,19.16,27.16,4.29,KAVIN,WARNING
25.029,-85.96,7.18,31.55,6.72,KAVIN,NORMAL
23.863,-74.3,13.22,44.72,11.12,KAVIN,NORMAL
4.419,-35.0,20.0,77.52,12.62,KAVIN,NORMAL
10.392,-38.32,15.25,27.73,4.31,KAVIN,NORMAL
26.601,-76.11,14.11,73.21,0.58,KAVIN,NORMAL
15.794,-60.01,17.36,26.11,21.03,KAVIN,WARNING
12.338,-46.17,13.99,78.74,7.87,KAVIN,NORMAL
27.212,-60.16,20.0,91.02,11.97,KAVIN,WARNING
3.254,-44.63,20.0,49.85,2.2,KAVIN,NORMAL
14.457,-48.61,20.0,67.72,11.23,KAVIN,NORMAL
19.745,-68.59,11.56,33.97,6.35,KAVIN,WARNING
18.452,-52.03,12.36,93.49,6.34,KAVIN,WARNING
8.296,-35.0,17.77,48.33,5.25,KAVIN,WARNING
17.118,-61.51,18.61,54.7,6.88,KAVIN,WARNING
21.403,-57.39,16.56,33.53,14.68,KAVIN,WARNING
17.754,-61.09,18.46,27.46,11.07,KAVIN,NORMAL
20.692,-52.25,19.31,30.47,11.14,KAVIN,NORMAL
8.054,-39.69,20.0,52.82,0.3,KAVIN,FAILURE
25.069,-82.86,16.91,22.38,4.62,KAVIN,FAILURE
13.766,-53.84,17.31,44.91,13.86,KAVIN,WARNING
29.623,-79.42,13.8,44.38,5.17,KAVIN,WARNING
1.187,-35.0,17.41,48.98,10.7,KAVIN,NORMAL
11.719,-51.18,14.39,47.98,9.1,KAVIN,WARNING
5.824,-43.19,20.0,34.7,7.29,KAVIN,NORMAL
16.89,-48.54,16.42,43.01,13.67,KAVIN,WARNING
7.675,-35.0,20.0,91.21,18.51,KAVIN,FAILURE
22.256,-61.17,11.95,13.37,0.0,KAVIN,WARNING
26.515,-71.4,10.3,17.9,3.42,KAVIN,WARNING
6.721,-39.9,20.0,93.6,6.66,KAVIN,WARNING
5.24,-35.0,20.0,34.39,4.26,KAVIN,WARNING
26.323,-81.5,11.35,37.38,9.81,KAVIN,NORMAL
11.158,-48.91,20.0,40.97,14.8,KAVIN,NORMAL
13.32,-53.15,17.09,19.3,0.86,KAVIN,WARNING
7.019,-45.7,18.55,79.21,5.0,KAVIN,NORMAL
13.047,-57.8,17.07,24.69,15.39,KAVIN,FAILURE
7.323,-35.0,20.0,73.16,12.78,KAVIN,NORMAL
20.145,-64.66,15.1,30.93,3.35,KAVIN,FAILURE
15.217,-56.77,20.0,71.39,1.19,KAVIN,WARNING
23.748,-69.8,18.97,97.47,12.88,KAVIN,WARNING
9.725,-48.47,16.82,55.87,0.0,KAVIN,NORMAL
15.415,-47.62,15.8,38.7,12.06,KAVIN,WARNING
8.156,-38.32,13.89,44.02,16.47,KAVIN,NORMAL
28.067,-87.84,8.81,44.55,0.0,KAVIN,WARNING
15.897,-57.74,13.94,21.28,3.57,KAVIN,WARNING
5.617,-35.0,20.0,83.69,0.0,KAVIN,NORMAL
8.547,-35.0,20.0,44.13,7.61,KAVIN,NORMAL
2.946,-35.0,20.0,74.61,0.0,KAVIN,NORMAL
1.321,-35.0,20.0,34.33,2.21,KAVIN,WARNING
16.015,-62.83,13.71,42.08,17.14,KAVIN,WARNING
10.445,-44.8,15.79,89.82,0.92,KAVIN,WARNING
28.931,-76.9,9.54,48.25,11.33,KAVIN,NORMAL
5.554,-35.0,19.98,41.79,3.91,KAVIN,WARNING
23.92,-79.63,12.17,38.23,14.01,KAVIN,NORMAL
9.821,-46.6,20.0,90.36,11.16,KAVIN,WARNING
7.094,-35.0,18.69,48.06,12.05,KAVIN,NORMAL
29.104,-82.07,10.69,88.94,0.0,KAVIN,NORMAL
24.176,-67.92,17.45,37.03,9.45,KAVIN,WARNING
19.103,-53.95,16.51,98.05,8.11,KAVIN,FAILURE
21.065,-59.27,17.48,55.25,14.25,KAVIN,WARNING
29.746,-79.46,16.59,24.82,13.81,KAVIN,WARNING
18.0,-67.77,16.54,48.17,7.7,KAVIN,WARNING
3.506,-35.0,19.76,71.36,15.77,KAVIN,NORMAL
2.414,-35.27,20.0,89.9,6.81,KAVIN,NORMAL
20.165,-59.71,18.17,21.44,7.94,KAVIN,NORMAL
19.899,-73.18,13.6,60.26,15.57,KAVIN,WARNING
22.571,-68.06,17.43,57.94,0.94,KAVIN,WARNING
3.709,-35.0,20.0,39.55,13.96,KAVIN,FAILURE
28.375,-78.54,12.54,46.77,12.66,KAVIN,NORMAL
16.759,-53.04,20.0,37.41,5.59,KAVIN,WARNING
19.662,-67.12,11.31,37.22,7.23,KAVIN,NORMAL
1.528,-35.0,20.0,58.0,10.01,KAVIN,NORMAL
28.849,-78.42,9.15,15.4,9.44,KAVIN,WARNING
17.096,-58.32,15.31,53.32,0.74,KAVIN,NORMAL
17.119,-66.96,19.24,39.19,3.11,KAVIN,FAILURE
28.335,-73.44,10.11,51.79,14.0,KAVIN,WARNING
27.916,-75.95,10.5,97.75,10.56,KAVIN,WARNING
6.999,-35.0,20.0,76.71,9.27,KAVIN,NORMAL
27.967,-84.95,9.41,87.53,6.95,KAVIN,FAILURE
22.23,-65.71,19.72,43.43,14.01,KAVIN,WARNING
1.058,-35.0,20.0,73.52,14.31,KAVIN,WARNING
7.575,-35.0,20.0,51.68,8.8,KAVIN,FAILURE
12.683,-38.19,17.79,63.74,0.0,KAVIN,WARNING
17.693,-67.79,15.11,49.42,3.12,KAVIN,WARNING
21.189,-66.67,7.53,21.85,12.99,KAVIN,NORMAL
6.701,-36.37,20.0,95.26,1.58,KAVIN,NORMAL
25.183,-68.38,11.78,73.57,18.97,KAVIN,WARNING
25.449,-76.47,9.33,64.05,14.38,KAVIN,WARNING
19.232,-60.28,15.42,60.47,11.11,KAVIN,NORMAL
27.672,-61.46,9.7,75.06,15.18,KAVIN,FAILURE
24.483,-63.51,15.16,57.93,0.0,KAVIN,NORMAL
7.038,-42.64,20.0,29.43,3.42,KAVIN,WARNING
24.061,-78.14,9.42,10.66,10.79,KAVIN,WARNING
28.619,-87.74,9.15,44.48,17.18,KAVIN,WARNING
4.559,-35.0,19.95,60.73,1.45,KAVIN,WARNING
29.372,-81.58,14.85,43.46,11.68,KAVIN,NORMAL
1.237,-35.0,20.0,58.0,10.09,KAVIN,WARNING
15.904,-47.7,17.09,69.84,2.32,KAVIN,NORMAL
23.33,-70.28,12.42,82.89,4.7,KAVIN,NORMAL
23.818,-73.42,13.91,36.88,2.46,KAVIN,NORMAL
22.173,-62.68,17.14,66.99,8.93,KAVIN,NORMAL
16.116,-51.02,19.29,90.26,16.92,KAVIN,WARNING
19.703,-50.46,20.0,23.72,5.74,KAVIN,NORMAL
21.148,-70.87,16.64,72.14,0.0,KAVIN,WARNING
15.089,-43.05,17.56,92.3,4.49,KAVIN,WARNING
18.073,-53.92,20.0,70.42,1.34,KAVIN,NORMAL
25.468,-68.32,18.81,18.33,7.59,KAVIN,WARNING
9.73,-47.77,20.0,35.48,15.95,KAVIN,FAILURE
15.935,-51.31,20.0,27.05,7.31,KAVIN,NORMAL
0.75,-35.0,20.0,92.11,0.0,KAVIN,NORMAL
20.779,-66.62,19.61,99.28,0.0,KAVIN,NORMAL
6.264,-35.0,18.21,48.96,11.13,KAVIN,NORMAL
14.69,-43.37,20.0,90.66,5.43,KAVIN,FAILURE
6.701,-36.36,19.49,22.16,0.0,KAVIN,WARNING
1.194,-35.0,20.0,10.31,5.84,KAVIN,FAILURE
14.755,-44.52,20.0,61.15,9.06,KAVIN,WARNING
13.033,-44.54,11.51,98.86,12.04,KAVIN,NORMAL
13.042,-37.34,20.0,60.61,11.69,KAVIN,FAILURE
6.66,-35.0,18.8,98.25,0.0,KAVIN,WARNING
28.443,-76.28,14.06,50.57,2.31,KAVIN,WARNING
0.603,-35.0,15.67,44.38,5.9,KAVIN,WARNING
26.801,-72.97,10.19,93.66,8.7,KAVIN,NORMAL
22.239,-70.24,14.42,14.39,0.0,KAVIN,NORMAL
5.576,-35.0,16.48,39.41,12.85,KAVIN,NORMAL
14.43,-50.65,20.0,49.91,9.22,KAVIN,WARNING
29.671,-92.76,7.4,17.82,8.9,KAVIN,NORMAL
19.489,-63.67,14.33,56.54,6.28,KAVIN,FAILURE
4.258,-35.0,20.0,43.78,0.18,KAVIN,NORMAL
14.0,-54.62,11.98,49.33,8.35,KAVIN,WARNING
14.312,-61.74,20.0,71.77,1.1,KAVIN,FAILURE
24.167,-61.84,17.21,16.33,10.65,KAVIN,NORMAL
27.527,-88.08,11.55,96.56,16.63,KAVIN,NORMAL
2.926,-35.0,19.66,57.02,0.0,KAVIN,WARNING
9.764,-45.51,20.0,85.49,0.0,KAVIN,FAILURE
9.304,-35.0,20.0,38.66,0.0,KAVIN,NORMAL
29.883,-72.08,16.62,38.22,11.58,KAVIN,WARNING
16.997,-55.46,17.82,91.34,7.92,KAVIN,WARNING
26.455,-69.74,7.92,20.57,0.51,KAVIN,NORMAL
13.068,-55.98,19.64,19.34,1.33,KAVIN,FAILURE
21.82,-70.39,18.55,72.74,0.29,KAVIN,FAILURE
8.954,-35.0,18.55,51.94,5.07,KAVIN,NORMAL
27.398,-85.48,11.63,74.56,8.19,KAVIN,NORMAL
13.927,-48.21,20.0,48.96,0.0,KAVIN,NORMAL
24.21,-60.02,19.02,29.06,9.86,KAVIN,FAILURE
8.047,-35.86,16.01,74.37,0.84,KAVIN,FAILURE
20.961,-63.34,18.1,13.51,0.93,KAVIN,WARNING
12.452,-35.0,18.99,50.32,0.0,KAVIN,WARNING
1.427,-35.0,19.76,51.28,16.11,KAVIN,WARNING
12.684,-47.05,20.0,17.01,0.0,KAVIN,WARNING
16.726,-50.23,20.0,31.75,4.99,KAVIN,WARNING
4.977,-35.0,20.0,33.4,0.0,KAVIN,WARNING
5.925,-35.0,20.0,90.37,8.72,KAVIN,NORMAL
14.213,-58.81,19.05,56.14,5.48,KAVIN,NORMAL
10.611,-35.0,20.0,70.37,6.89,KAVIN,NORMAL
13.502,-54.12,20.0,14.94,0.0,KAVIN,FAILURE
14.094,-52.69,19.86,19.31,0.71,KAVIN,WARNING
4.632,-35.0,17.71,60.7,2.0,KAVIN,WARNING
5.845,-39.7,20.0,85.16,5.29,KAVIN,NORMAL
25.521,-79.0,13.11,14.77,5.24,KAVIN,WARNING
5.3,-35.0,18.25,98.51,16.77,KAVIN,WARNING
20.144,-57.34,20.0,89.69,6.41,KAVIN,NORMAL
12.847,-48.88,13.53,88.58,6.85,KAVIN,NORMAL
29.063,-68.3,16.71,10.78,10.32,KAVIN,WARNING
2.45,-35.0,20.0,46.58,3.61,KAVIN,WARNING
24.996,-71.43,11.55,81.62,13.21,KAVIN,NORMAL
14.998,-44.3,20.0,78.27,0.27,KAVIN,NORMAL
0.658,-35.0,20.0,41.11,0.0,KAVIN,NORMAL
8.278,-56.15,17.94,88.99,0.0,KAVIN,NORMAL
12.527,-44.55,20.0,67.25,3.09,KAVIN,WARNING
9.769,-38.44,18.28,99.46,10.33,KAVIN,WARNING
11.192,-37.29,16.16,40.13,9.81,KAVIN,WARNING
27.542,-78.61,14.94,67.92,10.66,KAVIN,WARNING
11.148,-42.07,16.94,48.2,3.7,KAVIN,FAILURE
12.855,-42.74,17.76,68.28,13.51,KAVIN,WARNING
22.953,-73.24,9.71,33.38,5.73,KAVIN,WARNING
23.918,-59.85,16.68,44.42,4.76,KAVIN,FAILURE
2.981,-35.0,20.0,93.9,0.49,KAVIN,WARNING
21.27,-58.89,17.74,36.02,0.0,KAVIN,WARNING
14.736,-43.34,18.38,65.86,0.0,KAVIN,WARNING
4.449,-35.0,19.82,92.67,10.75,KAVIN,NORMAL
8.309,-44.13,18.34,53.29,0.0,KAVIN,WARNING
1.829,-35.0,19.54,72.56,6.68,KAVIN,WARNING
11.127,-35.0,20.0,77.32,15.23,KAVIN,WARNING
8.034,-35.0,20.0,58.97,1.14,KAVIN,NORMAL
11.772,-44.85,17.88,44.1,10.42,KAVIN,FAILURE
17.62,-66.71,13.65,82.76,18.05,KAVIN,FAILURE
22.104,-68.87,12.5,59.87,6.89,KAVIN,WARNING
18.358,-63.36,13.17,20.45,14.68,KAVIN,NORMAL
20.512,-67.48,10.23,88.71,15.24,KAVIN,FAILURE
26.036,-74.14,11.99,36.77,12.64,KAVIN,FAILURE
26.278,-80.96,7.84,54.41,4.21,KAVIN,WARNING
25.891,-73.73,10.52,29.24,1.02,KAVIN,FAILURE
5.018,-43.59,20.0,54.34,8.91,KAVIN,WARNING
7.907,-35.23,20.0,21.63,0.0,KAVIN,FAILURE
15.319,-47.44,19.43,60.96,9.39,KAVIN,WARNING
11.083,-48.0,15.91,57.05,1.84,KAVIN,WARNING
4.384,-35.0,20.0,83.66,9.79,KAVIN,WARNING
8.989,-38.87,20.0,60.39,14.91,KAVIN,WARNING
29.275,-69.03,15.99,46.79,5.15,KAVIN,NORMAL
10.734,-44.23,19.72,51.97,0.0,KAVIN,NORMAL
12.858,-46.12,18.71,64.43,5.79,KAVIN,WARNING
0.689,-35.0,18.45,85.56,3.92,KAVIN,FAILURE
21.723,-73.42,11.07,13.76,7.68,KAVIN,FAILURE
12.7,-36.89,18.55,93.39,0.6,KAVIN,NORMAL
3.543,-41.08,16.61,17.55,14.94,KAVIN,WARNING
29.072,-77.53,13.73,41.02,12.71,KAVIN,NORMAL
23.434,-73.45,13.4,40.26,9.58,KAVIN,NORMAL
21.921,-68.42,13.35,57.86,8.25,KAVIN,WARNING
28.757,-86.56,11.15,41.92,10.08,KAVIN,NORMAL
12.521,-41.7,16.74,29.73,4.9,KAVIN,WARNING
21.697,-59.12,13.25,31.91,12.54,KAVIN,WARNING
6.583,-39.48,17.2,98.68,7.64,KAVIN,NORMAL
21.065,-72.18,15.43,85.3,21.09,KAVIN,NORMAL
0.915,-35.0,20.0,82.49,14.85,KAVIN,WARNING
4.226,-35.0,20.0,47.73,0.67,KAVIN,FAILURE
13.045,-35.0,20.0,94.26,4.4,KAVIN,NORMAL
0.857,-35.0,20.0,15.64,7.07,KAVIN,NORMAL
14.128,-42.95,18.15,21.28,12.3,KAVIN,NORMAL
15.922,-49.96,18.75,32.2,7.27,KAVIN,WARNING
18.837,-54.53,20.0,67.75,5.05,KAVIN,FAILURE
3.461,-35.0,20.0,25.02,13.71,KAVIN,WARNING
5.84,-35.0,18.8,40.24,7.89,KAVIN,WARNING
18.592,-60.42,15.54,25.95,14.62,KAVIN,FAILURE
19.917,-73.66,12.17,81.97,10.13,KAVIN,WARNING
1.264,-35.0,16.19,91.83,4.72,KAVIN,WARNING
16.441,-54.08,14.07,86.54,10.75,KAVIN,NORMAL
23.657,-53.52,19.51,12.46,5.35,KAVIN,NORMAL
2.538,-35.0,20.0,38.55,9.12,KAVIN,NORMAL
12.689,-52.89,16.94,67.38,6.25,KAVIN,WARNING
10.132,-44.27,19.84,10.06,12.58,KAVIN,WARNING
27.453,-70.24,14.52,77.17,6.46,KAVIN,FAILURE
5.981,-35.0,20.0,88.19,11.8,KAVIN,WARNING
9.892,-38.36,20.0,16.98,8.13,KAVIN,WARNING
27.004,-87.6,8.78,48.81,11.35,KAVIN,WARNING
10.254,-57.47,17.69,37.25,7.84,KAVIN,WARNING
16.175,-56.49,14.97,95.22,7.85,KAVIN,WARNING
1.475,-35.0,16.66,39.23,3.92,KAVIN,WARNING
29.555,-71.27,15.79,62.28,10.67,KAVIN,WARNING
24.836,-67.4,12.83,10.82,1.05,KAVIN,WARNING
19.215,-63.41,14.34,85.29,6.86,KAVIN,FAILURE
2.292,-35.0,18.97,12.64,14.79,KAVIN,FAILURE
2.709,-35.0,20.0,61.23,4.51,KAVIN,WARNING
16.577,-68.73,10.93,76.66,7.28,KAVIN,NORMAL
8.909,-38.0,20.0,45.7,8.73,KAVIN,WARNING
18.872,-62.84,17.7,12.85,9.04,KAVIN,NORMAL
18.147,-53.68,18.44,91.06,4.8,KAVIN,NORMAL
25.24,-67.83,15.72,42.95,0.0,KAVIN,WARNING
8.801,-42.42,20.0,51.95,11.56,KAVIN,WARNING
17.547,-55.5,14.38,83.18,4.56,KAVIN,NORMAL
23.432,-64.08,14.0,69.46,0.0,KAVIN,WARNING
14.978,-44.43,20.0,39.28,0.79,KAVIN,WARNING
25.004,-82.63,6.34,58.66,4.13,KAVIN,NORMAL
4.373,-35.0,20.0,18.46,5.69,KAVIN,WARNING
22.15,-65.74,15.61,53.31,4.39,KAVIN,WARNING
28.318,-83.23,9.41,48.55,18.13,KAVIN,WARNING
10.291,-47.61,19.38,78.4,4.9,KAVIN,NORMAL
11.307,-45.88,16.64,82.0,13.65,KAVIN,WARNING
2.965,-35.0,19.51,88.5,4.79,KAVIN,NORMAL
19.424,-49.21,20.0,87.15,3.67,KAVIN,FAILURE
16.797,-45.12,18.87,99.85,0.0,KAVIN,WARNING
1.69,-35.0,20.0,73.67,15.5,KAVIN,NORMAL
22.69,-61.35,18.17,65.87,9.95,KAVIN,FAILURE
24.964,-66.69,14.03,23.25,12.41,KAVIN,WARNING
27.26,-78.99,15.52,52.13,5.21,KAVIN,NORMAL
16.599,-46.3,20.0,48.74,9.47,KAVIN,FAILURE
13.851,-35.02,20.0,76.11,13.65,KAVIN,FAILURE
26.346,-79.16,10.85,34.72,15.76,KAVIN,NORMAL
12.262,-54.21,18.63,88.38,0.0,KAVIN,FAILURE
19.836,-62.25,18.82,29.78,5.12,KAVIN,WARNING
18.653,-64.6,14.21,53.52,2.91,KAVIN,WARNING
11.479,-37.64,20.0,94.99,11.49,KAVIN,FAILURE
3.063,-35.0,20.0,40.96,7.45,KAVIN,FAILURE
1.132,-35.0,20.0,75.52,9.63,KAVIN,WARNING
13.133,-38.83,16.59,40.21,7.62,KAVIN,NORMAL
14.695,-42.09,16.83,56.3,10.26,KAVIN,FAILURE
24.769,-69.41,14.19,79.81,0.0,KAVIN,NORMAL
12.725,-51.28,20.0,83.31,6.69,KAVIN,WARNING
8.794,-35.0,18.37,85.82,0.0,KAVIN,NORMAL
14.132,-56.5,17.93,18.96,0.82,KAVIN,WARNING
7.521,-35.0,17.66,86.94,2.09,KAVIN,FAILURE
3.195,-35.0,20.0,23.17,0.0,KAVIN,FAILURE
3.835,-35.0,16.36,34.55,0.0,KAVIN,WARNING
9.915,-45.95,15.39,97.4,0.54,KAVIN,WARNING
0.874,-35.0,20.0,22.98,2.93,KAVIN,FAILURE
6.996,-35.5,20.0,32.6,1.82,KAVIN,NORMAL
23.732,-65.11,17.09,40.22,7.49,KAVIN,NORMAL
7.421,-35.0,18.01,82.56,5.23,KAVIN,WARNING
3.767,-35.0,20.0,38.88,6.92,KAVIN,NORMAL
28.498,-76.93,15.3,84.34,2.38,KAVIN,WARNING
18.863,-53.49,17.72,28.5,10.06,KAVIN,WARNING
2.271,-35.0,17.81,64.09,0.0,KAVIN,WARNING
2.336,-35.0,20.0,96.38,0.0,KAVIN,FAILURE
18.558,-66.64,15.26,13.69,3.82,KAVIN,FAILURE
16.434,-55.19,16.84,91.77,20.68,KAVIN,NORMAL
2.517,-35.0,20.0,24.84,7.63,KAVIN,NORMAL
7.117,-42.95,20.0,62.29,0.0,KAVIN,NORMAL
27.907,-65.76,18.1,14.39,7.87,KAVIN,FAILURE
17.374,-52.9,20.0,61.42,12.73,KAVIN,NORMAL
13.49,-45.25,16.04,65.35,7.54,KAVIN,NORMAL
7.88,-44.58,17.37,82.69,0.0,KAVIN,NORMAL
4.444,-35.0,20.0,47.45,14.15,KAVIN,WARNING
12.378,-50.99,18.45,92.42,11.06,KAVIN,FAILURE
27.71,-85.22,13.21,43.34,13.58,KAVIN,WARNING
1.937,-35.0,19.16,18.24,5.59,KAVIN,NORMAL
29.734,-82.73,10.9,44.81,15.34,KAVIN,NORMAL
6.63,-37.61,19.59,37.56,2.52,KAVIN,NORMAL
12.559,-46.01,18.36,50.18,2.44,KAVIN,NORMAL
1.829,-35.0,19.33,27.96,3.53,KAVIN,NORMAL
17.751,-60.67,15.74,43.33,10.03,KAVIN,WARNING
14.765,-46.92,20.0,89.76,10.13,KAVIN,WARNING
20.168,-66.21,20.0,68.72,5.65,KAVIN,FAILURE
16.509,-63.81,18.85,27.83,7.08,KAVIN,NORMAL
12.246,-48.06,16.34,14.76,7.84,KAVIN,WARNING
22.264,-59.01,12.8,29.5,10.44,KAVIN,FAILURE
1.238,-35.0,20.0,46.83,0.88,KAVIN,NORMAL
16.46,-57.44,12.36,43.04,6.7,KAVIN,NORMAL
3.859,-35.0,20.0,86.36,3.84,KAVIN,NORMAL
13.362,-54.21,20.0,62.74,1.5,KAVIN,WARNING
23.838,-80.82,10.56,85.82,8.36,KAVIN,WARNING
4.703,-35.0,20.0,99.9,12.66,KAVIN,NORMAL
28.106,-92.91,8.23,36.13,6.94,KAVIN,WARNING
26.711,-67.79,12.37,52.97,12.05,KAVIN,NORMAL
12.74,-47.99,20.0,73.5,12.92,KAVIN,WARNING
0.676,-35.0,16.55,56.06,15.38,KAVIN,WARNING
23.797,-80.49,10.46,39.41,13.12,KAVIN,NORMAL
26.486,-72.16,12.44,83.46,7.99,KAVIN,WARNING
5.655,-43.33,20.0,90.32,9.08,KAVIN,WARNING
27.528,-87.89,9.17,35.04,2.79,KAVIN,WARNING
27.466,-79.69,9.94,35.33,12.03,KAVIN,WARNING
14.403,-48.34,18.94,61.07,0.0,KAVIN,WARNING
24.042,-79.5,9.09,83.47,4.75,KAVIN,NORMAL
13.626,-47.59,20.0,56.79,13.19,KAVIN,WARNING
17.139,-63.36,13.91,15.4,4.74,KAVIN,WARNING
9.935,-35.91,20.0,36.55,3.4,KAVIN,WARNING
5.204,-35.0,20.0,55.26,5.16,KAVIN,FAILURE
22.523,-73.78,13.59,76.3,11.65,KAVIN,WARNING
0.541,-35.0,19.64,79.75,0.0,KAVIN,FAILURE
17.597,-65.01,10.87,77.71,7.55,KAVIN,NORMAL
26.008,-79.42,13.33,18.53,2.84,KAVIN,NORMAL
7.028,-35.0,20.0,65.44,0.0,KAVIN,NORMAL
10.321,-35.0,20.0,48.29,3.73,KAVIN,NORMAL
17.831,-59.82,16.24,38.22,8.75,KAVIN,NORMAL
7.783,-35.0,20.0,84.48,7.04,KAVIN,WARNING
25.501,-67.74,5.35,42.25,14.09,KAVIN,WARNING
11.315,-42.98,16.92,26.43,4.15,KAVIN,FAILURE
17.658,-48.32,20.0,72.62,0.0,KAVIN,WARNING
7.171,-35.0,20.0,22.2,13.02,KAVIN,NORMAL
1.721,-35.0,19.72,36.45,7.59,KAVIN,WARNING
5.624,-35.0,20.0,50.0,7.33,KAVIN,NORMAL
1.863,-35.0,16.52,22.75,9.27,KAVIN,NORMAL
14.324,-59.31,16.87,35.86,11.24,KAVIN,NORMAL
17.806,-54.85,20.0,67.74,7.34,KAVIN,WARNING
1.818,-35.0,20.0,60.17,8.73,KAVIN,WARNING
3.169,-35.0,20.0,85.99,3.63,KAVIN,WARNING
14.823,-49.01,19.78,22.68,4.73,KAVIN,FAILURE
24.076,-63.71,13.87,87.75,0.0,KAVIN,FAILURE
19.026,-63.71,13.28,16.81,12.82,KAVIN,WARNING
3.589,-35.0,20.0,76.91,7.92,KAVIN,WARNING
26.682,-90.76,7.68,28.62,1.45,KAVIN,NORMAL
27.565,-75.96,16.11,91.28,10.64,KAVIN,NORMAL
10.086,-40.31,20.0,13.74,11.93,KAVIN,FAILURE
18.673,-58.41,16.5,62.22,8.77,KAVIN,WARNING
15.024,-60.36,14.29,11.15,3.72,KAVIN,WARNING
28.29,-80.98,12.19,76.24,3.11,KAVIN,NORMAL
15.508,-65.36,15.69,13.04,9.19,KAVIN,NORMAL
28.819,-89.2,7.53,75.44,0.71,KAVIN,WARNING
6.381,-39.19,20.0,82.77,3.12,KAVIN,WARNING
10.693,-49.4,20.0,90.6,6.39,KAVIN,FAILURE
23.55,-59.15,15.34,42.35,7.47,KAVIN,WARNING
23.617,-70.69,13.16,58.83,7.16,KAVIN,NORMAL
22.099,-56.71,14.32,76.02,9.81,KAVIN,WARNING
25.859,-84.21,13.28,83.87,10.21,KAVIN,NORMAL
21.225,-59.1,13.49,80.46,12.2,KAVIN,WARNING
19.265,-52.16,11.82,86.3,14.66,KAVIN,NORMAL
14.038,-41.62,18.6,90.79,0.61,KAVIN,WARNING
14.279,-49.29,16.5,68.53,1.38,KAVIN,FAILURE
12.482,-42.34,20.0,25.66,13.46,KAVIN,NORMAL
18.796,-55.21,19.09,85.01,11.34,KAVIN,WARNING
12.497,-44.43,17.48,51.7,0.0,KAVIN,WARNING
4.851,-35.88,17.83,14.56,13.53,KAVIN,NORMAL
3.643,-35.0,17.06,66.35,8.53,KAVIN,WARNING
27.772,-75.31,12.87,75.47,5.33,KAVIN,WARNING
1.23,-35.0,19.75,51.21,7.66,KAVIN,FAILURE
3.611,-35.0,20.0,55.6,3.72,KAVIN,WARNING
13.636,-50.67,19.18,59.5,8.99,KAVIN,NORMAL
8.256,-42.6,18.64,32.72,5.04,KAVIN,NORMAL
12.473,-41.15,20.0,43.66,10.12,KAVIN,WARNING
3.965,-35.0,20.0,82.62,5.62,KAVIN,WARNING
4.362,-39.42,18.03,12.69,11.03,KAVIN,WARNING
24.119,-83.37,9.28,60.12,17.2,KAVIN,WARNING
22.894,-75.36,8.94,12.86,16.18,KAVIN,WARNING
3.575,-35.0,19.89,28.15,1.58,KAVIN,NORMAL
20.2,-66.55,15.02,43.56,11.25,KAVIN,FAILURE
18.475,-59.48,17.33,26.78,12.66,KAVIN,WARNING
21.544,-73.34,11.58,86.37,10.39,KAVIN,WARNING
14.496,-50.31,18.67,88.32,0.17,KAVIN,WARNING
8.465,-35.0,13.91,23.77,14.02,KAVIN,NORMAL
20.079,-61.45,11.66,90.31,4.76,KAVIN,WARNING
11.455,-52.42,18.92,30.7,0.0,KAVIN,WARNING
6.959,-39.47,20.0,11.09,0.69,KAVIN,WARNING
12.555,-43.99,20.0,76.32,6.44,KAVIN,NORMAL
23.016,-68.54,12.52,56.64,6.38,KAVIN,NORMAL
14.536,-57.5,15.9,54.86,4.02,KAVIN,NORMAL
9.346,-41.85,18.62,10.24,9.36,KAVIN,FAILURE
25.04,-70.56,15.49,98.07,0.26,KAVIN,WARNING
26.508,-84.99,8.66,84.93,20.66,KAVIN,WARNING
13.281,-42.23,20.0,97.07,2.56,KAVIN,FAILURE
11.553,-40.57,20.0,31.93,6.0,KAVIN,FAILURE
18.575,-56.31,19.6,64.33,5.5,KAVIN,NORMAL
2.21,-35.0,20.0,77.21,10.22,KAVIN,NORMAL
20.894,-68.97,10.14,82.3,16.65,KAVIN,NORMAL
23.577,-65.25,16.23,80.36,4.9,KAVIN,WARNING
12.225,-50.11,15.26,61.51,16.69,KAVIN,WARNING
5.651,-35.0,16.06,12.84,3.98,KAVIN,NORMAL
1.35,-35.0,15.94,99.46,14.09,KAVIN,NORMAL
19.299,-57.41,18.48,20.34,0.0,KAVIN,NORMAL
8.435,-35.0,19.29,26.27,0.0,KAVIN,WARNING
14.185,-35.0,18.47,84.2,0.04,KAVIN,WARNING
11.897,-46.04,20.0,19.05,2.97,KAVIN,WARNING
5.659,-41.95,18.46,29.2,2.22,KAVIN,WARNING
15.497,-51.97,18.16,11.83,14.44,KAVIN,NORMAL
14.058,-44.76,14.09,24.1,2.72,KAVIN,NORMAL
18.912,-62.92,16.22,69.31,4.01,KAVIN,NORMAL
7.931,-36.6,20.0,42.45,5.69,KAVIN,WARNING
6.832,-35.0,20.0,22.16,5.03,KAVIN,NORMAL
24.523,-81.89,10.16,33.76,0.0,KAVIN,WARNING
21.215,-70.12,15.26,77.83,14.18,KAVIN,NORMAL
23.28,-63.07,12.7,60.12,18.02,KAVIN,NORMAL
4.137,-35.0,20.0,52.84,3.35,KAVIN,NORMAL
7.109,-35.0,20.0,14.2,4.33,KAVIN,NORMAL
17.478,-54.47,14.19,56.06,8.33,KAVIN,NORMAL
25.787,-61.55,14.37,53.34,0.22,KAVIN,WARNING
26.817,-89.49,10.9,49.86,5.65,KAVIN,NORMAL
25.041,-68.71,13.02,53.87,4.54,KAVIN,WARNING
1.78,-35.0,20.0,16.69,5.0,KAVIN,NORMAL
24.716,-67.96,12.45,93.97,12.74,KAVIN,FAILURE
27.023,-76.52,12.58,37.55,0.0,KAVIN,NORMAL
2.174,-35.0,19.58,68.73,2.09,KAVIN,FAILURE
12.78,-42.79,20.0,42.31,8.55,KAVIN,NORMAL
16.33,-50.22,15.22,39.51,2.94,KAVIN,FAILURE
7.366,-35.0,18.8,75.25,3.5,KAVIN,NORMAL
15.742,-51.32,13.98,47.69,16.31,KAVIN,WARNING
26.636,-68.12,16.07,65.43,5.07,KAVIN,WARNING
26.075,-68.82,18.48,34.68,2.47,KAVIN,WARNING
28.225,-81.28,14.6,33.89,7.12,KAVIN,WARNING
14.781,-50.51,20.0,27.92,6.41,KAVIN,FAILURE
12.612,-48.02,19.09,37.08,12.78,KAVIN,NORMAL
20.141,-59.39,17.09,15.84,17.03,KAVIN,NORMAL
12.794,-57.07,15.85,17.0,0.0,KAVIN,WARNING
1.737,-35.0,20.0,86.76,7.98,KAVIN,WARNING
21.738,-58.39,16.66,35.19,1.49,KAVIN,WARNING
8.789,-44.52,16.08,58.45,11.56,KAVIN,FAILURE
1.948,-35.0,20.0,54.68,6.95,KAVIN,WARNING
1.108,-35.0,14.76,67.08,12.09,KAVIN,NORMAL
27.975,-85.95,8.1,68.31,6.31,KAVIN,WARNING
7.936,-52.34,20.0,43.01,6.64,KAVIN,FAILURE
13.713,-35.0,20.0,22.01,0.0,KAVIN,WARNING
28.542,-86.82,13.87,25.97,5.79,KAVIN,WARNING
14.292,-52.89,17.87,42.34,0.31,KAVIN,WARNING
2.819,-35.0,14.78,60.41,13.32,KAVIN,FAILURE
16.782,-57.42,19.97,65.28,6.47,KAVIN,FAILURE
3.102,-36.66,20.0,93.91,0.0,KAVIN,WARNING
3.305,-35.0,20.0,37.47,14.24,KAVIN,WARNING
25.619,-74.66,8.92,19.84,4.95,KAVIN,FAILURE
9.038,-50.2,19.64,58.39,10.46,KAVIN,WARNING
20.521,-62.81,18.54,15.99,14.99,KAVIN,FAILURE
15.513,-50.64,20.0,24.91,6.07,KAVIN,NORMAL
7.059,-47.21,19.12,59.87,13.71,KAVIN,FAILURE
15.776,-44.88,20.0,93.2,2.32,KAVIN,NORMAL
2.535,-35.0,19.63,27.6,5.14,KAVIN,NORMAL
10.743,-44.3,14.95,42.62,12.82,KAVIN,WARNING
15.924,-44.73,20.0,49.86,4.02,KAVIN,NORMAL
7.238,-35.0,20.0,95.81,2.84,KAVIN,WARNING
19.976,-53.59,8.66,76.21,10.94,KAVIN,NORMAL
2.028,-35.0,20.0,39.89,2.24,KAVIN,FAILURE
14.802,-58.94,14.8,34.42,11.02,KAVIN,NORMAL
21.592,-58.46,20.0,56.67,4.46,KAVIN,FAILURE
13.183,-47.86,18.31,44.32,2.97,KAVIN,WARNING
26.3,-81.2,10.05,65.51,6.99,KAVIN,WARNING
19.15,-59.81,15.86,58.13,5.25,KAVIN,WARNING
28.776,-83.45,12.59,13.04,8.14,KAVIN,FAILURE
8.882,-44.43,20.0,16.7,8.71,KAVIN,WARNING
28.194,-82.95,9.94,22.06,5.94,KAVIN,WARNING
18.401,-64.29,12.1,68.57,15.52,KAVIN,NORMAL
22.483,-63.08,15.29,97.95,14.11,KAVIN,NORMAL
27.114,-70.19,11.74,50.74,4.53,KAVIN,WARNING
16.76,-47.26,14.6,23.45,3.88,KAVIN,NORMAL
25.934,-59.54,15.56,64.9,8.47,KAVIN,WARNING
16.48,-57.83,14.7,66.29,18.16,KAVIN,NORMAL
18.176,-60.8,13.7,78.02,13.01,KAVIN,FAILURE
13.63,-54.39,14.14,73.88,1.08,KAVIN,WARNING
4.796,-35.0,20.0,71.91,13.51,KAVIN,NORMAL
16.828,-59.77,11.57,75.24,6.86,KAVIN,WARNING
29.335,-91.01,11.17,83.73,14.08,KAVIN,FAILURE
23.722,-73.91,14.49,90.59,4.93,KAVIN,WARNING
22.551,-63.9,17.58,10.31,12.77,KAVIN,WARNING
19.478,-54.06,18.43,69.96,0.0,KAVIN,NORMAL
10.763,-40.21,17.77,94.71,0.0,KAVIN,WARNING
5.504,-35.0,20.0,78.21,6.32,KAVIN,NORMAL
7.124,-35.0,16.22,17.32,6.01,KAVIN,WARNING
0.687,-35.0,20.0,76.27,9.02,KAVIN,NORMAL
20.368,-55.08,19.19,32.73,0.0,KAVIN,WARNING
24.45,-60.74,8.84,26.57,11.61,KAVIN,FAILURE
8.433,-36.28,20.0,28.29,14.26,KAVIN,FAILURE
3.21,-35.0,20.0,97.49,9.35,KAVIN,NORMAL
10.404,-38.52,20.0,69.32,15.15,KAVIN,FAILURE
9.116,-35.0,17.93,98.01,0.0,KAVIN,WARNING
13.801,-53.73,13.85,86.25,3.43,KAVIN,WARNING
8.291,-35.0,20.0,93.24,11.94,KAVIN,WARNING
10.522,-39.04,20.0,59.94,4.76,KAVIN,WARNING
27.273,-84.42,9.61,41.39,4.06,KAVIN,WARNING
10.378,-47.33,16.98,76.47,1.6,KAVIN,WARNING
23.673,-64.72,14.47,11.63,5.28,KAVIN,WARNING
18.962,-71.11,10.95,67.94,13.51,KAVIN,WARNING
10.457,-43.35,12.85,96.08,4.53,KAVIN,WARNING
24.625,-88.25,9.33,86.13,13.8,KAVIN,NORMAL
18.055,-55.39,20.0,27.05,4.91,KAVIN,WARNING
0.754,-35.0,16.46,21.52,10.66,KAVIN,NORMAL
2.527,-35.0,14.51,84.38,11.06,KAVIN,WARNING
22.703,-68.11,19.38,14.81,5.39,KAVIN,NORMAL
13.673,-42.83,20.0,99.58,3.43,KAVIN,NORMAL
12.462,-40.77,19.79,52.07,1.81,KAVIN,WARNING
4.802,-35.35,20.0,93.48,12.91,KAVIN,WARNING
5.141,-35.0,20.0,83.01,14.88,KAVIN,NORMAL
24.034,-56.3,10.95,72.76,15.14,KAVIN,WARNING
24.956,-70.39,15.68,28.52,7.42,KAVIN,WARNING
17.02,-58.41,18.77,17.71,9.72,KAVIN,NORMAL
9.206,-36.12,20.0,69.01,12.63,KAVIN,WARNING
28.015,-77.95,7.42,27.08,4.29,KAVIN,WARNING
18.907,-65.1,5.49,84.58,3.84,KAVIN,NORMAL
24.001,-82.81,8.15,16.04,4.0,KAVIN,FAILURE
0.597,-35.0,16.08,57.15,1.38,KAVIN,NORMAL
13.784,-56.28,12.83,47.98,9.42,KAVIN,FAILURE
26.193,-77.69,11.92,93.24,0.0,KAVIN,FAILURE
10.478,-49.2,20.0,90.87,10.93,KAVIN,WARNING
21.933,-68.71,13.18,74.83,9.88,KAVIN,NORMAL
19.901,-64.69,12.19,77.98,14.5,KAVIN,NORMAL
4.99,-49.02,18.65,73.59,0.0,KAVIN,WARNING
23.36,-73.41,13.28,70.73,9.81,KAVIN,FAILURE
3.82,-39.85,20.0,99.73,5.18,KAVIN,FAILURE
21.973,-77.76,6.72,76.25,15.14,KAVIN,NORMAL
29.734,-80.93,8.16,95.1,8.14,KAVIN,WARNING
28.76,-98.53,11.09,49.35,15.26,KAVIN,FAILURE
24.107,-79.28,16.33,99.83,16.87,KAVIN,WARNING
16.268,-57.42,18.27,65.3,4.94,KAVIN,WARNING
20.407,-58.02,16.1,91.44,0.0,KAVIN,WARNING
21.979,-68.92,20.0,18.18,0.0,KAVIN,NORMAL
0.748,-35.0,20.0,64.95,12.65,KAVIN,NORMAL
3.52,-35.0,20.0,99.35,0.13,KAVIN,WARNING
18.113,-60.21,19.94,15.99,14.37,KAVIN,FAILURE
0.693,-35.0,19.64,95.23,9.1,KAVIN,WARNING
27.313,-78.86,13.95,23.13,7.68,KAVIN,FAILURE
14.945,-54.46,13.78,99.65,14.95,KAVIN,WARNING
8.104,-35.07,20.0,36.0,0.0,KAVIN,NORMAL
12.118,-35.0,20.0,81.43,6.43,KAVIN,NORMAL
25.598,-80.97,11.82,12.49,0.0,KAVIN,NORMAL
27.852,-70.03,18.43,35.81,13.03,KAVIN,WARNING
3.929,-35.0,20.0,64.29,14.19,KAVIN,FAILURE
23.45,-77.61,13.64,30.45,12.93,KAVIN,WARNING
17.558,-53.0,16.31,78.47,10.13,KAVIN,NORMAL
17.772,-63.48,14.53,70.81,6.33,KAVIN,WARNING
23.494,-57.51,13.93,99.18,15.08,KAVIN,NORMAL
7.074,-35.0,20.0,62.59,3.74,KAVIN,WARNING
16.166,-49.94,20.0,79.13,0.0,KAVIN,NORMAL
9.921,-45.35,20.0,16.71,6.39,KAVIN,WARNING
3.288,-35.0,16.11,13.87,2.2,KAVIN,FAILURE
3.6,-35.0,20.0,62.35,15.98,KAVIN,WARNING
4.526,-35.0,17.93,98.68,0.0,KAVIN,WARNING
18.64,-66.83,11.82,34.19,11.42,KAVIN,WARNING
3.622,-35.0,20.0,10.15,0.0,KAVIN,WARNING
17.318,-63.37,17.89,40.68,8.73,KAVIN,NORMAL
17.855,-63.77,14.87,76.52,3.04,KAVIN,FAILURE
27.165,-87.42,5.55,82.2,0.0,KAVIN,NORMAL
18.978,-61.16,18.2,80.3,6.87,KAVIN,NORMAL
29.575,-78.85,12.39,17.28,12.44,KAVIN,WARNING
1.414,-35.0,16.88,79.37,16.07,KAVIN,WARNING
21.272,-63.55,14.36,17.35,5.76,KAVIN,WARNING
1.281,-35.0,20.0,98.84,2.32,KAVIN,WARNING
22.017,-64.7,17.02,43.34,6.55,KAVIN,NORMAL
11.883,-47.48,20.0,72.41,12.4,KAVIN,FAILURE
18.534,-62.98,18.45,53.61,9.05,KAVIN,FAILURE
9.631,-50.95,15.45,31.66,8.15,KAVIN,WARNING
5.194,-35.0,20.0,64.98,3.24,KAVIN,FAILURE
21.844,-61.42,16.01,11.43,11.74,KAVIN,WARNING
27.186,-63.27,20.0,55.46,4.11,KAVIN,FAILURE
5.916,-35.0,19.77,13.51,0.0,KAVIN,NORMAL
27.661,-72.03,14.15,61.1,5.63,KAVIN,NORMAL
4.635,-35.0,20.0,51.16,8.54,KAVIN,WARNING
22.202,-69.38,12.44,90.53,18.73,KAVIN,WARNING
28.804,-82.41,10.8,96.94,8.96,KAVIN,WARNING
4.847,-35.0,20.0,68.6,0.0,KAVIN,WARNING
13.335,-54.71,14.05,26.67,4.63,KAVIN,WARNING
10.455,-35.0,17.43,57.12,10.46,KAVIN,WARNING
11.96,-39.87,20.0,10.15,7.67,KAVIN,FAILURE
22.718,-64.12,14.7,79.13,4.73,KAVIN,FAILURE
20.005,-57.01,16.21,13.7,0.61,KAVIN,WARNING
29.076,-94.39,11.43,82.68,3.98,KAVIN,WARNING
5.972,-40.56,14.59,33.82,0.4,KAVIN,NORMAL
16.526,-50.75,19.61,32.5,5.71,KAVIN,WARNING
13.749,-57.34,17.33,18.07,9.06,KAVIN,NORMAL
27.606,-76.49,8.48,71.72,13.24,KAVIN,FAILURE
0.813,-35.0,20.0,42.94,13.59,KAVIN,FAILURE
29.681,-78.65,13.88,18.09,1.98,KAVIN,NORMAL
14.652,-51.45,18.64,38.89,9.24,KAVIN,WARNING
18.953,-56.83,18.59,92.99,3.29,KAVIN,FAILURE
11.122,-43.69,17.19,13.15,4.29,KAVIN,WARNING
25.65,-73.88,11.41,70.21,7.63,KAVIN,NORMAL
17.079,-64.09,18.06,55.09,0.0,KAVIN,NORMAL
20.053,-57.74,8.46,63.79,5.65,KAVIN,FAILURE
19.643,-75.93,12.83,45.25,7.98,KAVIN,WARNING
11.237,-43.58,19.59,53.34,1.32,KAVIN,WARNING
2.742,-35.0,16.01,78.34,11.0,KAVIN,NORMAL
24.327,-77.29,11.23,53.49,6.85,KAVIN,WARNING
9.047,-35.0,20.0,43.87,4.77,KAVIN,WARNING
25.543,-68.97,12.46,34.82,15.92,KAVIN,NORMAL
18.455,-51.54,18.7,50.55,15.42,KAVIN,WARNING
10.934,-35.66,20.0,61.81,4.61,KAVIN,WARNING
18.03,-60.16,15.86,43.7,8.48,KAVIN,FAILURE
19.542,-57.74,13.63,91.09,9.55,KAVIN,WARNING
21.347,-70.28,7.15,99.64,12.86,KAVIN,WARNING
24.759,-74.21,16.94,28.37,5.9,KAVIN,WARNING
5.213,-37.01,13.77,67.98,9.73,KAVIN,WARNING
28.352,-73.17,8.46,28.55,0.0,KAVIN,WARNING
12.62,-52.35,13.91,58.69,7.79,KAVIN,NORMAL
25.883,-76.55,13.26,45.4,1.72,KAVIN,NORMAL
7.004,-35.0,20.0,32.09,0.0,KAVIN,WARNING
1.356,-35.0,20.0,40.79,3.85,KAVIN,NORMAL
17.414,-65.85,19.69,21.1,6.87,KAVIN,WARNING
10.078,-53.71,17.66,17.15,2.52,KAVIN,NORMAL
29.542,-65.71,11.02,50.51,12.19,KAVIN,NORMAL
3.581,-35.0,20.0,83.37,11.49,KAVIN,FAILURE
1.895,-35.0,20.0,71.46,12.61,KAVIN,NORMAL
1.828,-35.0,18.99,63.58,11.43,KAVIN,WARNING
6.898,-38.44,20.0,47.85,7.15,KAVIN,NORMAL
17.586,-57.74,14.76,52.17,3.78,KAVIN,WARNING
15.414,-47.39,19.1,11.93,3.4,KAVIN,FAILURE
10.827,-35.0,19.29,94.61,3.85,KAVIN,WARNING
3.119,-35.0,20.0,37.98,3.28,KAVIN,FAILURE
7.395,-49.2,17.12,92.3,1.88,KAVIN,WARNING
5.932,-43.31,20.0,74.46,3.99,KAVIN,WARNING
22.497,-67.48,8.73,60.55,5.92,KAVIN,NORMAL
23.508,-63.74,13.98,50.07,12.99,KAVIN,NORMAL
23.422,-64.73,20.0,39.07,2.54,KAVIN,WARNING
29.087,-94.63,13.53,67.45,10.07,KAVIN,FAILURE
26.585,-75.96,12.62,97.32,0.0,KAVIN,NORMAL
15.185,-52.76,13.59,82.39,11.87,KAVIN,WARNING
12.741,-47.41,19.29,45.2,0.0,KAVIN,FAILURE
27.515,-76.85,11.54,53.4,10.83,KAVIN,NORMAL
18.531,-72.25,14.85,52.16,0.0,KAVIN,NORMAL
9.185,-44.95,20.0,33.36,0.0,KAVIN,WARNING
17.152,-63.33,15.7,86.26,0.03,KAVIN,NORMAL
29.768,-74.17,12.16,72.36,4.41,KAVIN,WARNING
25.559,-65.0,13.93,63.78,11.46,KAVIN,NORMAL
8.798,-50.25,20.0,49.0,1.69,KAVIN,NORMAL
28.612,-76.92,9.09,31.51,17.51,KAVIN,WARNING
29.453,-85.04,13.24,67.58,2.5,KAVIN,WARNING
7.319,-38.17,20.0,31.31,5.12,KAVIN,NORMAL
26.92,-84.94,8.54,10.79,17.33,KAVIN,WARNING
26.554,-74.84,16.74,16.0,1.92,KAVIN,NORMAL
1.673,-35.0,15.88,72.46,11.21,KAVIN,FAILURE
20.256,-63.35,14.38,43.98,14.96,KAVIN,NORMAL
9.506,-43.62,20.0,28.58,7.44,KAVIN,NORMAL
20.401,-64.21,14.67,31.41,7.2,KAVIN,WARNING
27.45,-75.34,13.84,54.5,8.32,KAVIN,NORMAL
15.214,-50.65,19.73,91.49,12.29,KAVIN,NORMAL
12.725,-43.67,20.0,34.19,6.63,KAVIN,WARNING
27.685,-79.48,3.49,68.99,17.21,KAVIN,NORMAL
29.236,-69.98,16.59,84.3,0.0,KAVIN,NORMAL
2.336,-35.0,20.0,53.98,1.5,KAVIN,NORMAL
27.724,-85.51,12.93,12.43,3.49,KAVIN,WARNING
2.942,-35.0,20.0,81.66,0.0,KAVIN,NORMAL
10.45,-35.0,14.81,89.14,10.95,KAVIN,NORMAL
22.996,-65.6,17.99,12.79,0.0,KAVIN,NORMAL
23.423,-81.49,12.12,20.46,0.81,KAVIN,WARNING
21.912,-55.76,16.63,17.83,9.44,KAVIN,NORMAL
1.654,-35.0,19.33,29.91,4.4,KAVIN,WARNING
4.422,-36.67,17.06,54.64,0.0,KAVIN,WARNING
28.118,-72.94,13.52,13.0,9.44,KAVIN,WARNING
2.903,-35.0,20.0,25.21,1.29,KAVIN,WARNING
2.817,-35.0,20.0,46.65,4.67,KAVIN,WARNING
25.152,-67.09,18.61,66.98,10.01,KAVIN,NORMAL
19.417,-58.75,17.04,91.86,1.44,KAVIN,NORMAL
10.874,-51.65,16.76,84.69,5.01,KAVIN,WARNING
5.388,-35.0,20.0,14.85,0.62,KAVIN,WARNING
26.583,-81.7,10.23,97.02,0.0,KAVIN,NORMAL
29.662,-85.7,4.25,34.03,8.54,KAVIN,WARNING
1.974,-35.0,20.0,42.72,6.26,KAVIN,WARNING
16.846,-59.42,11.1,16.71,1.06,KAVIN,WARNING
8.208,-35.0,20.0,94.24,12.35,KAVIN,NORMAL
25.055,-74.74,11.14,59.13,9.13,KAVIN,WARNING
10.709,-43.86,15.22,56.47,2.05,KAVIN,NORMAL
21.582,-56.73,16.37,11.37,5.37,KAVIN,WARNING
16.416,-54.24,17.47,10.31,0.0,KAVIN,WARNING
16.475,-56.48,20.0,71.4,0.0,KAVIN,WARNING
25.811,-73.69,15.68,53.41,15.36,KAVIN,FAILURE
14.377,-48.12,19.98,55.68,14.44,KAVIN,NORMAL
25.445,-71.12,12.16,68.52,6.25,KAVIN,NORMAL
11.221,-55.97,20.0,23.13,6.01,KAVIN,NORMAL
5.656,-41.46,20.0,99.85,13.74,KAVIN,WARNING
13.937,-48.03,16.62,17.27,7.02,KAVIN,NORMAL
15.201,-55.6,14.78,34.11,12.61,KAVIN,WARNING
14.612,-51.83,20.0,72.45,9.81,KAVIN,FAILURE
24.346,-70.49,14.46,56.43,0.0,KAVIN,NORMAL
17.158,-69.39,16.51,18.69,0.0,KAVIN,WARNING
26.709,-73.64,18.63,79.74,5.26,KAVIN,WARNING
15.668,-52.55,20.0,97.34,3.98,KAVIN,NORMAL
7.129,-35.0,20.0,52.58,5.8,KAVIN,WARNING
4.32,-38.51,20.0,32.78,8.11,KAVIN,FAILURE
26.117,-72.06,14.79,19.61,11.26,KAVIN,WARNING
2.157,-36.26,20.0,28.47,0.0,KAVIN,WARNING
3.969,-41.22,20.0,38.01,0.0,KAVIN,NORMAL
2.378,-35.0,20.0,26.92,3.36,KAVIN,NORMAL
13.0,-42.92,20.0,71.6,4.96,KAVIN,FAILURE
16.212,-54.85,11.93,12.06,5.29,KAVIN,NORMAL
1.086,-35.0,18.23,46.82,11.74,KAVIN,NORMAL
15.71,-53.24,16.55,43.67,13.12,KAVIN,WARNING
12.116,-48.66,13.46,89.02,1.2,KAVIN,FAILURE
23.323,-82.35,8.02,34.55,0.0,KAVIN,WARNING
24.984,-78.93,11.79,62.42,8.2,KAVIN,FAILURE
20.707,-69.26,11.03,10.42,11.32,KAVIN,WARNING
14.468,-48.91,17.57,92.53,9.65,KAVIN,NORMAL
6.876,-35.0,20.0,67.3,15.2,KAVIN,NORMAL
25.49,-65.29,18.44,81.43,5.71,KAVIN,WARNING
10.579,-37.71,16.88,61.24,11.8,KAVIN,WARNING
11.011,-48.92,18.33,83.4,6.05,KAVIN,NORMAL
27.522,-83.67,10.99,17.6,9.2,KAVIN,NORMAL
29.28,-68.36,16.41,73.94,10.98,KAVIN,FAILURE
26.995,-73.22,9.89,23.39,0.0,KAVIN,NORMAL
29.948,-94.0,9.59,61.88,16.53,KAVIN,WARNING
26.133,-75.71,16.95,98.72,8.91,KAVIN,NORMAL
21.279,-62.97,16.91,26.25,2.79,KAVIN,WARNING
9.168,-39.61,20.0,33.06,2.64,KAVIN,WARNING
28.612,-83.98,6.5,29.02,9.01,KAVIN,WARNING
26.36,-81.05,14.53,47.1,10.89,KAVIN,WARNING
7.602,-35.0,20.0,53.97,12.35,KAVIN,WARNING
14.93,-47.3,15.18,24.4,13.9,KAVIN,NORMAL
2.567,-35.0,19.79,12.5,0.0,KAVIN,NORMAL
28.623,-81.01,13.12,40.75,7.5,KAVIN,WARNING
17.397,-66.22,14.93,44.38,4.45,KAVIN,FAILURE
7.733,-39.76,19.62,44.46,0.0,KAVIN,NORMAL
9.126,-40.22,20.0,69.85,9.04,KAVIN,NORMAL
29.429,-74.06,9.79,50.39,16.58,KAVIN,WARNING
18.661,-57.05,15.18,19.71,3.39,KAVIN,FAILURE
12.91,-41.89,18.19,93.91,13.94,KAVIN,WARNING
15.245,-43.34,20.0,73.06,4.74,KAVIN,FAILURE
3.407,-35.0,20.0,29.16,18.02,KAVIN,NORMAL
2.713,-35.0,19.03,94.16,3.18,KAVIN,WARNING
17.985,-63.04,14.82,99.24,0.01,KAVIN,WARNING
15.604,-56.16,17.7,27.77,0.0,KAVIN,WARNING
11.095,-46.1,19.31,44.25,4.66,KAVIN,NORMAL
17.2,-54.16,15.16,16.2,7.61,KAVIN,NORMAL
2.644,-35.0,14.6,53.42,3.5,KAVIN,WARNING
28.348,-85.89,8.36,80.89,10.61,KAVIN,NORMAL
9.164,-39.6,20.0,91.36,3.62,KAVIN,FAILURE
2.617,-35.0,20.0,59.07,18.11,KAVIN,WARNING
5.5,-45.33,19.66,39.34,0.0,KAVIN,NORMAL
3.316,-35.0,19.25,61.73,0.73,KAVIN,WARNING
5.769,-40.51,20.0,20.4,2.94,KAVIN,WARNING
12.794,-48.74,20.0,85.18,6.43,KAVIN,WARNING
22.273,-70.26,15.71,56.86,3.22,KAVIN,WARNING
8.534,-35.0,20.0,98.42,1.59,KAVIN,NORMAL
13.36,-46.73,16.73,46.09,1.74,KAVIN,NORMAL
27.898,-78.68,9.35,68.82,12.1,KAVIN,FAILURE
9.227,-51.3,20.0,40.59,12.8,KAVIN,FAILURE
23.944,-75.12,15.26,23.29,8.94,KAVIN,WARNING
5.156,-36.68,20.0,77.93,1.78,KAVIN,NORMAL
5.76,-42.79,20.0,70.52,16.69,KAVIN,NORMAL
13.957,-58.45,10.54,80.24,1.57,KAVIN,FAILURE
7.406,-41.84,17.72,98.21,0.0,KAVIN,WARNING
27.139,-82.74,11.27,99.41,0.99,KAVIN,WARNING
1.997,-35.0,18.57,93.61,6.51,KAVIN,WARNING
18.12,-49.52,19.32,90.54,1.71,KAVIN,NORMAL
18.325,-57.7,14.81,37.14,5.37,KAVIN,FAILURE
2.448,-35.0,16.89,52.16,6.87,KAVIN,FAILURE
22.111,-58.41,19.21,14.21,13.36,KAVIN,NORMAL
14.332,-48.25,19.98,71.58,2.21,KAVIN,WARNING
21.831,-58.32,14.38,59.14,9.74,KAVIN,FAILURE
24.894,-69.75,12.65,73.63,0.0,KAVIN,NORMAL
10.026,-47.02,16.99,71.27,1.31,KAVIN,WARNING
14.792,-54.62,19.49,34.47,15.28,KAVIN,FAILURE
8.192,-35.0,20.0,51.5,7.33,KAVIN,WARNING
6.445,-35.0,19.01,19.46,14.75,KAVIN,WARNING
0.518,-35.0,20.0,17.61,0.0,KAVIN,NORMAL
28.927,-84.4,14.95,51.4,6.09,KAVIN,WARNING
13.507,-52.41,18.75,60.02,10.2,KAVIN,NORMAL
0.886,-35.0,20.0,38.69,6.86,KAVIN,WARNING
0.764,-35.0,20.0,15.54,12.31,KAVIN,WARNING
9.006,-41.53,20.0,69.54,18.55,KAVIN,WARNING
0.911,-35.0,20.0,70.96,9.53,KAVIN,NORMAL
11.548,-45.54,17.81,38.86,16.73,KAVIN,FAILURE
2.357,-35.0,19.66,10.07,0.0,KAVIN,NORMAL
1.658,-35.0,20.0,67.22,11.06,KAVIN,NORMAL
20.247,-49.72,20.0,16.35,13.18,KAVIN,WARNING
27.252,-78.59,13.72,30.11,0.0,KAVIN,NORMAL
12.577,-43.35,20.0,32.31,5.7,KAVIN,NORMAL
25.185,-79.87,14.19,33.72,16.21,KAVIN,WARNING
1.363,-35.0,17.41,65.5,9.47,KAVIN,NORMAL
23.442,-69.55,14.12,17.13,2.22,KAVIN,WARNING
2.353,-35.0,20.0,68.07,1.23,KAVIN,NORMAL
25.234,-78.83,8.21,53.63,2.48,KAVIN,NORMAL
26.53,-75.86,15.14,41.39,10.18,KAVIN,FAILURE
23.686,-76.07,13.1,64.38,5.86,KAVIN,WARNING
24.712,-59.65,16.96,88.61,0.0,KAVIN,WARNING
17.064,-61.87,15.86,58.96,0.0,KAVIN,FAILURE
8.314,-35.0,18.33,24.05,9.4,KAVIN,NORMAL
19.475,-64.14,11.24,60.2,12.85,KAVIN,WARNING
13.466,-40.05,14.88,50.83,2.39,KAVIN,FAILURE
0.657,-35.0,19.09,94.65,5.36,KAVIN,WARNING
14.566,-50.85,18.32,63.4,4.53,KAVIN,FAILURE
19.71,-59.62,20.0,13.17,0.0,KAVIN,FAILURE
0.91,-35.0,14.97,20.87,16.33,KAVIN,NORMAL
18.83,-66.07,8.59,57.92,17.14,KAVIN,NORMAL
19.75,-76.77,10.92,81.57,16.58,KAVIN,WARNING
5.164,-35.0,20.0,18.6,15.6,KAVIN,WARNING
13.217,-57.96,17.89,60.89,14.55,KAVIN,WARNING
28.948,-78.24,11.73,50.74,1.66,KAVIN,NORMAL
26.584,-69.67,8.14,42.66,11.64,KAVIN,NORMAL
12.619,-41.05,15.0,17.39,7.92,KAVIN,WARNING
10.82,-42.31,20.0,89.17,3.27,KAVIN,NORMAL
4.16,-35.63,20.0,78.69,11.51,KAVIN,WARNING
1.538,-35.0,20.0,92.88,0.0,KAVIN,NORMAL
9.275,-41.14,20.0,25.09,14.28,KAVIN,NORMAL
28.238,-91.64,15.94,61.52,8.83,KAVIN,WARNING
28.779,-74.74,11.74,11.73,12.49,KAVIN,NORMAL
24.469,-64.27,14.04,25.99,10.59,KAVIN,FAILURE
10.849,-47.4,19.62,81.01,8.94,KAVIN,NORMAL
4.737,-35.0,20.0,35.83,11.97,KAVIN,WARNING
18.068,-64.78,10.11,27.75,0.12,KAVIN,WARNING
19.572,-57.6,14.85,58.8,6.93,KAVIN,WARNING
13.025,-44.76,18.61,68.99,6.25,KAVIN,WARNING
20.904,-58.04,16.58,64.93,3.73,KAVIN,NORMAL
22.527,-59.62,18.17,18.92,10.62,KAVIN,WARNING
23.6,-63.82,19.4,93.74,10.88,KAVIN,NORMAL
15.318,-46.21,20.0,25.95,0.0,KAVIN,NORMAL
23.853,-56.12,17.11,93.28,0.0,KAVIN,WARNING
1.252,-35.0,20.0,53.54,0.0,KAVIN,WARNING
20.572,-56.22,17.06,19.27,5.18,KAVIN,NORMAL
7.451,-35.0,20.0,23.38,0.0,KAVIN,WARNING
8.48,-35.0,20.0,48.77,7.63,KAVIN,NORMAL
3.193,-35.0,17.89,99.82,2.08,KAVIN,WARNING
6.176,-35.0,20.0,89.73,8.55,KAVIN,NORMAL
29.764,-89.08,7.92,98.22,11.6,KAVIN,WARNING
12.754,-45.48,20.0,50.93,1.11,KAVIN,NORMAL
27.869,-88.4,5.35,71.18,14.34,KAVIN,WARNING
5.306,-35.0,19.3,56.73,6.1,KAVIN,NORMAL
6.52,-48.58,16.88,12.66,2.46,KAVIN,NORMAL
16.955,-51.88,16.26,22.77,4.8,KAVIN,WARNING
10.811,-55.76,14.33,35.68,15.59,KAVIN,NORMAL
19.495,-57.27,15.68,38.18,13.74,KAVIN,NORMAL
12.95,-35.0,20.0,72.54,4.06,KAVIN,WARNING
24.442,-66.19,15.65,74.87,10.08,KAVIN,WARNING
13.231,-43.99,20.0,50.55,2.68,KAVIN,WARNING
17.384,-53.06,20.0,44.11,2.92,KAVIN,WARNING
9.972,-36.91,20.0,25.94,3.23,KAVIN,WARNING
21.269,-66.75,9.38,13.68,4.56,KAVIN,FAILURE
19.815,-66.47,14.79,62.68,7.69,KAVIN,WARNING
12.212,-38.38,20.0,41.32,6.63,KAVIN,NORMAL
8.643,-47.81,14.45,52.91,1.07,KAVIN,WARNING
18.616,-49.42,20.0,91.08,8.73,KAVIN,WARNING
28.323,-73.37,9.78,70.09,10.49,KAVIN,NORMAL
4.413,-37.41,19.05,80.09,3.4,KAVIN,WARNING
24.074,-65.74,14.35,26.19,7.21,KAVIN,WARNING
16.518,-66.73,17.31,10.14,10.15,KAVIN,WARNING
16.004,-61.36,14.89,22.18,4.09,KAVIN,WARNING
28.87,-86.99,8.09,79.13,13.76,KAVIN,WARNING
18.373,-62.51,20.0,49.94,6.04,KAVIN,WARNING
25.0,-68.13,15.34,29.25,6.87,KAVIN,WARNING
15.677,-56.19,12.54,96.57,11.74,KAVIN,FAILURE
7.871,-43.14,19.75,53.8,15.91,KAVIN,WARNING
20.987,-59.66,18.13,43.21,2.04,KAVIN,NORMAL
27.734,-76.58,13.68,97.94,6.22,KAVIN,NORMAL
25.316,-61.49,17.59,22.02,8.6,KAVIN,WARNING
6.352,-43.14,20.0,63.96,5.86,KAVIN,WARNING
9.848,-35.0,18.95,77.41,5.91,KAVIN,WARNING
15.748,-49.17,13.28,94.67,6.45,KAVIN,NORMAL
17.362,-60.85,19.55,85.06,12.14,KAVIN,NORMAL
6.218,-35.0,20.0,36.05,1.09,KAVIN,NORMAL
7.285,-35.0,20.0,33.44,3.47,KAVIN,NORMAL
22.886,-58.63,15.76,18.79,6.07,KAVIN,NORMAL
22.044,-65.54,14.04,25.07,1.6,KAVIN,NORMAL
25.257,-68.4,17.2,75.71,11.87,KAVIN,WARNING
28.021,-83.17,10.9,36.03,0.99,KAVIN,NORMAL
9.594,-42.24,20.0,49.77,4.84,KAVIN,NORMAL
25.858,-70.92,9.22,72.13,8.25,KAVIN,WARNING
20.147,-58.44,12.07,69.85,12.51,KAVIN,NORMAL
28.754,-81.19,9.58,81.38,12.3,KAVIN,NORMAL
8.526,-42.27,12.51,15.25,10.18,KAVIN,NORMAL
8.455,-36.45,20.0,61.49,0.0,KAVIN,NORMAL
21.277,-72.98,10.06,90.3,3.75,KAVIN,WARNING
27.888,-90.94,8.76,43.58,9.59,KAVIN,WARNING
24.824,-66.0,13.51,27.23,4.35,KAVIN,FAILURE
21.948,-59.17,14.23,16.19,16.89,KAVIN,FAILURE
11.926,-56.2,12.44,94.58,4.85,KAVIN,NORMAL
21.674,-70.11,15.41,10.34,10.71,KAVIN,FAILURE
24.132,-61.56,17.62,81.28,14.66,KAVIN,WARNING
22.722,-75.72,14.54,33.8,9.88,KAVIN,NORMAL
20.466,-62.62,14.62,31.82,16.31,KAVIN,NORMAL
1.89,-35.0,20.0,24.18,3.12,KAVIN,WARNING
19.962,-64.89,11.15,27.44,3.07,KAVIN,NORMAL
14.61,-53.98,16.45,56.26,19.02,KAVIN,NORMAL
28.866,-65.85,13.82,88.79,2.22,KAVIN,NORMAL
18.412,-48.57,19.03,43.08,8.26,KAVIN,NORMAL
18.443,-50.98,15.24,77.1,7.11,KAVIN,NORMAL
29.825,-84.36,11.03,32.2,1.53,KAVIN,WARNING
3.261,-35.0,20.0,91.37,12.79,KAVIN,WARNING
8.651,-35.0,20.0,92.25,0.0,KAVIN,NORMAL
19.854,-71.76,18.0,19.74,6.59,KAVIN,NORMAL
9.799,-41.52,20.0,85.49,8.62,KAVIN,WARNING
10.711,-48.57,18.01,73.17,2.44,KAVIN,WARNING
26.833,-78.09,11.29,45.45,9.07,KAVIN,WARNING
17.591,-60.32,17.06,85.13,1.69,KAVIN,WARNING
3.535,-35.0,15.71,91.31,10.8,KAVIN,WARNING
9.67,-36.86,19.2,54.67,15.55,KAVIN,WARNING
2.744,-35.0,20.0,55.79,13.84,KAVIN,FAILURE
16.906,-51.31,14.46,73.38,10.97,KAVIN,NORMAL
5.611,-35.0,20.0,31.98,15.89,KAVIN,NORMAL
25.785,-64.27,17.06,16.91,5.87,KAVIN,WARNING
17.531,-57.52,18.44,57.58,10.96,KAVIN,NORMAL
2.252,-35.0,17.35,38.84,5.89,KAVIN,NORMAL
9.376,-43.9,15.63,21.06,20.52,KAVIN,NORMAL
18.682,-71.47,12.15,22.61,12.94,KAVIN,NORMAL
10.397,-36.59,20.0,29.17,13.46,KAVIN,WARNING
15.639,-60.92,14.28,40.4,4.78,KAVIN,NORMAL
27.326,-69.87,14.06,49.32,15.11,KAVIN,NORMAL
10.826,-43.95,19.33,96.09,0.0,KAVIN,FAILURE
10.408,-38.65,20.0,53.67,14.54,KAVIN,NORMAL
24.683,-84.73,11.57,92.21,8.63,KAVIN,FAILURE
9.903,-35.15,20.0,59.16,4.59,KAVIN,NORMAL
2.8,-37.11,20.0,24.23,11.61,KAVIN,NORMAL
5.838,-35.0,18.85,85.86,2.56,KAVIN,NORMAL
28.49,-64.27,15.94,11.48,10.73,KAVIN,WARNING
28.032,-84.86,4.18,60.74,7.84,KAVIN,WARNING
7.132,-41.78,18.92,40.76,3.41,KAVIN,WARNING
16.828,-54.66,12.75,49.44,15.24,KAVIN,NORMAL
4.552,-35.0,20.0,81.77,3.96,KAVIN,WARNING
20.403,-65.84,17.66,10.49,10.6,KAVIN,FAILURE
5.967,-36.91,14.87,26.41,12.24,KAVIN,NORMAL
1.969,-35.0,18.14,83.14,9.11,KAVIN,NORMAL
24.834,-65.76,15.08,59.09,0.0,KAVIN,NORMAL
10.099,-36.85,20.0,33.25,13.49,KAVIN,WARNING
3.701,-35.0,20.0,54.8,15.22,KAVIN,WARNING
25.1,-67.35,13.56,46.26,0.0,KAVIN,WARNING
22.991,-55.29,14.22,79.18,3.65,KAVIN,FAILURE
20.671,-71.7,13.64,78.09,0.0,KAVIN,FAILURE
27.382,-69.94,13.39,51.68,17.43,KAVIN,WARNING
14.932,-45.09,20.0,34.83,17.99,KAVIN,NORMAL
4.278,-35.0,20.0,11.09,5.19,KAVIN,NORMAL
2.31,-35.0,20.0,52.53,12.27,KAVIN,WARNING
9.894,-52.45,14.88,63.33,8.85,KAVIN,WARNING
3.062,-35.0,19.33,64.49,0.36,KAVIN,WARNING
16.298,-48.17,18.57,88.12,6.28,KAVIN,WARNING
0.928,-35.0,20.0,52.07,15.63,KAVIN,FAILURE
13.591,-55.99,14.81,74.84,13.73,KAVIN,WARNING
5.765,-35.0,20.0,21.45,0.0,KAVIN,NORMAL
11.364,-35.0,20.0,78.76,8.93,KAVIN,NORMAL
20.414,-59.85,20.0,50.06,7.47,KAVIN,NORMAL
10.853,-35.69,20.0,72.49,0.03,KAVIN,WARNING
10.57,-44.98,17.68,85.16,7.71,KAVIN,NORMAL
29.727,-93.67,2.27,32.86,15.31,KAVIN,WARNING
21.705,-74.46,10.08,69.99,2.61,KAVIN,WARNING
15.659,-46.78,16.91,21.09,6.81,KAVIN,WARNING
17.592,-63.87,12.99,20.05,7.51,KAVIN,WARNING
18.795,-62.41,13.58,35.52,7.06,KAVIN,WARNING
1.225,-35.0,16.33,21.78,6.19,KAVIN,WARNING
2.868,-35.0,20.0,50.76,8.89,KAVIN,NORMAL
19.651,-57.09,16.58,88.08,0.0,KAVIN,NORMAL
11.252,-36.62,15.44,16.69,4.69,KAVIN,FAILURE
2.136,-35.0,20.0,42.7,0.15,KAVIN,NORMAL
9.277,-35.04,20.0,28.7,5.7,KAVIN,NORMAL
4.343,-35.0,20.0,51.29,0.57,KAVIN,WARNING
27.531,-76.36,12.44,67.08,7.05,KAVIN,WARNING
6.486,-37.68,19.71,86.77,9.42,KAVIN,WARNING
4.739,-35.0,20.0,12.12,0.0,KAVIN,FAILURE
18.972,-48.78,19.81,61.14,5.58,KAVIN,WARNING
15.896,-61.57,12.16,72.09,0.0,KAVIN,NORMAL
17.49,-63.77,16.73,22.14,9.42,KAVIN,FAILURE
13.36,-51.8,17.69,94.38,8.57,KAVIN,WARNING
14.281,-52.43,20.0,17.29,8.77,KAVIN,WARNING
23.475,-81.13,16.02,38.82,0.0,KAVIN,FAILURE
6.988,-37.9,16.33,31.47,0.69,KAVIN,NORMAL
12.198,-48.18,20.0,16.1,17.63,KAVIN,WARNING
28.756,-71.48,14.34,73.0,17.12,KAVIN,WARNING
6.105,-35.0,20.0,56.01,0.0,KAVIN,FAILURE
9.166,-35.0,20.0,48.44,2.78,KAVIN,NORMAL
6.151,-35.0,20.0,27.95,15.52,KAVIN,WARNING
1.105,-35.0,20.0,49.86,0.0,KAVIN,WARNING
8.46,-36.73,16.55,91.11,3.79,KAVIN,WARNING
1.871,-35.0,20.0,41.97,0.0,KAVIN,NORMAL
5.063,-44.53,20.0,55.79,0.0,KAVIN,WARNING
11.199,-45.99,20.0,93.58,9.64,KAVIN,WARNING
1.111,-35.0,20.0,72.21,6.2,KAVIN,FAILURE
22.712,-64.76,19.5,13.77,0.0,KAVIN,NORMAL
23.97,-75.65,12.47,39.91,12.93,KAVIN,WARNING
12.637,-52.41,20.0,97.87,13.79,KAVIN,FAILURE
29.548,-74.02,9.19,87.87,22.22,KAVIN,WARNING
20.53,-61.08,17.18,89.44,18.39,KAVIN,FAILURE
22.44,-63.1,15.58,94.06,3.94,KAVIN,FAILURE
6.173,-45.39,17.99,67.02,8.19,KAVIN,WARNING
25.204,-65.86,16.55,80.23,4.03,KAVIN,WARNING
28.379,-83.65,11.89,68.82,6.49,KAVIN,WARNING
7.471,-35.0,20.0,57.56,0.0,KAVIN,WARNING
20.751,-58.47,17.96,56.79,2.52,KAVIN,FAILURE
22.535,-76.84,10.84,11.17,0.0,KAVIN,FAILURE
9.502,-35.0,20.0,30.87,5.12,KAVIN,FAILURE
14.513,-59.22,20.0,12.61,3.53,KAVIN,NORMAL
3.377,-35.0,20.0,50.48,0.0,KAVIN,NORMAL
5.606,-35.0,20.0,74.92,5.06,KAVIN,WARNING
2.316,-35.0,18.67,94.44,0.0,KAVIN,FAILURE
17.025,-44.98,15.13,11.22,0.0,KAVIN,NORMAL
18.945,-67.7,16.22,54.16,9.74,KAVIN,FAILURE
27.526,-71.35,18.11,72.99,0.38,KAVIN,WARNING
16.494,-53.24,16.51,70.05,0.49,KAVIN,WARNING
8.188,-35.0,20.0,77.76,2.23,KAVIN,FAILURE
2.254,-35.0,18.36,86.07,9.28,KAVIN,NORMAL
26.606,-68.81,9.64,92.27,3.15,KAVIN,NORMAL
14.626,-44.93,17.55,26.24,12.48,KAVIN,NORMAL
22.251,-70.38,13.75,95.96,2.87,KAVIN,NORMAL
0.932,-35.0,20.0,82.53,0.0,KAVIN,NORMAL
14.9,-35.23,17.28,90.99,9.85,KAVIN,WARNING
10.109,-39.47,17.0,40.89,6.15,KAVIN,NORMAL
1.395,-35.0,17.89,99.87,8.5,KAVIN,NORMAL
23.382,-75.74,16.83,11.1,0.52,KAVIN,FAILURE
15.631,-55.51,20.0,88.36,11.9,KAVIN,NORMAL
10.329,-35.36,20.0,71.1,0.0,KAVIN,FAILURE
24.271,-65.41,18.87,22.4,0.0,KAVIN,NORMAL
13.684,-49.23,19.01,84.81,4.98,KAVIN,NORMAL
0.603,-35.0,20.0,81.39,8.47,KAVIN,NORMAL
28.361,-76.49,14.86,58.56,20.21,KAVIN,WARNING
8.043,-35.0,20.0,67.03,11.22,KAVIN,WARNING
25.002,-76.26,17.32,21.46,0.0,KAVIN,WARNING
24.584,-62.84,17.13,51.23,5.59,KAVIN,NORMAL
5.29,-35.0,20.0,13.56,0.59,KAVIN,NORMAL
14.483,-39.21,18.37,61.95,11.26,KAVIN,WARNING
1.686,-35.0,20.0,50.66,6.92,KAVIN,FAILURE
10.959,-36.52,20.0,17.7,15.13,KAVIN,FAILURE
22.064,-67.42,16.58,47.07,3.45,KAVIN,NORMAL
7.494,-40.98,20.0,49.41,0.14,KAVIN,NORMAL
3.955,-35.0,20.0,76.38,1.85,KAVIN,NORMAL
15.46,-53.45,20.0,14.81,10.67,KAVIN,FAILURE
16.341,-70.34,16.4,65.25,8.27,KAVIN,WARNING
20.437,-65.19,16.66,56.16,8.45,KAVIN,WARNING
22.895,-70.0,12.1,34.74,10.61,KAVIN,WARNING
21.026,-60.67,10.46,77.0,6.06,KAVIN,FAILURE
25.44,-74.29,20.0,60.67,0.0,KAVIN,WARNING
7.076,-35.0,20.0,56.83,13.07,KAVIN,FAILURE
17.308,-64.01,11.36,95.71,8.82,KAVIN,FAILURE
11.123,-46.62,18.27,83.31,7.77,KAVIN,WARNING
28.882,-80.27,13.57,28.58,4.5,KAVIN,WARNING
13.488,-55.39,18.38,44.92,3.69,KAVIN,WARNING
28.812,-82.21,7.45,69.66,14.58,KAVIN,WARNING
23.187,-58.08,6.52,59.51,1.09,KAVIN,WARNING
21.695,-67.22,18.48,48.76,0.0,KAVIN,WARNING
15.001,-53.84,20.0,98.32,1.96,KAVIN,WARNING
13.58,-52.46,20.0,24.93,5.76,KAVIN,FAILURE
16.033,-59.25,15.79,40.47,5.33,KAVIN,NORMAL
9.162,-35.0,17.94,45.66,7.67,KAVIN,NORMAL
27.183,-73.28,15.6,16.15,5.55,KAVIN,NORMAL
23.933,-67.23,15.0,52.12,0.0,KAVIN,NORMAL
24.141,-70.3,15.52,57.21,1.56,KAVIN,WARNING
13.278,-52.55,17.77,33.81,2.2,KAVIN,NORMAL
2.597,-35.0,18.44,96.57,8.52,KAVIN,FAILURE
20.651,-60.38,17.35,58.18,8.47,KAVIN,FAILURE
11.545,-44.81,19.28,62.36,0.0,KAVIN,NORMAL
26.178,-78.02,10.22,90.44,9.22,KAVIN,FAILURE
23.52,-65.45,14.45,34.68,1.67,KAVIN,NORMAL
4.787,-35.0,20.0,67.08,0.0,KAVIN,NORMAL
18.251,-50.55,16.27,50.43,0.24,KAVIN,WARNING
20.92,-58.52,20.0,43.43,10.89,KAVIN,NORMAL
17.26,-53.06,13.55,43.95,0.0,KAVIN,WARNING
15.664,-63.23,9.23,12.16,13.82,KAVIN,FAILURE
7.222,-35.0,20.0,83.9,9.78,KAVIN,NORMAL
7.459,-35.0,17.6,62.71,8.8,KAVIN,NORMAL
23.156,-67.23,15.95,93.94,2.17,KAVIN,WARNING
1.051,-35.0,20.0,86.09,0.41,KAVIN,NORMAL
23.478,-73.67,11.55,98.64,2.63,KAVIN,FAILURE
16.041,-53.84,20.0,13.05,5.36,KAVIN,WARNING
28.119,-77.18,9.08,68.36,16.21,KAVIN,NORMAL
29.921,-79.16,13.9,95.92,10.24,KAVIN,WARNING
20.073,-56.79,8.95,79.17,6.21,KAVIN,NORMAL
12.662,-37.58,19.97,38.55,3.94,KAVIN,NORMAL
14.515,-45.5,18.6,20.13,11.21,KAVIN,WARNING
6.524,-35.0,20.0,70.14,14.52,KAVIN,WARNING
3.427,-35.0,20.0,69.25,7.92,KAVIN,WARNING
17.574,-57.33,20.0,36.31,0.0,KAVIN,WARNING
24.262,-69.39,18.68,82.51,9.48,KAVIN,WARNING
8.222,-41.01,16.14,66.89,6.0,KAVIN,FAILURE
12.88,-49.33,19.41,47.33,14.38,KAVIN,WARNING
16.866,-56.09,14.81,51.92,5.62,KAVIN,FAILURE
27.283,-65.95,19.11,32.29,8.26,KAVIN,WARNING
4.59,-35.0,20.0,58.48,15.85,KAVIN,NORMAL
7.488,-35.0,20.0,55.19,7.51,KAVIN,NORMAL
27.597,-76.36,17.62,94.9,4.53,KAVIN,WARNING
1.666,-35.0,20.0,55.84,0.0,KAVIN,FAILURE
19.855,-67.49,13.75,79.97,9.42,KAVIN,NORMAL
19.366,-48.46,17.83,65.28,5.99,KAVIN,WARNING
11.806,-38.05,20.0,30.27,0.0,KAVIN,WARNING
14.311,-41.13,19.46,14.46,0.0,KAVIN,WARNING
25.72,-70.3,10.69,73.17,4.09,KAVIN,NORMAL
5.367,-35.0,19.78,82.21,0.8,KAVIN,WARNING
7.331,-37.25,20.0,88.74,4.34,KAVIN,NORMAL
15.614,-55.22,17.92,71.54,7.63,KAVIN,NORMAL
12.587,-50.06,13.3,49.08,4.13,KAVIN,WARNING
17.444,-58.13,15.33,54.33,7.34,KAVIN,WARNING
27.665,-77.56,10.06,78.43,7.46,KAVIN,NORMAL
27.555,-79.77,16.44,26.03,5.4,KAVIN,NORMAL
7.286,-35.0,20.0,50.74,6.89,KAVIN,NORMAL
9.413,-42.27,20.0,14.85,6.6,KAVIN,NORMAL
5.281,-35.92,18.54,19.47,0.33,KAVIN,WARNING
27.87,-71.21,15.87,30.77,7.32,KAVIN,FAILURE
12.237,-35.0,18.97,66.7,5.65,KAVIN,NORMAL
13.766,-45.72,18.59,92.81,5.02,KAVIN,NORMAL
24.178,-61.66,12.34,42.84,11.59,KAVIN,WARNING
15.633,-50.14,19.0,55.03,0.0,KAVIN,WARNING
4.033,-35.0,13.14,61.35,14.61,KAVIN,WARNING
13.417,-44.47,20.0,35.61,0.89,KAVIN,FAILURE
19.1,-75.47,15.63,72.08,0.15,KAVIN,NORMAL
21.717,-73.87,12.36,29.12,3.58,KAVIN,FAILURE
19.538,-48.95,20.0,27.04,9.37,KAVIN,WARNING
4.016,-35.0,20.0,28.52,16.07,KAVIN,WARNING
9.478,-38.22,18.39,53.14,6.26,KAVIN,WARNING
22.14,-68.55,13.1,32.52,1.72,KAVIN,WARNING
26.466,-74.28,8.87,48.99,12.06,KAVIN,WARNING
1.892,-35.0,20.0,43.92,0.0,KAVIN,NORMAL
1.746,-35.0,19.42,84.79,13.96,KAVIN,NORMAL
19.48,-52.01,16.32,29.72,11.01,KAVIN,NORMAL
16.667,-58.05,13.98,37.55,14.29,KAVIN,WARNING
5.083,-35.0,20.0,95.71,0.0,KAVIN,FAILURE
16.675,-51.14,16.05,32.02,1.64,KAVIN,WARNING
29.247,-77.1,9.48,81.72,0.54,KAVIN,FAILURE
19.112,-57.97,17.54,22.74,16.59,KAVIN,FAILURE
13.75,-49.4,18.82,62.8,14.45,KAVIN,NORMAL
24.912,-61.42,11.16,18.28,0.0,KAVIN,FAILURE
6.778,-35.0,20.0,46.9,13.47,KAVIN,NORMAL
12.723,-41.23,20.0,96.01,10.04,KAVIN,WARNING
16.069,-44.55,15.78,67.84,9.1,KAVIN,WARNING
15.384,-36.53,20.0,28.69,9.8,KAVIN,NORMAL
27.669,-72.78,9.22,82.8,13.51,KAVIN,NORMAL
9.134,-45.78,20.0,68.9,13.78,KAVIN,WARNING
2.167,-35.0,20.0,93.49,11.12,KAVIN,WARNING
27.533,-86.53,8.06,30.59,7.32,KAVIN,WARNING
6.903,-46.41,20.0,20.91,5.76,KAVIN,WARNING
11.681,-51.45,16.84,67.14,0.0,KAVIN,WARNING
16.161,-49.23,18.04,92.22,9.84,KAVIN,WARNING
29.288,-90.31,13.18,80.0,3.48,KAVIN,FAILURE
16.29,-63.85,18.23,47.0,8.66,KAVIN,WARNING
13.708,-48.57,16.87,48.85,6.67,KAVIN,WARNING
17.717,-50.42,15.3,39.93,13.87,KAVIN,WARNING
29.139,-84.07,14.13,92.56,12.96,KAVIN,NORMAL
24.629,-71.48,11.82,83.05,0.0,KAVIN,FAILURE
5.485,-35.0,20.0,34.07,5.31,KAVIN,NORMAL
24.196,-72.95,19.38,38.86,3.52,KAVIN,WARNING
25.312,-72.62,14.24,76.58,2.97,KAVIN,NORMAL
20.875,-60.85,13.96,48.17,15.39,KAVIN,NORMAL
19.888,-62.68,8.24,64.87,5.11,KAVIN,WARNING
13.506,-45.18,17.55,23.99,9.69,KAVIN,WARNING
19.43,-65.03,10.54,84.39,10.04,KAVIN,NORMAL
22.258,-72.6,12.9,60.07,2.9,KAVIN,WARNING
4.123,-35.0,20.0,84.32,8.72,KAVIN,NORMAL
8.091,-40.39,19.86,74.34,2.45,KAVIN,WARNING
6.225,-35.0,20.0,48.61,6.76,KAVIN,WARNING
25.316,-64.3,13.61,71.25,6.3,KAVIN,NORMAL
20.56,-68.99,10.88,15.39,8.46,KAVIN,NORMAL
13.798,-45.07,20.0,49.25,6.48,KAVIN,NORMAL
24.869,-80.71,9.03,49.23,0.77,KAVIN,WARNING
21.645,-65.6,10.48,47.86,6.22,KAVIN,NORMAL
27.451,-77.17,13.32,20.58,12.22,KAVIN,WARNING
2.766,-35.0,18.03,53.83,9.22,KAVIN,WARNING
15.52,-52.55,18.34,78.55,7.32,KAVIN,WARNING
21.349,-71.25,14.91,39.07,0.0,KAVIN,NORMAL
6.621,-35.0,20.0,83.67,4.96,KAVIN,WARNING
10.15,-40.77,18.62,62.69,10.59,KAVIN,NORMAL
12.86,-35.0,20.0,75.17,5.34,KAVIN,NORMAL
23.933,-57.07,14.49,90.79,11.26,KAVIN,FAILURE
15.06,-43.29,20.0,53.4,1.5,KAVIN,WARNING
15.04,-62.66,14.11,86.04,7.18,KAVIN,FAILURE
13.211,-39.74,15.25,22.63,1.96,KAVIN,NORMAL
7.243,-45.39,17.69,80.06,14.43,KAVIN,WARNING
27.731,-81.44,12.0,85.03,15.62,KAVIN,WARNING
9.875,-50.27,16.39,91.31,5.28,KAVIN,FAILURE
17.24,-49.89,16.17,17.29,1.05,KAVIN,WARNING
4.889,-37.04,20.0,20.53,14.07,KAVIN,WARNING
13.31,-54.4,19.07,12.04,4.46,KAVIN,WARNING
27.162,-85.52,6.11,55.52,8.52,KAVIN,WARNING
29.866,-81.28,15.43,27.36,10.83,KAVIN,WARNING
11.172,-47.54,16.6,61.1,0.0,KAVIN,NORMAL
5.043,-35.0,20.0,90.31,0.0,KAVIN,WARNING
9.776,-38.49,20.0,39.43,6.22,KAVIN,WARNING
10.154,-35.0,20.0,10.48,8.94,KAVIN,WARNING
19.513,-54.97,14.65,90.09,2.76,KAVIN,WARNING
15.137,-44.16,19.35,65.97,9.56,KAVIN,NORMAL
23.17,-58.52,14.55,28.14,4.73,KAVIN,NORMAL
21.188,-59.62,14.67,72.31,0.0,KAVIN,WARNING
7.914,-37.24,20.0,66.95,2.87,KAVIN,WARNING
23.636,-77.35,9.78,44.21,7.62,KAVIN,WARNING
25.5,-78.91,13.89,29.09,11.46,KAVIN,WARNING
18.153,-57.29,15.2,99.32,14.95,KAVIN,WARNING
27.866,-88.55,10.04,67.87,22.02,KAVIN,NORMAL
23.597,-70.0,13.74,10.16,6.64,KAVIN,FAILURE
18.064,-57.36,14.3,21.3,11.71,KAVIN,WARNING
27.232,-77.69,13.04,32.27,6.1,KAVIN,WARNING
18.211,-69.69,20.0,83.18,13.58,KAVIN,FAILURE
15.875,-57.25,20.0,52.72,4.61,KAVIN,WARNING
11.01,-35.0,19.03,15.41,2.28,KAVIN,WARNING
26.544,-92.31,2.64,33.86,8.7,KAVIN,WARNING
4.12,-35.0,15.06,98.26,1.74,KAVIN,WARNING
14.468,-43.33,13.02,79.11,17.31,KAVIN,WARNING
16.354,-70.19,11.71,10.42,16.29,KAVIN,NORMAL
16.865,-55.72,15.26,85.48,15.81,KAVIN,FAILURE
19.731,-57.49,14.18,27.3,0.82,KAVIN,NORMAL
15.421,-48.59,11.38,39.77,4.02,KAVIN,WARNING
8.076,-45.84,17.88,20.65,1.53,KAVIN,NORMAL
25.78,-71.11,16.79,10.95,6.22,KAVIN,FAILURE
19.897,-71.67,18.41,55.36,0.0,KAVIN,FAILURE
25.817,-74.11,14.6,35.74,7.25,KAVIN,FAILURE
8.643,-40.37,19.41,42.41,0.0,KAVIN,FAILURE
19.293,-66.79,10.65,25.21,12.28,KAVIN,WARNING
21.568,-64.75,16.98,82.58,12.38,KAVIN,WARNING
11.81,-47.33,12.41,25.61,9.57,KAVIN,FAILURE
24.461,-73.93,10.38,56.56,6.87,KAVIN,WARNING
0.574,-35.0,16.95,52.24,9.57,KAVIN,NORMAL
18.05,-61.72,17.12,92.78,8.06,KAVIN,WARNING
18.6,-66.02,16.54,98.9,11.16,KAVIN,NORMAL
16.248,-58.34,13.77,91.52,7.51,KAVIN,WARNING
19.086,-60.74,15.26,76.02,7.66,KAVIN,WARNING
5.433,-37.27,20.0,48.76,3.79,KAVIN,WARNING
20.701,-62.05,12.83,21.75,2.98,KAVIN,NORMAL
10.406,-45.27,16.6,88.29,0.0,KAVIN,NORMAL
13.836,-49.83,20.0,74.46,0.24,KAVIN,NORMAL
10.327,-45.62,18.88,21.86,6.79,KAVIN,WARNING
14.481,-45.15,20.0,17.92,2.51,KAVIN,FAILURE
18.836,-61.81,15.89,70.69,0.0,KAVIN,WARNING
25.231,-73.32,16.48,91.53,13.59,KAVIN,NORMAL
14.761,-55.34,17.86,29.25,2.76,KAVIN,NORMAL
10.035,-40.8,18.15,47.08,14.69,KAVIN,WARNING
14.894,-60.32,16.18,96.8,6.56,KAVIN,FAILURE
20.82,-65.23,18.37,95.14,2.71,KAVIN,WARNING
10.728,-43.43,18.23,72.88,10.25,KAVIN,WARNING
12.721,-38.06,20.0,52.67,7.61,KAVIN,FAILURE
17.104,-69.05,13.36,43.56,12.63,KAVIN,WARNING
9.173,-42.15,18.19,45.19,6.88,KAVIN,WARNING
6.668,-35.0,20.0,55.44,11.01,KAVIN,FAILURE
4.642,-40.8,17.38,71.89,10.09,KAVIN,WARNING
10.902,-47.66,20.0,55.98,14.21,KAVIN,WARNING
1.926,-35.51,20.0,30.67,15.15,KAVIN,NORMAL
17.713,-55.81,13.37,77.78,6.25,KAVIN,WARNING
5.689,-35.0,20.0,50.76,0.0,KAVIN,NORMAL
11.633,-43.42,20.0,61.58,13.33,KAVIN,WARNING
8.442,-40.77,19.47,79.84,11.09,KAVIN,WARNING
19.097,-61.02,16.21,44.56,14.01,KAVIN,NORMAL
25.585,-69.12,9.83,93.69,2.95,KAVIN,WARNING
19.182,-70.11,17.33,55.91,0.0,KAVIN,WARNING
16.504,-55.97,14.55,73.34,13.61,KAVIN,WARNING
20.238,-69.99,7.89,77.96,1.94,KAVIN,FAILURE
1.385,-35.0,19.3,42.78,8.44,KAVIN,FAILURE
4.124,-35.0,18.32,33.23,3.13,KAVIN,NORMAL
3.3,-35.0,20.0,93.1,6.86,KAVIN,WARNING
3.397,-35.0,20.0,38.21,9.7,KAVIN,NORMAL
8.184,-43.1,20.0,19.86,6.68,KAVIN,NORMAL
16.196,-52.81,19.78,54.62,11.27,KAVIN,NORMAL
3.883,-35.0,20.0,84.22,7.45,KAVIN,NORMAL
28.086,-71.61,12.89,35.38,2.08,KAVIN,WARNING
25.701,-78.18,6.23,54.44,16.14,KAVIN,WARNING
29.164,-81.89,8.75,42.54,10.68,KAVIN,NORMAL
1.754,-35.6,20.0,12.22,11.5,KAVIN,NORMAL
25.616,-72.48,10.69,22.38,18.51,KAVIN,WARNING
24.21,-71.59,16.15,81.73,2.84,KAVIN,WARNING
27.112,-75.59,9.4,94.11,2.84,KAVIN,NORMAL
16.074,-52.49,14.01,10.39,6.34,KAVIN,WARNING
23.743,-86.03,6.77,87.51,6.5,KAVIN,WARNING
2.013,-35.0,20.0,75.15,11.88,KAVIN,WARNING
2.738,-35.0,20.0,71.64,8.44,KAVIN,WARNING
3.997,-40.77,18.83,48.7,12.6,KAVIN,WARNING
27.486,-74.18,15.72,39.84,9.38,KAVIN,WARNING
2.304,-35.06,20.0,46.96,13.73,KAVIN,FAILURE
3.454,-35.0,20.0,64.13,17.92,KAVIN,FAILURE
27.947,-77.51,18.24,95.21,15.67,KAVIN,WARNING
3.668,-35.0,20.0,28.63,9.05,KAVIN,NORMAL
26.158,-81.51,13.22,97.63,2.58,KAVIN,WARNING
23.783,-61.1,14.44,30.96,10.81,KAVIN,WARNING
1.688,-36.36,20.0,86.12,6.88,KAVIN,WARNING
1.144,-35.0,20.0,69.4,5.58,KAVIN,NORMAL
16.264,-48.19,17.31,77.05,8.59,KAVIN,WARNING
29.917,-76.55,12.06,84.84,18.64,KAVIN,NORMAL
26.425,-78.07,16.01,11.06,5.59,KAVIN,NORMAL
9.646,-47.48,10.1,75.18,8.29,KAVIN,NORMAL
11.896,-53.89,19.06,99.61,18.55,KAVIN,FAILURE
11.943,-41.32,17.51,54.51,8.13,KAVIN,WARNING
22.158,-62.11,13.26,58.77,11.78,KAVIN,WARNING
10.563,-41.83,17.33,19.54,10.52,KAVIN,NORMAL
4.86,-35.0,16.04,40.67,8.18,KAVIN,WARNING
22.54,-78.17,11.51,65.13,2.05,KAVIN,WARNING
14.011,-44.25,20.0,20.8,12.78,KAVIN,NORMAL
2.765,-35.0,18.46,40.0,7.95,KAVIN,WARNING
23.807,-72.87,13.81,41.31,12.38,KAVIN,NORMAL
17.767,-63.73,11.63,83.16,4.51,KAVIN,FAILURE
14.936,-60.55,10.09,58.39,17.99,KAVIN,WARNING
20.364,-66.89,5.03,59.9,1.28,KAVIN,NORMAL
15.408,-53.06,18.1,35.41,3.3,KAVIN,WARNING
19.628,-69.9,16.8,38.21,2.11,KAVIN,NORMAL
26.091,-78.62,13.56,50.61,0.0,KAVIN,FAILURE
18.599,-62.3,11.53,83.52,0.0,KAVIN,WARNING
19.958,-68.67,18.96,38.52,18.06,KAVIN,WARNING
18.609,-57.37,18.7,38.93,0.0,KAVIN,NORMAL
16.17,-47.1,20.0,61.21,2.86,KAVIN,NORMAL
5.573,-35.0,20.0,85.58,14.93,KAVIN,WARNING
10.402,-41.08,20.0,55.35,3.25,KAVIN,NORMAL
20.947,-67.59,13.6,21.55,13.13,KAVIN,WARNING
13.052,-49.86,15.56,92.38,0.0,KAVIN,WARNING
12.481,-39.94,20.0,52.4,21.78,KAVIN,NORMAL
22.898,-71.6,11.87,79.64,11.86,KAVIN,FAILURE
0.664,-35.0,20.0,13.9,0.56,KAVIN,WARNING
20.53,-62.39,15.61,85.26,14.66,KAVIN,WARNING
14.932,-59.23,14.55,15.25,7.42,KAVIN,WARNING
11.614,-36.17,20.0,97.08,7.17,KAVIN,FAILURE
10.546,-35.0,20.0,90.14,0.0,KAVIN,WARNING
5.6,-38.54,19.69,33.99,16.32,KAVIN,WARNING
10.36,-35.0,14.05,30.12,13.73,KAVIN,WARNING
12.047,-51.94,17.29,80.5,7.17,KAVIN,WARNING
13.405,-43.01,17.73,23.65,1.78,KAVIN,FAILURE
20.333,-66.47,11.04,88.15,9.91,KAVIN,FAILURE
13.88,-44.14,20.0,12.87,10.66,KAVIN,NORMAL
23.99,-77.38,10.14,68.65,10.08,KAVIN,NORMAL
19.372,-69.76,17.91,33.41,1.64,KAVIN,NORMAL
6.093,-36.98,20.0,85.83,7.68,KAVIN,NORMAL
8.677,-45.14,18.51,43.94,0.0,KAVIN,WARNING
2.838,-35.0,20.0,48.94,8.22,KAVIN,FAILURE
28.399,-78.45,17.64,23.1,8.12,KAVIN,WARNING
26.653,-77.52,12.52,66.36,0.0,KAVIN,WARNING
3.001,-36.16,19.25,52.36,6.16,KAVIN,FAILURE
17.435,-66.03,16.57,10.78,14.86,KAVIN,FAILURE
28.832,-81.86,14.76,75.78,4.08,KAVIN,NORMAL
22.541,-71.22,15.31,21.53,0.0,KAVIN,NORMAL
15.008,-53.66,19.9,57.35,6.76,KAVIN,FAILURE
7.613,-44.67,20.0,58.52,9.92,KAVIN,WARNING
8.732,-39.64,20.0,36.94,13.64,KAVIN,WARNING
22.219,-69.76,13.95,30.58,2.95,KAVIN,WARNING
23.527,-56.04,20.0,38.02,7.21,KAVIN,WARNING
16.096,-55.34,16.05,45.82,2.53,KAVIN,NORMAL
4.068,-35.0,20.0,94.08,10.38,KAVIN,FAILURE
28.049,-82.79,16.28,70.23,1.77,KAVIN,WARNING
25.421,-66.48,17.35,96.89,10.84,KAVIN,WARNING
4.646,-35.0,20.0,17.65,4.68,KAVIN,NORMAL
2.173,-35.0,20.0,14.09,5.67,KAVIN,WARNING
16.308,-48.26,18.61,15.26,0.0,KAVIN,NORMAL
8.882,-43.03,20.0,87.33,6.88,KAVIN,NORMAL
8.856,-38.56,20.0,85.09,9.38,KAVIN,WARNING
3.073,-35.0,18.02,49.42,8.65,KAVIN,WARNING
28.625,-78.88,16.11,49.19,5.9,KAVIN,WARNING
24.99,-74.2,6.01,48.47,10.92,KAVIN,WARNING
3.858,-35.76,19.2,95.0,0.29,KAVIN,NORMAL
26.36,-80.21,12.42,33.57,2.44,KAVIN,NORMAL
20.647,-61.67,15.49,74.65,2.31,KAVIN,FAILURE
10.101,-50.99,20.0,19.89,4.51,KAVIN,WARNING
26.202,-80.24,7.36,33.54,11.05,KAVIN,FAILURE
18.142,-63.35,17.09,63.85,13.6,KAVIN,NORMAL
25.536,-72.54,10.99,63.79,12.28,KAVIN,WARNING
14.343,-51.42,20.0,59.83,2.46,KAVIN,NORMAL
15.269,-52.03,14.21,21.11,6.43,KAVIN,NORMAL
9.085,-36.64,20.0,77.92,0.0,KAVIN,WARNING
11.937,-42.69,20.0,74.0,1.9,KAVIN,NORMAL
17.249,-56.89,14.55,71.28,2.58,KAVIN,NORMAL
28.438,-79.81,11.99,21.64,1.66,KAVIN,FAILURE
18.203,-65.86,14.48,29.88,12.46,KAVIN,NORMAL
4.848,-35.0,19.94,91.97,7.97,KAVIN,WARNING
0.706,-35.0,20.0,53.44,4.06,KAVIN,WARNING
25.604,-66.37,10.03,47.62,8.33,KAVIN,NORMAL
11.248,-37.26,20.0,88.53,14.55,KAVIN,WARNING
9.791,-36.48,19.92,36.54,8.62,KAVIN,WARNING
24.122,-66.59,14.27,84.35,1.66,KAVIN,NORMAL
28.388,-83.31,14.05,49.73,8.33,KAVIN,WARNING
22.567,-68.53,12.41,65.94,1.21,KAVIN,NORMAL
5.628,-35.0,20.0,42.83,0.0,KAVIN,NORMAL
12.046,-43.84,11.72,92.47,10.17,KAVIN,FAILURE
22.902,-74.48,19.23,19.56,11.25,KAVIN,WARNING
27.254,-84.12,15.09,29.54,5.22,KAVIN,FAILURE
29.959,-102.31,6.51,28.24,0.0,KAVIN,NORMAL
15.591,-57.23,20.0,33.42,10.24,KAVIN,NORMAL
24.764,-69.69,15.32,50.9,10.13,KAVIN,WARNING
1.876,-37.47,13.96,20.52,14.94,KAVIN,WARNING
8.932,-35.0,18.56,13.5,1.32,KAVIN,NORMAL
11.46,-43.52,20.0,60.93,5.16,KAVIN,NORMAL
29.278,-78.02,10.85,55.19,7.08,KAVIN,FAILURE
0.6,-35.0,19.5,40.66,2.81,KAVIN,WARNING
9.587,-43.44,20.0,25.36,3.82,KAVIN,NORMAL
27.947,-67.07,17.43,20.56,9.93,KAVIN,WARNING
9.547,-57.81,14.12,90.01,6.44,KAVIN,WARNING
7.139,-38.48,20.0,49.1,5.96,KAVIN,WARNING
22.038,-69.42,13.66,95.72,7.52,KAVIN,NORMAL
22.487,-71.43,13.61,39.28,13.24,KAVIN,WARNING
14.429,-45.47,18.6,65.14,9.09,KAVIN,WARNING
28.434,-75.48,9.1,61.07,14.5,KAVIN,WARNING
6.48,-35.0,18.84,24.63,10.76,KAVIN,WARNING
27.446,-71.02,9.39,54.44,11.22,KAVIN,WARNING
22.787,-77.37,8.46,53.62,17.96,KAVIN,NORMAL
11.362,-51.45,14.63,55.58,1.42,KAVIN,NORMAL
24.304,-73.73,12.05,37.18,9.34,KAVIN,WARNING
4.429,-35.0,18.34,31.86,20.81,KAVIN,WARNING
4.364,-35.0,19.44,46.94,0.0,KAVIN,FAILURE
27.933,-81.01,12.09,93.05,4.76,KAVIN,WARNING
3.296,-35.0,18.69,61.25,15.03,KAVIN,FAILURE
0.62,-35.0,20.0,52.18,10.26,KAVIN,FAILURE
11.976,-51.33,20.0,27.6,4.31,KAVIN,NORMAL
3.564,-35.0,19.32,93.35,14.45,KAVIN,NORMAL
25.96,-82.65,10.57,69.37,0.0,KAVIN,FAILURE
27.719,-70.54,14.99,98.97,14.6,KAVIN,NORMAL
14.732,-49.93,20.0,25.19,3.59,KAVIN,WARNING
13.051,-39.32,18.73,45.13,6.29,KAVIN,NORMAL
16.402,-45.59,16.48,39.94,12.93,KAVIN,NORMAL
7.173,-35.0,20.0,39.9,0.0,KAVIN,WARNING
9.29,-47.32,20.0,12.96,9.78,KAVIN,WARNING
3.479,-35.0,18.98,58.42,5.94,KAVIN,NORMAL
13.67,-52.72,18.27,64.79,12.43,KAVIN,WARNING
18.545,-58.16,20.0,14.24,9.21,KAVIN,NORMAL
27.942,-74.89,17.82,89.18,2.27,KAVIN,WARNING
22.303,-59.86,19.54,28.13,0.0,KAVIN,WARNING
21.83,-64.8,16.24,23.29,15.32,KAVIN,FAILURE
9.586,-35.0,19.85,26.22,0.0,KAVIN,NORMAL
26.705,-80.66,11.08,47.95,8.3,KAVIN,WARNING
28.435,-73.73,12.87,17.41,5.15,KAVIN,WARNING
28.002,-65.93,15.05,84.15,7.89,KAVIN,FAILURE
1.645,-35.0,20.0,71.2,0.0,KAVIN,WARNING
18.328,-59.79,15.24,52.5,7.49,KAVIN,WARNING
19.475,-65.11,14.15,55.06,4.47,KAVIN,NORMAL
9.204,-41.4,20.0,46.54,12.36,KAVIN,WARNING
29.776,-74.94,9.23,74.41,4.31,KAVIN,NORMAL
9.09,-43.67,20.0,95.79,1.67,KAVIN,FAILURE
6.89,-35.0,20.0,59.81,0.0,KAVIN,NORMAL
14.782,-49.34,17.86,60.71,13.72,KAVIN,NORMAL
10.033,-35.0,18.44,57.01,0.0,KAVIN,NORMAL
27.759,-72.87,12.29,91.91,11.28,KAVIN,FAILURE
13.482,-46.66,20.0,67.22,0.0,KAVIN,NORMAL
12.599,-44.3,19.16,88.7,8.47,KAVIN,WARNING
18.963,-54.4,19.76,62.6,3.88,KAVIN,WARNING
2.893,-35.0,20.0,72.84,8.4,KAVIN,WARNING
22.824,-67.89,10.88,69.01,0.0,KAVIN,NORMAL
23.168,-75.77,6.25,49.66,12.92,KAVIN,WARNING
14.484,-54.19,17.59,22.35,3.89,KAVIN,NORMAL
28.693,-81.39,10.72,47.97,2.62,KAVIN,NORMAL
17.591,-67.53,13.81,88.48,9.0,KAVIN,NORMAL
21.009,-58.26,16.3,69.03,11.46,KAVIN,WARNING
27.768,-77.85,10.05,94.92,10.35,KAVIN,FAILURE
20.157,-67.26,15.14,35.08,14.96,KAVIN,NORMAL
13.239,-50.27,18.81,52.46,0.0,KAVIN,NORMAL
1.231,-35.0,19.43,76.9,0.0,KAVIN,NORMAL
21.985,-68.57,15.12,21.92,6.69,KAVIN,WARNING
28.964,-83.64,7.9,18.86,13.88,KAVIN,WARNING
14.372,-53.98,16.26,77.75,11.83,KAVIN,FAILURE
10.523,-54.86,16.01,69.87,9.86,KAVIN,WARNING
15.818,-60.28,20.0,53.28,3.6,KAVIN,NORMAL
21.989,-65.59,15.64,16.01,7.32,KAVIN,FAILURE
0.52,-35.0,20.0,66.48,0.94,KAVIN,NORMAL
26.673,-73.71,13.33,70.16,11.63,KAVIN,WARNING
26.648,-72.89,11.55,37.05,1.0,KAVIN,WARNING
16.468,-44.63,18.64,18.09,5.61,KAVIN,FAILURE
4.11,-35.0,18.31,55.37,15.37,KAVIN,WARNING
20.318,-63.72,14.7,53.77,7.56,KAVIN,FAILURE
4.566,-35.0,20.0,36.55,7.97,KAVIN,WARNING
15.473,-61.13,17.71,60.74,5.71,KAVIN,NORMAL
3.262,-35.0,20.0,64.77,7.86,KAVIN,WARNING
17.877,-63.69,17.64,93.03,15.23,KAVIN,WARNING
9.883,-38.05,20.0,79.65,6.85,KAVIN,WARNING
25.014,-75.32,12.87,82.82,4.4,KAVIN,WARNING
24.098,-68.12,14.05,26.71,2.31,KAVIN,NORMAL
29.955,-79.2,14.48,51.23,5.03,KAVIN,WARNING
8.096,-35.0,20.0,28.7,8.05,KAVIN,WARNING
2.323,-35.0,17.91,26.84,10.95,KAVIN,WARNING
13.569,-53.87,15.64,55.49,0.59,KAVIN,NORMAL
2.96,-35.0,20.0,35.21,4.49,KAVIN,NORMAL
5.766,-43.71,20.0,29.31,5.15,KAVIN,WARNING
18.12,-64.12,13.48,75.31,18.81,KAVIN,WARNING
17.968,-52.94,11.69,13.05,9.44,KAVIN,WARNING
1.778,-35.0,20.0,77.69,0.0,KAVIN,NORMAL
13.566,-48.51,20.0,90.88,0.0,KAVIN,NORMAL
16.141,-61.77,19.64,73.43,2.84,KAVIN,WARNING
8.407,-37.66,20.0,27.38,1.85,KAVIN,NORMAL
26.225,-84.11,10.41,76.23,15.62,KAVIN,WARNING
5.252,-35.0,20.0,55.18,2.74,KAVIN,WARNING
7.99,-35.0,20.0,67.42,11.64,KAVIN,NORMAL
5.131,-35.0,20.0,45.34,2.21,KAVIN,NORMAL
3.938,-35.0,17.29,27.13,13.67,KAVIN,NORMAL
26.43,-75.33,16.79,12.05,8.02,KAVIN,FAILURE
8.697,-35.0,20.0,76.71,0.0,KAVIN,NORMAL
21.814,-62.83,15.15,48.4,13.89,KAVIN,WARNING
13.125,-45.26,17.5,31.79,0.0,KAVIN,WARNING
19.258,-59.82,19.83,66.06,1.86,KAVIN,NORMAL
27.881,-77.81,8.53,81.33,11.04,KAVIN,WARNING
25.416,-84.62,5.63,57.6,1.43,KAVIN,WARNING
2.535,-35.0,16.8,78.52,10.65,KAVIN,WARNING
25.433,-78.34,15.7,40.47,0.0,KAVIN,FAILURE
13.829,-50.32,16.65,68.77,10.81,KAVIN,WARNING
10.829,-35.72,13.39,65.45,0.82,KAVIN,WARNING
20.335,-53.29,16.11,25.6,3.94,KAVIN,NORMAL
28.531,-85.63,14.32,76.46,13.74,KAVIN,NORMAL
3.277,-35.0,17.41,78.42,2.82,KAVIN,WARNING
23.158,-67.7,15.01,69.1,3.01,KAVIN,FAILURE
6.503,-38.65,17.54,44.16,12.98,KAVIN,NORMAL
11.714,-38.96,20.0,59.16,8.94,KAVIN,NORMAL
26.278,-73.88,11.46,49.44,12.54,KAVIN,NORMAL
16.601,-48.52,14.12,10.27,14.97,KAVIN,WARNING
2.49,-35.0,20.0,11.02,1.77,KAVIN,FAILURE
15.487,-53.98,16.0,27.72,4.64,KAVIN,WARNING
23.794,-61.6,13.39,92.17,12.36,KAVIN,WARNING
16.102,-53.55,19.19,66.83,0.0,KAVIN,WARNING
5.423,-35.0,20.0,45.09,9.2,KAVIN,NORMAL
13.629,-41.3,17.82,64.64,11.28,KAVIN,WARNING
27.768,-71.81,11.4,15.75,0.84,KAVIN,NORMAL
19.917,-57.86,13.53,19.39,11.05,KAVIN,NORMAL
22.032,-63.42,15.16,17.28,11.89,KAVIN,FAILURE
23.685,-67.57,13.79,83.53,0.98,KAVIN,WARNING
3.175,-35.0,19.52,99.99,14.9,KAVIN,NORMAL
17.655,-53.81,16.56,30.12,0.0,KAVIN,NORMAL
11.589,-35.0,17.7,53.44,3.53,KAVIN,WARNING
4.605,-35.0,20.0,21.94,1.27,KAVIN,WARNING
6.48,-36.9,17.87,89.36,6.27,KAVIN,FAILURE
23.544,-56.03,20.0,24.03,7.85,KAVIN,NORMAL
5.264,-40.21,19.34,57.24,0.0,KAVIN,FAILURE
9.716,-35.0,20.0,62.32,0.0,KAVIN,WARNING
8.904,-41.76,20.0,53.26,0.0,KAVIN,WARNING
1.935,-36.73,20.0,15.49,1.38,KAVIN,NORMAL
14.134,-54.28,12.29,71.68,13.88,KAVIN,FAILURE
23.095,-82.7,13.83,89.72,5.12,KAVIN,WARNING
1.154,-35.0,18.29,18.1,6.06,KAVIN,WARNING
3.82,-35.0,19.59,75.53,1.12,KAVIN,FAILURE
21.746,-59.5,14.08,83.9,12.12,KAVIN,WARNING
18.011,-63.63,14.69,24.69,11.85,KAVIN,WARNING
21.6,-71.17,17.08,99.47,13.69,KAVIN,FAILURE
7.288,-35.0,18.25,36.82,1.41,KAVIN,NORMAL
24.211,-73.29,11.6,37.88,5.47,KAVIN,NORMAL
14.656,-54.17,16.91,61.06,12.08,KAVIN,NORMAL
18.504,-61.71,16.96,83.71,9.03,KAVIN,NORMAL
3.219,-35.0,20.0,51.28,15.91,KAVIN,NORMAL
6.548,-35.0,20.0,59.13,0.0,KAVIN,NORMAL
23.314,-65.7,12.38,65.53,9.1,KAVIN,FAILURE
7.105,-35.0,20.0,81.33,6.64,KAVIN,WARNING
3.23,-38.36,20.0,68.21,4.27,KAVIN,NORMAL
18.117,-67.23,12.38,25.22,0.0,KAVIN,NORMAL
16.664,-58.18,19.84,64.01,0.0,KAVIN,WARNING
18.433,-62.62,16.18,29.16,5.29,KAVIN,WARNING
18.74,-53.38,18.63,49.24,10.22,KAVIN,FAILURE
15.256,-41.78,18.85,87.92,5.0,KAVIN,WARNING
15.066,-49.71,12.73,21.14,16.09,KAVIN,WARNING
27.763,-72.64,15.76,42.57,10.09,KAVIN,NORMAL
16.25,-46.01,14.28,60.54,11.58,KAVIN,NORMAL
18.71,-59.0,16.69,88.37,4.6,KAVIN,NORMAL
8.376,-42.16,16.55,80.1,7.69,KAVIN,WARNING
26.197,-72.65,17.16,48.16,12.49,KAVIN,WARNING
1.219,-35.0,19.11,54.94,11.05,KAVIN,FAILURE
16.938,-64.26,15.78,86.16,12.64,KAVIN,NORMAL
11.824,-47.29,13.35,88.93,0.0,KAVIN,FAILURE
18.315,-57.71,12.43,57.57,14.37,KAVIN,NORMAL
11.125,-40.77,17.18,27.92,8.6,KAVIN,FAILURE
21.672,-68.27,15.0,54.83,11.18,KAVIN,FAILURE
1.1,-35.0,20.0,93.41,7.85,KAVIN,NORMAL
12.474,-40.99,18.77,64.95,8.63,KAVIN,NORMAL
25.022,-58.62,12.04,79.59,6.6,KAVIN,NORMAL
7.881,-44.88,17.37,11.68,0.0,KAVIN,NORMAL
2.056,-35.0,20.0,67.09,7.36,KAVIN,NORMAL
15.147,-49.63,20.0,63.86,9.14,KAVIN,WARNING
29.308,-72.58,15.48,52.48,1.82,KAVIN,NORMAL
2.393,-35.0,20.0,71.12,11.43,KAVIN,WARNING
2.567,-35.0,20.0,87.7,1.69,KAVIN,NORMAL
18.056,-55.85,20.0,93.63,11.87,KAVIN,NORMAL
7.877,-35.0,20.0,33.11,8.2,KAVIN,WARNING
12.602,-45.4,13.23,55.43,0.95,KAVIN,WARNING
25.0,-74.46,5.94,37.13,3.78,KAVIN,WARNING
6.366,-35.0,18.84,47.68,3.78,KAVIN,NORMAL
21.719,-69.69,10.11,54.89,5.6,KAVIN,NORMAL
15.382,-50.81,20.0,80.68,13.16,KAVIN,WARNING
27.196,-66.79,15.19,92.44,7.66,KAVIN,NORMAL
29.202,-82.69,9.33,62.86,12.35,KAVIN,FAILURE
14.806,-49.92,19.65,99.31,12.11,KAVIN,FAILURE
17.747,-49.21,13.28,61.02,16.1,KAVIN,WARNING
22.502,-70.32,17.37,82.57,3.81,KAVIN,NORMAL
9.901,-56.18,20.0,22.5,0.0,KAVIN,NORMAL
7.189,-44.19,17.54,10.69,0.5,KAVIN,WARNING
28.958,-94.5,8.66,12.43,0.97,KAVIN,NORMAL
13.262,-53.25,15.62,90.28,12.45,KAVIN,NORMAL
0.547,-35.0,20.0,16.73,19.03,KAVIN,WARNING
25.213,-77.22,11.17,65.16,9.49,KAVIN,NORMAL
18.19,-53.52,17.71,61.87,6.9,KAVIN,FAILURE
5.472,-35.0,20.0,80.26,16.88,KAVIN,WARNING
1.389,-35.0,17.1,38.21,2.34,KAVIN,NORMAL
9.099,-44.06,20.0,41.79,0.0,KAVIN,NORMAL
27.873,-83.16,14.21,41.8,19.17,KAVIN,WARNING
28.038,-87.45,10.1,25.16,11.27,KAVIN,WARNING
9.675,-40.99,16.89,28.71,13.59,KAVIN,FAILURE
25.16,-76.37,13.43,27.78,2.26,KAVIN,WARNING
13.534,-51.31,20.0,23.12,13.4,KAVIN,NORMAL
19.803,-58.47,10.79,79.39,5.83,KAVIN,FAILURE
10.366,-40.25,17.77,64.89,0.0,KAVIN,NORMAL
15.721,-50.6,18.03,61.24,17.61,KAVIN,NORMAL
9.166,-37.91,20.0,70.89,9.65,KAVIN,WARNING
2.303,-35.0,20.0,41.04,0.0,KAVIN,WARNING
4.612,-35.0,20.0,75.71,3.08,KAVIN,FAILURE
9.075,-35.0,20.0,34.62,8.96,KAVIN,WARNING
29.299,-88.46,13.43,83.59,4.44,KAVIN,WARNING
28.987,-87.71,10.9,65.39,12.29,KAVIN,FAILURE
24.916,-80.35,9.81,83.95,5.54,KAVIN,FAILURE
7.359,-38.35,20.0,14.92,6.02,KAVIN,WARNING
13.527,-43.12,20.0,85.89,0.02,KAVIN,NORMAL
13.474,-42.68,20.0,19.13,0.0,KAVIN,NORMAL
11.916,-38.58,20.0,70.17,9.6,KAVIN,FAILURE
1.824,-36.73,19.63,30.51,3.77,KAVIN,WARNING
16.269,-60.68,14.22,14.2,4.51,KAVIN,NORMAL
2.648,-35.0,19.0,33.34,9.16,KAVIN,FAILURE
24.157,-81.88,8.02,46.3,8.42,KAVIN,WARNING
20.894,-69.18,14.86,22.95,0.69,KAVIN,WARNING
10.906,-35.0,20.0,18.97,4.29,KAVIN,NORMAL
19.591,-68.63,20.0,99.44,0.0,KAVIN,WARNING
7.375,-35.0,17.16,17.14,6.04,KAVIN,NORMAL
8.325,-35.0,20.0,27.15,5.07,KAVIN,FAILURE
9.767,-49.67,17.78,32.75,12.94,KAVIN,NORMAL
24.012,-73.23,12.47,38.54,4.09,KAVIN,NORMAL
6.715,-35.0,20.0,21.81,10.26,KAVIN,WARNING
17.102,-52.29,20.0,85.58,0.58,KAVIN,NORMAL
6.414,-35.0,20.0,93.22,10.39,KAVIN,WARNING
8.909,-35.0,20.0,59.41,4.82,KAVIN,WARNING
7.447,-47.47,14.73,61.03,0.0,KAVIN,NORMAL
19.528,-60.76,17.19,99.44,0.0,KAVIN,FAILURE
16.039,-60.43,15.8,89.54,0.0,KAVIN,NORMAL
21.778,-59.74,19.96,46.67,7.14,KAVIN,WARNING
6.988,-35.0,17.67,78.3,0.0,KAVIN,WARNING
0.77,-35.0,16.89,33.87,7.4,KAVIN,WARNING
20.575,-58.58,18.38,14.67,0.0,KAVIN,NORMAL
3.888,-35.0,20.0,11.99,10.01,KAVIN,NORMAL
7.766,-35.54,20.0,58.5,0.0,KAVIN,WARNING
9.518,-35.0,20.0,54.97,13.47,KAVIN,WARNING
22.531,-71.54,11.23,23.56,5.56,KAVIN,NORMAL
18.964,-58.15,15.43,86.78,8.47,KAVIN,WARNING
5.936,-35.0,15.48,62.46,15.38,KAVIN,WARNING
18.138,-51.22,16.21,44.34,0.0,KAVIN,FAILURE
21.39,-72.45,11.64,55.53,16.77,KAVIN,WARNING
11.972,-43.3,20.0,18.77,0.0,KAVIN,WARNING
7.756,-35.0,20.0,90.99,9.67,KAVIN,WARNING
20.53,-60.36,15.01,36.15,13.58,KAVIN,WARNING
18.521,-59.37,19.53,25.71,13.7,KAVIN,WARNING
2.798,-35.0,20.0,48.34,6.43,KAVIN,FAILURE
20.167,-60.35,20.0,35.31,0.0,KAVIN,FAILURE
14.911,-46.89,18.02,37.69,0.0,KAVIN,FAILURE
22.724,-79.19,14.86,84.2,3.05,KAVIN,WARNING
6.126,-35.0,16.0,59.23,0.0,KAVIN,NORMAL
8.117,-35.0,20.0,93.86,7.48,KAVIN,NORMAL
16.528,-46.05,17.94,95.53,1.55,KAVIN,NORMAL
14.711,-53.59,20.0,99.24,12.86,KAVIN,WARNING
11.898,-57.6,15.4,21.84,6.54,KAVIN,WARNING
22.508,-61.25,14.62,90.72,8.58,KAVIN,WARNING
17.16,-72.75,14.92,36.51,0.0,KAVIN,WARNING
21.453,-63.96,15.76,66.63,6.54,KAVIN,FAILURE
5.021,-35.0,16.2,89.0,1.98,KAVIN,NORMAL
22.005,-69.4,7.91,18.36,0.0,KAVIN,WARNING
14.115,-46.23,20.0,23.67,0.0,KAVIN,NORMAL
1.496,-35.0,20.0,75.99,0.0,KAVIN,NORMAL
7.418,-35.0,20.0,41.21,7.58,KAVIN,WARNING
1.26,-35.0,20.0,68.95,5.43,KAVIN,WARNING
13.978,-50.13,15.78,20.26,1.9,KAVIN,WARNING
10.113,-41.87,18.02,97.52,6.64,KAVIN,NORMAL
29.63,-83.64,7.2,55.11,13.46,KAVIN,FAILURE
26.121,-79.02,11.3,88.35,3.75,KAVIN,WARNING
24.857,-82.57,14.14,70.75,0.0,KAVIN,WARNING
15.283,-54.01,15.98,95.66,17.14,KAVIN,NORMAL
24.309,-78.47,12.33,61.35,5.94,KAVIN,WARNING
8.373,-35.0,20.0,37.57,7.13,KAVIN,NORMAL
17.039,-47.47,15.66,65.22,19.06,KAVIN,FAILURE
12.091,-46.93,17.02,99.72,2.68,KAVIN,WARNING
5.555,-35.0,20.0,83.38,0.0,KAVIN,WARNING
2.642,-35.0,16.56,50.95,2.23,KAVIN,WARNING
16.967,-57.38,16.48,83.49,7.31,KAVIN,NORMAL
3.38,-35.0,20.0,73.25,9.34,KAVIN,NORMAL
21.681,-64.4,16.26,94.48,3.63,KAVIN,WARNING
27.683,-84.05,12.67,42.83,13.27,KAVIN,WARNING
5.282,-35.0,19.89,13.63,5.49,KAVIN,NORMAL
14.393,-43.31,16.94,17.78,2.06,KAVIN,NORMAL
22.294,-65.34,16.6,79.07,2.09,KAVIN,NORMAL
8.962,-42.12,20.0,72.21,14.19,KAVIN,NORMAL
27.663,-67.78,16.19,76.0,5.99,KAVIN,WARNING
26.71,-75.8,8.9,70.09,17.0,KAVIN,NORMAL
3.561,-35.0,17.67,51.14,6.38,KAVIN,WARNING
1.308,-35.0,19.32,16.13,0.0,KAVIN,WARNING
29.306,-91.07,8.78,85.2,7.63,KAVIN,WARNING
28.716,-83.3,12.38,26.27,2.65,KAVIN,NORMAL
12.957,-45.04,16.27,99.09,13.36,KAVIN,WARNING
1.992,-35.0,20.0,28.49,0.0,KAVIN,WARNING
18.757,-51.36,20.0,17.54,13.22,KAVIN,NORMAL
9.156,-53.42,17.01,43.8,7.0,KAVIN,WARNING
28.133,-81.69,14.59,39.29,16.82,KAVIN,WARNING
23.943,-71.66,13.28,97.9,6.07,KAVIN,NORMAL
19.663,-60.86,17.75,45.51,5.94,KAVIN,FAILURE
8.893,-44.65,20.0,14.19,5.74,KAVIN,NORMAL
21.187,-69.28,18.17,98.84,2.89,KAVIN,WARNING
9.03,-52.66,12.11,80.78,18.34,KAVIN,FAILURE
1.61,-35.0,20.0,99.81,13.49,KAVIN,FAILURE
15.499,-48.92,20.0,38.58,1.77,KAVIN,WARNING
14.916,-54.72,20.0,20.6,5.11,KAVIN,WARNING
23.009,-75.33,9.29,45.79,0.0,KAVIN,NORMAL
26.037,-75.7,14.25,22.6,0.0,KAVIN,WARNING
10.957,-48.72,16.24,23.22,2.74,KAVIN,FAILURE
13.759,-57.03,15.81,91.24,1.09,KAVIN,FAILURE
14.377,-49.33,19.8,99.45,0.0,KAVIN,NORMAL
10.065,-41.48,16.44,99.5,5.91,KAVIN,WARNING
22.43,-56.15,17.96,49.46,8.32,KAVIN,WARNING
15.902,-51.28,15.01,31.54,15.96,KAVIN,WARNING
27.462,-79.56,5.09,25.48,5.31,KAVIN,FAILURE
19.684,-62.77,18.84,44.39,6.65,KAVIN,WARNING
6.751,-35.45,19.59,63.91,2.53,KAVIN,FAILURE
5.362,-38.98,19.83,76.92,12.1,KAVIN,NORMAL
11.485,-38.5,20.0,56.47,9.1,KAVIN,FAILURE
10.734,-46.91,20.0,85.85,5.46,KAVIN,NORMAL
12.51,-40.34,20.0,92.77,1.69,KAVIN,WARNING
5.916,-39.01,20.0,89.71,6.93,KAVIN,WARNING
29.358,-76.82,9.73,43.23,0.0,KAVIN,NORMAL
4.798,-35.0,20.0,95.55,0.0,KAVIN,FAILURE
19.753,-57.46,20.0,93.08,1.67,KAVIN,WARNING
0.886,-35.0,20.0,47.05,7.14,KAVIN,NORMAL
12.505,-42.94,20.0,47.92,9.94,KAVIN,WARNING
9.621,-37.68,20.0,17.02,11.04,KAVIN,FAILURE
11.77,-35.0,20.0,94.33,4.19,KAVIN,NORMAL
15.193,-58.21,19.39,17.96,9.31,KAVIN,NORMAL
18.211,-54.68,17.57,54.2,16.38,KAVIN,WARNING
17.714,-57.8,13.12,74.93,9.82,KAVIN,WARNING
19.106,-59.58,20.0,89.17,0.0,KAVIN,WARNING
25.414,-71.8,13.29,61.39,2.74,KAVIN,FAILURE
26.658,-77.41,12.75,71.43,6.61,KAVIN,FAILURE
22.249,-55.59,16.07,73.91,0.0,KAVIN,NORMAL
2.829,-35.0,19.97,11.44,17.09,KAVIN,FAILURE
28.858,-83.39,13.39,94.82,0.0,KAVIN,WARNING
28.448,-82.5,7.75,42.39,16.79,KAVIN,NORMAL
21.495,-69.83,9.31,25.98,13.69,KAVIN,FAILURE
15.764,-43.31,19.93,52.6,0.96,KAVIN,NORMAL
7.893,-35.0,20.0,76.01,5.14,KAVIN,WARNING
22.812,-77.41,10.02,84.46,2.12,KAVIN,WARNING
26.397,-73.5,10.64,74.77,8.53,KAVIN,FAILURE
20.123,-71.49,11.99,46.01,2.83,KAVIN,WARNING
19.058,-50.68,20.0,71.34,0.0,KAVIN,FAILURE
6.194,-35.35,20.0,48.87,14.82,KAVIN,WARNING
11.055,-42.35,16.02,98.82,11.47,KAVIN,NORMAL
21.833,-58.41,15.34,99.68,0.0,KAVIN,NORMAL
0.999,-35.0,18.54,32.48,20.23,KAVIN,FAILURE
19.417,-65.68,7.77,53.5,6.42,KAVIN,NORMAL
23.117,-66.85,14.89,61.89,13.85,KAVIN,WARNING
10.374,-46.06,20.0,67.26,0.0,KAVIN,WARNING
2.747,-35.0,20.0,49.05,0.0,KAVIN,NORMAL
24.664,-69.23,10.06,57.19,19.31,KAVIN,WARNING
4.684,-35.0,20.0,59.88,6.23,KAVIN,WARNING
11.439,-35.02,17.91,44.92,0.0,KAVIN,NORMAL
21.364,-65.91,14.99,38.84,7.63,KAVIN,NORMAL
24.601,-60.23,11.8,67.12,9.47,KAVIN,NORMAL
25.94,-85.99,17.33,49.78,17.16,KAVIN,WARNING
16.147,-58.98,16.82,97.49,2.54,KAVIN,WARNING
14.538,-66.66,11.64,43.81,16.24,KAVIN,WARNING
25.525,-76.36,13.39,27.63,11.15,KAVIN,WARNING
17.111,-43.94,18.13,48.4,0.0,KAVIN,WARNING
17.57,-58.12,20.0,69.12,5.07,KAVIN,WARNING
13.302,-55.12,15.79,49.76,3.15,KAVIN,NORMAL
11.498,-46.64,14.96,35.71,16.65,KAVIN,NORMAL
14.676,-53.68,14.59,54.57,0.0,KAVIN,WARNING
11.263,-44.73,12.88,50.23,1.69,KAVIN,FAILURE
10.635,-42.24,19.59,94.97,4.33,KAVIN,WARNING
29.813,-82.26,10.22,11.7,3.66,KAVIN,FAILURE
10.418,-45.78,19.37,45.55,7.0,KAVIN,FAILURE
8.063,-41.87,20.0,40.69,5.53,KAVIN,WARNING
10.941,-47.96,15.38,30.11,5.44,KAVIN,NORMAL
17.928,-59.55,14.08,59.16,13.88,KAVIN,WARNING
27.374,-72.69,19.68,65.27,1.48,KAVIN,NORMAL
23.742,-77.27,9.06,10.92,9.36,KAVIN,FAILURE
25.346,-84.73,15.94,70.85,15.94,KAVIN,NORMAL
25.841,-66.58,16.97,44.44,12.27,KAVIN,FAILURE
27.656,-77.17,20.0,93.07,5.02,KAVIN,WARNING
7.435,-35.0,20.0,76.92,15.63,KAVIN,WARNING
14.022,-55.98,17.03,56.24,0.0,KAVIN,NORMAL
11.863,-38.98,20.0,95.64,7.39,KAVIN,NORMAL
11.765,-39.8,20.0,71.87,13.73,KAVIN,FAILURE
19.742,-56.47,19.47,82.73,3.18,KAVIN,NORMAL
12.353,-40.3,18.5,96.07,11.83,KAVIN,NORMAL
18.682,-57.98,12.41,90.13,13.31,KAVIN,FAILURE
11.777,-55.67,12.02,16.36,8.13,KAVIN,NORMAL
9.678,-36.97,17.12,28.92,11.15,KAVIN,WARNING
10.916,-44.98,20.0,66.66,6.87,KAVIN,WARNING
24.211,-73.27,12.6,24.48,15.07,KAVIN,WARNING
18.231,-54.8,20.0,51.83,9.64,KAVIN,NORMAL
29.233,-92.06,5.8,53.22,9.14,KAVIN,NORMAL
25.063,-71.61,15.45,51.68,5.11,KAVIN,WARNING
14.831,-44.01,16.6,84.03,9.06,KAVIN,WARNING
7.65,-36.26,20.0,54.05,4.21,KAVIN,NORMAL
20.38,-66.53,13.54,88.18,5.27,KAVIN,WARNING
21.936,-65.22,17.92,79.62,0.0,KAVIN,NORMAL
14.193,-49.62,15.82,67.82,10.79,KAVIN,WARNING
7.283,-35.0,18.77,62.02,1.34,KAVIN,WARNING
16.939,-48.27,20.0,30.9,11.88,KAVIN,WARNING
7.988,-35.83,20.0,79.13,7.26,KAVIN,WARNING
28.23,-67.2,10.43,82.4,0.7,KAVIN,NORMAL
19.052,-51.46,14.82,54.04,13.45,KAVIN,NORMAL
9.112,-42.42,16.87,29.83,11.28,KAVIN,WARNING
6.864,-35.0,15.63,78.41,4.45,KAVIN,FAILURE
21.643,-64.58,8.67,82.01,4.76,KAVIN,WARNING
21.38,-75.16,18.41,61.04,4.68,KAVIN,NORMAL
18.115,-57.49,20.0,72.74,11.42,KAVIN,NORMAL
18.622,-60.65,10.72,79.63,7.54,KAVIN,WARNING
18.314,-65.27,8.98,36.24,1.0,KAVIN,NORMAL
11.123,-36.6,20.0,35.44,7.82,KAVIN,NORMAL
28.154,-77.42,15.19,73.72,0.0,KAVIN,WARNING
14.639,-51.81,19.57,56.12,0.75,KAVIN,FAILURE
1.1,-35.0,20.0,56.11,13.72,KAVIN,WARNING
10.777,-43.32,20.0,96.28,2.46,KAVIN,WARNING
4.343,-35.0,20.0,81.94,2.98,KAVIN,WARNING
11.22,-55.28,9.83,33.04,18.44,KAVIN,NORMAL
18.444,-58.83,15.07,46.57,7.17,KAVIN,WARNING
1.169,-35.0,20.0,84.7,9.65,KAVIN,WARNING
26.171,-70.38,14.32,16.59,12.38,KAVIN,NORMAL
18.504,-64.26,15.77,38.89,10.06,KAVIN,NORMAL
9.213,-37.76,20.0,40.57,18.6,KAVIN,NORMAL
9.681,-36.72,20.0,45.12,0.0,KAVIN,WARNING
14.237,-39.7,17.41,33.32,18.5,KAVIN,FAILURE
7.819,-44.68,16.63,67.77,8.9,KAVIN,FAILURE
0.628,-35.0,20.0,45.55,17.89,KAVIN,WARNING
1.283,-35.0,20.0,58.8,14.23,KAVIN,WARNING
11.053,-54.22,15.79,34.53,0.69,KAVIN,NORMAL
4.165,-35.0,17.25,87.52,5.33,KAVIN,NORMAL
1.16,-35.0,20.0,28.52,0.0,KAVIN,WARNING
25.848,-72.69,12.64,88.96,13.79,KAVIN,NORMAL
8.587,-44.29,19.67,26.12,14.62,KAVIN,WARNING
15.342,-47.5,16.93,43.31,2.99,KAVIN,FAILURE
5.793,-36.64,20.0,80.12,9.9,KAVIN,WARNING
1.878,-35.0,20.0,54.34,8.97,KAVIN,WARNING
22.474,-62.57,15.4,31.35,2.86,KAVIN,NORMAL
4.186,-35.0,20.0,69.71,6.33,KAVIN,FAILURE
1.259,-35.0,20.0,21.49,12.37,KAVIN,FAILURE
17.823,-57.62,13.52,29.38,9.42,KAVIN,FAILURE
0.897,-35.0,20.0,33.11,11.34,KAVIN,WARNING
13.37,-53.19,16.33,62.6,6.19,KAVIN,FAILURE
9.021,-35.0,20.0,59.7,7.99,KAVIN,WARNING
9.923,-44.04,20.0,56.76,2.99,KAVIN,NORMAL
0.615,-35.0,19.7,18.77,10.03,KAVIN,WARNING
28.948,-91.84,8.66,80.21,5.8,KAVIN,WARNING
15.75,-46.53,20.0,21.86,6.76,KAVIN,WARNING
17.389,-53.0,15.42,94.49,0.0,KAVIN,WARNING
20.151,-55.65,18.34,15.87,1.32,KAVIN,NORMAL
24.027,-63.32,15.44,89.2,0.51,KAVIN,FAILURE
18.433,-62.81,13.68,36.8,3.24,KAVIN,NORMAL
22.985,-63.31,19.26,72.98,3.95,KAVIN,NORMAL
13.738,-54.31,15.63,39.99,8.88,KAVIN,WARNING
11.453,-40.69,18.28,74.8,15.37,KAVIN,NORMAL
24.782,-63.1,8.58,53.3,17.6,KAVIN,WARNING
26.027,-82.64,12.6,57.41,14.2,KAVIN,WARNING
4.565,-35.0,19.45,74.48,7.1,KAVIN,WARNING
16.508,-54.99,14.23,22.02,8.44,KAVIN,FAILURE
20.667,-68.06,9.04,33.97,0.0,KAVIN,FAILURE
2.966,-35.0,20.0,85.67,17.07,KAVIN,NORMAL
27.923,-84.91,12.31,81.08,10.07,KAVIN,FAILURE
15.843,-51.46,13.8,99.13,19.53,KAVIN,NORMAL
19.541,-54.75,17.64,12.07,3.49,KAVIN,WARNING
5.758,-40.64,13.88,22.8,9.35,KAVIN,WARNING
8.301,-35.0,20.0,40.36,6.58,KAVIN,WARNING
4.07,-35.0,20.0,72.41,3.14,KAVIN,NORMAL
8.288,-39.31,20.0,38.4,0.0,KAVIN,FAILURE
15.026,-56.46,17.63,41.14,3.77,KAVIN,NORMAL
25.092,-86.52,14.85,30.47,7.88,KAVIN,NORMAL
16.245,-51.22,17.48,91.86,3.65,KAVIN,NORMAL
7.712,-36.42,17.45,59.28,0.0,KAVIN,WARNING
1.816,-35.0,20.0,24.37,5.22,KAVIN,NORMAL
18.848,-70.18,18.01,62.4,13.35,KAVIN,NORMAL
12.895,-53.08,20.0,24.36,18.73,KAVIN,NORMAL
29.538,-83.06,8.66,34.47,4.07,KAVIN,NORMAL
23.503,-65.48,12.97,72.65,13.46,KAVIN,WARNING
24.347,-59.74,16.59,78.24,11.5,KAVIN,WARNING
0.861,-35.0,20.0,48.98,9.65,KAVIN,NORMAL
23.445,-71.26,8.45,25.05,7.02,KAVIN,WARNING
6.241,-46.54,19.3,29.04,7.84,KAVIN,WARNING
17.781,-58.12,17.93,58.56,2.97,KAVIN,WARNING
13.699,-47.75,16.79,63.0,10.26,KAVIN,NORMAL
17.362,-61.44,16.57,88.18,0.0,KAVIN,NORMAL
4.437,-35.0,20.0,34.13,2.54,KAVIN,WARNING
13.978,-41.85,20.0,65.08,4.69,KAVIN,WARNING
1.59,-35.0,19.12,10.24,0.54,KAVIN,NORMAL
1.709,-35.0,20.0,52.41,1.91,KAVIN,WARNING
19.903,-58.66,13.46,45.83,1.18,KAVIN,NORMAL
28.575,-76.62,16.2,20.81,7.75,KAVIN,NORMAL
23.433,-65.72,16.39,90.21,10.06,KAVIN,NORMAL
14.34,-54.76,20.0,19.73,3.5,KAVIN,WARNING
2.148,-35.0,20.0,33.89,4.72,KAVIN,WARNING
1.828,-35.0,20.0,76.06,6.43,KAVIN,NORMAL
5.158,-35.0,20.0,26.27,2.56,KAVIN,WARNING
29.286,-87.41,9.41,16.91,9.52,KAVIN,WARNING
12.261,-41.84,18.54,97.24,0.0,KAVIN,WARNING
25.381,-67.08,13.06,36.42,17.21,KAVIN,NORMAL
21.302,-62.33,20.0,15.46,0.0,KAVIN,WARNING
18.36,-63.28,12.31,22.69,7.49,KAVIN,NORMAL
28.461,-78.75,12.78,30.02,11.06,KAVIN,NORMAL
7.297,-35.0,18.38,96.26,8.0,KAVIN,NORMAL
13.919,-52.77,18.18,11.45,13.5,KAVIN,WARNING
26.009,-74.12,12.63,81.35,8.96,KAVIN,FAILURE
16.777,-57.05,15.41,80.28,18.3,KAVIN,NORMAL
7.77,-36.75,20.0,54.97,1.3,KAVIN,WARNING
6.663,-38.06,20.0,93.96,8.71,KAVIN,WARNING
22.71,-65.13,18.26,11.21,11.45,KAVIN,FAILURE
0.877,-35.0,20.0,54.57,10.58,KAVIN,WARNING
27.469,-74.96,10.39,32.81,0.82,KAVIN,NORMAL
1.043,-35.0,18.46,78.57,18.59,KAVIN,NORMAL
19.114,-70.27,11.61,25.59,16.33,KAVIN,WARNING
18.34,-57.27,17.13,88.76,8.85,KAVIN,NORMAL
17.563,-45.87,19.94,46.49,0.0,KAVIN,NORMAL
14.493,-46.59,19.73,22.23,9.82,KAVIN,WARNING
25.647,-69.06,14.58,13.13,11.81,KAVIN,NORMAL
19.95,-62.26,15.97,72.05,0.0,KAVIN,WARNING
23.565,-67.23,12.45,93.56,10.0,KAVIN,WARNING
3.908,-35.0,15.24,97.29,17.7,KAVIN,WARNING
1.972,-35.0,20.0,88.69,10.72,KAVIN,NORMAL
1.342,-35.0,20.0,45.06,0.46,KAVIN,NORMAL
4.843,-35.0,20.0,91.53,0.01,KAVIN,WARNING
20.177,-60.7,12.08,67.93,4.06,KAVIN,NORMAL
15.074,-40.66,20.0,15.7,0.0,KAVIN,WARNING
22.691,-61.46,11.65,25.38,0.0,KAVIN,FAILURE
6.156,-36.95,20.0,44.66,11.13,KAVIN,FAILURE
11.325,-35.0,20.0,37.56,0.0,KAVIN,WARNING
26.711,-76.23,9.23,40.24,9.05,KAVIN,NORMAL
28.104,-84.87,10.24,76.15,14.23,KAVIN,NORMAL
27.691,-74.6,10.58,15.3,3.99,KAVIN,WARNING
24.64,-63.83,18.25,64.52,9.06,KAVIN,NORMAL
20.803,-78.48,17.73,40.3,1.42,KAVIN,NORMAL
27.453,-78.99,7.32,89.42,3.51,KAVIN,NORMAL
21.568,-69.14,13.86,15.15,4.28,KAVIN,WARNING
28.641,-78.46,9.32,97.45,0.0,KAVIN,WARNING
1.231,-35.0,18.87,17.28,14.13,KAVIN,WARNING
27.688,-70.28,16.95,49.1,6.37,KAVIN,WARNING
16.894,-64.81,15.23,87.14,8.34,KAVIN,NORMAL
3.798,-35.0,20.0,38.97,6.56,KAVIN,NORMAL
6.84,-35.0,20.0,86.51,14.74,KAVIN,WARNING
25.639,-61.17,15.05,96.69,0.0,KAVIN,FAILURE
15.43,-39.38,14.71,21.05,5.89,KAVIN,FAILURE
29.493,-79.62,13.84,52.95,6.36,KAVIN,WARNING
3.967,-35.0,13.87,30.77,10.19,KAVIN,WARNING
12.669,-58.13,11.18,79.03,10.99,KAVIN,WARNING
10.29,-41.68,13.04,19.72,5.45,KAVIN,WARNING
15.726,-57.16,12.6,79.73,0.0,KAVIN,WARNING
19.186,-51.72,15.81,70.79,6.04,KAVIN,NORMAL
20.018,-59.01,16.9,66.82,11.8,KAVIN,NORMAL
0.538,-35.0,20.0,49.09,11.35,KAVIN,NORMAL
3.124,-35.0,20.0,55.14,8.82,KAVIN,WARNING
1.534,-35.0,18.66,19.04,6.2,KAVIN,NORMAL
26.006,-78.07,7.44,34.29,17.01,KAVIN,WARNING
9.742,-44.59,18.11,92.21,0.0,KAVIN,FAILURE
11.328,-38.69,20.0,49.78,9.82,KAVIN,NORMAL
13.786,-50.46,20.0,46.26,14.83,KAVIN,FAILURE
25.554,-80.25,14.77,14.26,13.07,KAVIN,NORMAL
0.918,-35.0,20.0,89.59,1.41,KAVIN,WARNING
3.999,-37.97,20.0,77.81,3.27,KAVIN,NORMAL
20.712,-52.22,20.0,18.25,9.87,KAVIN,NORMAL
28.935,-85.27,9.3,23.52,16.84,KAVIN,FAILURE
19.462,-69.92,8.12,21.13,0.57,KAVIN,NORMAL
8.203,-44.06,20.0,68.79,6.4,KAVIN,WARNING
15.836,-48.86,18.58,24.3,3.3,KAVIN,FAILURE
29.262,-84.68,10.7,99.56,9.19,KAVIN,NORMAL
16.078,-62.64,15.67,61.63,4.47,KAVIN,WARNING
11.518,-49.83,14.57,88.31,6.11,KAVIN,NORMAL
11.811,-35.0,17.45,75.71,2.25,KAVIN,FAILURE
29.027,-88.78,9.82,12.2,7.22,KAVIN,WARNING
21.708,-60.72,17.6,47.9,6.13,KAVIN,WARNING
20.772,-62.76,14.77,42.55,5.21,KAVIN,WARNING
7.346,-35.0,14.05,95.7,0.0,KAVIN,NORMAL
17.005,-55.96,11.57,40.45,3.3,KAVIN,FAILURE
11.024,-35.51,18.98,71.87,9.21,KAVIN,NORMAL
7.586,-39.16,20.0,63.05,10.34,KAVIN,WARNING
26.919,-83.19,10.98,76.3,3.6,KAVIN,NORMAL
11.803,-50.66,16.56,15.51,2.16,KAVIN,WARNING
8.842,-41.25,15.91,93.77,5.94,KAVIN,NORMAL
27.986,-62.65,16.6,99.37,13.99,KAVIN,WARNING
6.322,-40.06,20.0,59.89,0.69,KAVIN,WARNING
22.492,-71.58,20.0,24.79,9.01,KAVIN,WARNING
19.756,-60.51,14.29,88.25,13.11,KAVIN,NORMAL
27.654,-66.03,11.3,68.26,6.16,KAVIN,NORMAL
25.045,-68.44,12.48,66.15,7.16,KAVIN,NORMAL
21.306,-66.55,10.1,89.64,0.0,KAVIN,NORMAL
9.78,-40.77,18.49,75.83,9.59,KAVIN,WARNING
15.119,-48.08,18.29,92.78,8.24,KAVIN,NORMAL
28.363,-89.73,7.9,96.18,8.28,KAVIN,WARNING
1.184,-35.0,16.94,41.04,9.47,KAVIN,NORMAL
23.933,-70.4,13.64,27.81,7.57,KAVIN,WARNING
7.928,-42.56,20.0,44.69,16.93,KAVIN,NORMAL
5.958,-35.0,20.0,97.08,3.89,KAVIN,WARNING
7.351,-36.43,19.76,27.23,6.64,KAVIN,WARNING
2.263,-35.0,20.0,63.2,14.57,KAVIN,WARNING
29.763,-90.49,10.0,17.58,14.82,KAVIN,FAILURE
26.161,-68.76,10.04,84.92,19.32,KAVIN,WARNING
15.871,-53.89,20.0,70.14,11.99,KAVIN,WARNING
21.596,-49.73,17.75,56.99,13.58,KAVIN,FAILURE
16.92,-61.28,11.59,66.7,0.63,KAVIN,WARNING
24.442,-62.63,15.93,20.53,8.46,KAVIN,FAILURE
25.421,-67.09,9.28,87.53,4.79,KAVIN,NORMAL
7.367,-48.79,16.39,40.61,10.04,KAVIN,NORMAL
14.063,-46.09,20.0,25.22,2.55,KAVIN,NORMAL
19.228,-54.41,13.08,11.33,10.21,KAVIN,NORMAL
29.364,-86.69,8.55,15.46,0.0,KAVIN,NORMAL
20.639,-55.3,17.88,70.45,6.9,KAVIN,WARNING
26.98,-77.79,12.04,74.66,2.37,KAVIN,NORMAL
25.46,-73.23,18.69,23.4,0.0,KAVIN,WARNING
17.671,-52.93,20.0,64.51,16.34,KAVIN,NORMAL
26.863,-77.66,13.09,53.47,15.83,KAVIN,NORMAL
11.634,-51.87,20.0,94.35,11.06,KAVIN,NORMAL
11.689,-42.03,15.32,69.87,9.37,KAVIN,NORMAL
23.538,-66.74,11.53,56.83,9.54,KAVIN,WARNING
4.469,-35.0,20.0,35.54,5.9,KAVIN,WARNING
9.522,-47.58,20.0,51.56,5.91,KAVIN,FAILURE
18.453,-60.97,15.03,32.24,0.15,KAVIN,WARNING
12.892,-44.83,17.7,71.05,15.63,KAVIN,FAILURE
28.251,-79.2,6.71,63.47,11.2,KAVIN,WARNING
28.776,-81.84,9.66,36.67,2.71,KAVIN,NORMAL
15.326,-62.56,13.88,11.09,0.0,KAVIN,NORMAL
16.402,-61.9,16.74,98.45,11.3,KAVIN,WARNING
21.876,-71.51,11.56,14.77,5.75,KAVIN,NORMAL
13.989,-43.03,19.32,59.23,1.04,KAVIN,WARNING
6.108,-35.52,20.0,86.68,14.31,KAVIN,FAILURE
22.536,-63.61,9.85,65.9,0.0,KAVIN,NORMAL
22.265,-63.03,14.2,62.82,9.82,KAVIN,WARNING
7.727,-35.0,20.0,74.36,2.23,KAVIN,WARNING
25.071,-73.37,9.11,37.73,7.49,KAVIN,FAILURE
18.603,-63.46,15.37,45.07,3.18,KAVIN,WARNING
7.471,-35.0,20.0,17.61,11.06,KAVIN,WARNING
19.735,-59.8,19.06,10.42,2.41,KAVIN,NORMAL
7.391,-35.0,20.0,33.81,11.49,KAVIN,WARNING
8.324,-35.0,20.0,83.28,5.11,KAVIN,WARNING
25.516,-77.44,13.82,65.04,13.82,KAVIN,FAILURE
27.92,-89.74,7.59,22.55,2.06,KAVIN,WARNING
8.078,-48.99,16.38,48.38,7.37,KAVIN,NORMAL
27.878,-78.82,12.76,11.76,7.75,KAVIN,WARNING
7.545,-37.02,20.0,82.2,1.21,KAVIN,WARNING
3.959,-35.0,20.0,51.5,5.58,KAVIN,WARNING
2.218,-35.0,20.0,34.92,18.26,KAVIN,FAILURE
7.642,-38.47,20.0,79.13,2.71,KAVIN,WARNING
11.865,-50.96,20.0,97.33,17.13,KAVIN,WARNING
27.863,-79.48,13.05,46.29,8.27,KAVIN,WARNING
7.644,-35.0,20.0,78.89,1.34,KAVIN,WARNING
11.281,-47.82,18.42,38.91,9.0,KAVIN,WARNING
22.158,-71.72,7.97,78.22,13.09,KAVIN,WARNING
9.411,-41.92,16.03,96.86,6.09,KAVIN,WARNING
20.689,-67.81,16.58,68.53,4.95,KAVIN,FAILURE
13.246,-46.37,20.0,31.51,3.41,KAVIN,NORMAL
6.295,-35.0,20.0,72.11,4.14,KAVIN,WARNING
22.155,-64.79,12.33,86.01,4.63,KAVIN,WARNING
1.298,-35.0,18.23,46.33,3.06,KAVIN,WARNING
9.124,-51.58,20.0,65.98,8.32,KAVIN,WARNING
11.007,-44.56,20.0,32.73,17.88,KAVIN,WARNING
14.017,-48.69,19.67,50.91,3.69,KAVIN,FAILURE
20.556,-69.08,17.16,24.93,12.55,KAVIN,WARNING
14.052,-36.84,20.0,85.2,9.82,KAVIN,WARNING
18.033,-40.6,20.0,18.7,4.96,KAVIN,WARNING
18.075,-63.15,16.23,15.03,6.69,KAVIN,NORMAL
11.512,-48.87,19.78,58.1,11.84,KAVIN,WARNING
28.052,-79.36,12.6,62.42,0.0,KAVIN,WARNING
28.698,-86.87,10.01,92.64,11.85,KAVIN,WARNING
17.665,-46.71,17.01,28.3,1.94,KAVIN,WARNING
2.615,-35.0,20.0,80.02,0.54,KAVIN,WARNING
14.988,-44.77,19.39,67.97,16.74,KAVIN,FAILURE
5.94,-43.41,20.0,76.75,13.24,KAVIN,WARNING
14.755,-42.9,20.0,24.17,4.42,KAVIN,NORMAL
6.06,-44.91,19.19,50.18,3.52,KAVIN,WARNING
21.264,-72.8,14.19,42.05,0.35,KAVIN,WARNING
2.873,-35.0,20.0,72.96,0.78,KAVIN,WARNING
28.622,-69.43,14.91,63.42,5.88,KAVIN,NORMAL
6.264,-35.0,19.77,97.08,1.79,KAVIN,WARNING
19.989,-57.34,17.45,22.49,5.11,KAVIN,WARNING
27.55,-86.45,13.29,52.62,0.0,KAVIN,NORMAL
7.813,-35.0,20.0,72.45,1.91,KAVIN,WARNING
28.062,-87.32,11.22,43.19,5.38,KAVIN,NORMAL
11.966,-52.58,18.54,93.09,20.03,KAVIN,NORMAL
28.836,-74.82,16.07,86.73,10.85,KAVIN,FAILURE
29.155,-85.43,8.99,88.56,7.66,KAVIN,NORMAL
6.048,-37.9,20.0,64.81,6.79,KAVIN,WARNING
25.017,-69.07,10.78,52.45,5.06,KAVIN,NORMAL
6.206,-35.02,19.25,43.11,0.0,KAVIN,WARNING
7.18,-38.82,20.0,20.77,8.98,KAVIN,WARNING
2.982,-35.0,20.0,95.34,1.99,KAVIN,FAILURE
5.118,-35.0,17.81,33.73,12.72,KAVIN,NORMAL
19.15,-80.84,16.69,82.19,2.49,KAVIN,FAILURE
13.753,-52.72,20.0,11.07,4.97,KAVIN,WARNING
23.833,-73.44,8.96,44.33,0.0,KAVIN,WARNING
10.294,-37.42,20.0,61.4,21.52,KAVIN,WARNING
29.074,-83.2,8.15,38.29,0.0,KAVIN,WARNING
1.971,-35.0,20.0,27.45,1.59,KAVIN,FAILURE
2.357,-35.0,20.0,16.43,1.96,KAVIN,NORMAL
21.191,-71.79,15.01,99.02,6.54,KAVIN,FAILURE
26.682,-64.81,14.67,89.78,11.53,KAVIN,NORMAL
23.967,-77.05,10.42,38.11,0.48,KAVIN,WARNING
14.95,-49.23,18.92,11.42,5.96,KAVIN,NORMAL
8.454,-38.39,17.7,58.65,0.27,KAVIN,WARNING
0.897,-35.0,20.0,38.93,6.28,KAVIN,NORMAL
15.529,-71.23,10.38,20.42,21.88,KAVIN,WARNING
14.531,-43.64,17.18,81.13,6.21,KAVIN,WARNING
10.655,-35.0,20.0,40.44,5.21,KAVIN,NORMAL
17.553,-61.76,16.03,97.56,0.0,KAVIN,WARNING
22.0,-73.75,15.17,73.56,3.73,KAVIN,WARNING
21.176,-72.37,14.08,85.57,17.87,KAVIN,NORMAL
8.266,-35.0,20.0,65.96,10.15,KAVIN,WARNING
17.766,-50.57,19.52,60.55,5.85,KAVIN,WARNING
4.889,-35.0,20.0,48.52,10.7,KAVIN,NORMAL
4.087,-35.0,20.0,17.48,6.41,KAVIN,WARNING
23.683,-70.95,11.76,76.37,9.24,KAVIN,FAILURE
20.966,-66.1,14.16,40.59,6.95,KAVIN,NORMAL
23.154,-68.1,14.0,27.7,1.42,KAVIN,NORMAL
4.998,-35.0,20.0,20.3,0.0,KAVIN,NORMAL
27.481,-81.58,9.57,17.05,19.79,KAVIN,WARNING
4.427,-35.0,17.44,52.79,7.98,KAVIN,NORMAL
26.166,-71.39,11.83,85.33,15.69,KAVIN,WARNING
10.895,-35.0,20.0,21.58,8.3,KAVIN,WARNING
3.61,-35.0,20.0,56.33,0.0,KAVIN,WARNING
8.96,-41.42,19.49,44.12,1.82,KAVIN,WARNING
5.853,-39.6,20.0,58.59,4.65,KAVIN,NORMAL
14.975,-59.19,10.82,15.22,8.98,KAVIN,WARNING
28.517,-88.16,13.62,58.16,14.09,KAVIN,NORMAL
10.172,-40.87,20.0,59.5,7.67,KAVIN,NORMAL
18.557,-62.42,14.18,88.31,0.0,KAVIN,WARNING
26.806,-77.06,11.28,27.96,10.57,KAVIN,WARNING
19.087,-60.77,14.32,83.33,4.82,KAVIN,NORMAL
11.185,-38.77,15.84,77.63,0.9,KAVIN,WARNING
29.73,-74.63,13.48,92.3,11.39,KAVIN,WARNING
6.029,-35.25,14.89,92.16,6.52,KAVIN,FAILURE
15.936,-51.67,17.95,78.95,14.47,KAVIN,WARNING
24.003,-59.75,15.98,93.27,12.91,KAVIN,NORMAL
0.519,-35.0,20.0,33.31,7.84,KAVIN,WARNING
21.21,-67.36,12.83,24.01,3.06,KAVIN,WARNING
8.362,-35.0,20.0,35.23,8.78,KAVIN,WARNING
5.507,-35.0,20.0,85.59,0.0,KAVIN,WARNING
8.589,-42.4,20.0,38.22,10.32,KAVIN,WARNING
29.021,-73.53,14.14,83.68,0.0,KAVIN,WARNING
26.812,-86.02,13.28,43.48,5.53,KAVIN,WARNING
6.806,-35.0,20.0,81.96,13.62,KAVIN,FAILURE
3.952,-35.0,20.0,86.25,3.27,KAVIN,FAILURE
11.243,-35.0,20.0,71.01,0.0,KAVIN,WARNING
17.974,-63.46,16.17,98.16,11.33,KAVIN,WARNING
26.081,-80.4,12.78,75.73,6.95,KAVIN,NORMAL
29.0,-74.26,10.12,32.06,15.1,KAVIN,NORMAL
22.659,-71.89,16.02,98.6,5.97,KAVIN,WARNING
18.171,-51.74,18.42,71.54,12.13,KAVIN,NORMAL
4.699,-42.86,16.86,49.22,1.44,KAVIN,NORMAL
2.684,-35.0,20.0,54.27,14.9,KAVIN,WARNING
18.083,-57.34,16.72,78.95,9.89,KAVIN,WARNING
16.402,-43.87,20.0,77.79,8.4,KAVIN,WARNING
25.46,-86.21,8.65,85.7,0.0,KAVIN,NORMAL
10.017,-39.75,20.0,31.66,0.56,KAVIN,WARNING
1.671,-35.0,20.0,95.33,10.87,KAVIN,NORMAL
12.999,-44.94,14.69,33.54,13.22,KAVIN,WARNING
29.091,-83.03,9.81,53.24,16.58,KAVIN,NORMAL
23.969,-73.4,13.44,29.02,9.28,KAVIN,WARNING
1.496,-35.0,13.73,49.09,8.09,KAVIN,NORMAL
26.303,-79.71,14.24,68.49,2.07,KAVIN,NORMAL
14.415,-53.86,17.17,54.27,0.0,KAVIN,WARNING
11.261,-64.89,16.4,32.37,14.03,KAVIN,WARNING
10.729,-43.05,20.0,44.83,0.02,KAVIN,WARNING
18.057,-72.55,11.93,63.5,8.89,KAVIN,FAILURE
16.153,-63.54,9.95,90.8,3.17,KAVIN,WARNING
19.871,-58.53,8.04,48.13,3.32,KAVIN,WARNING
17.422,-47.31,20.0,61.74,14.25,KAVIN,NORMAL
4.746,-35.59,20.0,91.98,0.0,KAVIN,NORMAL
8.088,-41.65,19.1,85.7,0.0,KAVIN,WARNING
25.31,-72.74,16.74,26.68,14.95,KAVIN,NORMAL
20.066,-68.22,17.02,42.56,12.93,KAVIN,WARNING
13.728,-41.93,20.0,80.99,14.98,KAVIN,NORMAL
5.887,-35.0,20.0,75.79,0.0,KAVIN,FAILURE
0.727,-35.0,18.6,79.05,0.15,KAVIN,NORMAL
9.701,-39.07,20.0,24.35,4.76,KAVIN,NORMAL
2.118,-35.0,18.84,51.41,9.11,KAVIN,FAILURE
14.727,-57.04,18.68,72.57,12.29,KAVIN,WARNING
24.743,-75.93,11.14,46.53,21.11,KAVIN,WARNING
8.919,-45.81,20.0,60.8,11.22,KAVIN,NORMAL
25.509,-75.56,11.96,78.37,7.36,KAVIN,FAILURE
21.285,-61.76,20.0,55.33,13.64,KAVIN,WARNING
4.195,-35.0,20.0,64.92,10.84,KAVIN,WARNING
19.515,-60.93,20.0,40.88,5.07,KAVIN,NORMAL
4.975,-35.0,15.7,42.86,3.69,KAVIN,WARNING
19.816,-64.62,15.92,26.89,10.71,KAVIN,NORMAL
4.71,-35.0,20.0,99.26,0.0,KAVIN,WARNING
12.079,-40.26,16.32,64.63,1.33,KAVIN,NORMAL
17.215,-58.42,20.0,27.5,12.71,KAVIN,NORMAL
1.986,-35.0,16.81,24.8,14.04,KAVIN,NORMAL
5.023,-35.0,18.97,30.57,6.75,KAVIN,NORMAL
9.952,-35.0,20.0,74.6,11.67,KAVIN,NORMAL
14.138,-44.03,12.37,54.89,0.0,KAVIN,WARNING
25.825,-64.5,13.66,58.2,2.45,KAVIN,WARNING
6.025,-36.01,20.0,72.65,13.66,KAVIN,NORMAL
10.75,-41.57,16.95,75.61,4.95,KAVIN,WARNING
14.535,-36.57,20.0,77.2,1.43,KAVIN,FAILURE
9.225,-45.15,20.0,17.18,9.04,KAVIN,WARNING
18.96,-57.89,12.78,84.92,2.88,KAVIN,WARNING
8.07,-36.28,16.58,25.69,12.62,KAVIN,NORMAL
23.284,-67.41,14.19,67.13,7.24,KAVIN,WARNING
15.402,-53.65,17.3,30.29,0.0,KAVIN,FAILURE
3.046,-35.0,20.0,84.35,5.32,KAVIN,WARNING
18.996,-58.06,13.15,78.86,13.38,KAVIN,NORMAL
17.293,-50.38,19.13,25.77,13.21,KAVIN,WARNING
10.489,-38.79,20.0,59.52,5.45,KAVIN,WARNING
0.829,-35.0,20.0,74.95,3.31,KAVIN,NORMAL
6.421,-38.67,20.0,25.23,10.07,KAVIN,FAILURE
12.468,-45.15,16.73,23.17,3.93,KAVIN,NORMAL
6.397,-38.43,20.0,43.82,11.55,KAVIN,WARNING
17.536,-56.2,16.22,92.67,0.51,KAVIN,FAILURE
21.514,-57.92,13.75,16.1,11.43,KAVIN,WARNING
25.753,-80.25,18.69,42.3,3.81,KAVIN,NORMAL
19.586,-58.9,15.85,82.57,1.14,KAVIN,WARNING
20.826,-57.83,14.69,40.98,0.0,KAVIN,FAILURE
18.449,-63.69,12.08,14.96,0.27,KAVIN,WARNING
29.572,-83.88,14.45,66.93,6.12,KAVIN,NORMAL
8.2,-42.23,20.0,96.21,12.44,KAVIN,NORMAL
8.355,-41.62,20.0,62.17,0.91,KAVIN,FAILURE
4.227,-35.0,20.0,83.3,6.94,KAVIN,WARNING
14.828,-58.44,16.15,11.28,10.3,KAVIN,WARNING
3.337,-35.0,20.0,69.45,11.0,KAVIN,NORMAL
8.469,-48.4,14.4,23.59,13.99,KAVIN,WARNING
14.739,-44.4,16.29,72.87,16.81,KAVIN,FAILURE
28.749,-75.85,18.98,61.31,5.24,KAVIN,NORMAL
28.932,-84.46,14.46,29.95,11.35,KAVIN,FAILURE
22.44,-63.57,13.56,62.65,9.67,KAVIN,NORMAL
11.983,-40.51,17.37,70.85,1.71,KAVIN,WARNING
26.022,-78.74,14.52,91.19,9.0,KAVIN,WARNING
26.326,-69.13,20.0,90.0,0.88,KAVIN,NORMAL
27.351,-82.78,11.18,94.28,5.54,KAVIN,NORMAL
19.381,-52.2,17.58,85.71,0.0,KAVIN,NORMAL
6.453,-35.0,20.0,58.67,3.85,KAVIN,FAILURE
3.187,-35.0,19.87,86.42,8.84,KAVIN,NORMAL
27.486,-91.22,10.44,75.0,4.78,KAVIN,WARNING
2.139,-35.0,20.0,76.41,0.0,KAVIN,NORMAL
9.229,-35.83,16.91,23.91,3.99,KAVIN,WARNING
14.865,-52.88,19.17,26.17,5.01,KAVIN,NORMAL
1.148,-35.0,16.82,26.23,16.33,KAVIN,WARNING
27.254,-77.82,11.46,28.83,12.29,KAVIN,WARNING
8.97,-46.13,11.37,47.62,13.12,KAVIN,NORMAL
1.341,-35.0,20.0,38.39,12.67,KAVIN,FAILURE
29.811,-83.92,14.99,14.42,15.59,KAVIN,NORMAL
9.686,-35.0,20.0,75.16,5.61,KAVIN,WARNING
26.365,-82.1,7.54,46.29,18.71,KAVIN,FAILURE
13.877,-46.9,20.0,17.02,10.36,KAVIN,NORMAL
20.062,-53.44,13.96,81.02,15.08,KAVIN,WARNING
7.612,-35.0,19.13,11.76,9.21,KAVIN,WARNING
15.335,-46.06,20.0,60.39,4.09,KAVIN,WARNING
8.101,-35.0,20.0,78.15,0.0,KAVIN,WARNING
28.557,-91.81,13.07,43.53,19.86,KAVIN,NORMAL
2.298,-35.0,20.0,61.67,14.11,KAVIN,WARNING
8.603,-35.0,20.0,14.56,6.64,KAVIN,WARNING
26.847,-70.41,14.01,31.33,7.85,KAVIN,NORMAL
14.661,-45.84,18.52,69.72,1.15,KAVIN,WARNING
18.202,-50.9,20.0,81.13,7.39,KAVIN,WARNING
19.725,-56.91,18.55,20.29,0.0,KAVIN,NORMAL
2.592,-35.0,18.99,96.96,4.88,KAVIN,WARNING
1.023,-35.0,18.52,45.51,0.0,KAVIN,FAILURE
28.166,-81.44,16.81,93.21,1.67,KAVIN,NORMAL
8.509,-37.53,18.49,58.57,15.3,KAVIN,NORMAL
11.719,-42.27,20.0,67.96,0.0,KAVIN,FAILURE
20.622,-56.52,19.11,25.83,5.77,KAVIN,WARNING
7.471,-35.0,18.15,89.63,6.85,KAVIN,WARNING
22.126,-68.13,12.28,17.87,7.04,KAVIN,NORMAL
14.018,-48.39,18.8,98.87,1.31,KAVIN,WARNING
25.77,-75.72,11.81,45.28,15.65,KAVIN,WARNING
8.717,-39.87,20.0,24.8,12.66,KAVIN,WARNING
6.513,-35.54,20.0,64.52,11.76,KAVIN,WARNING
25.035,-75.63,7.29,87.91,12.21,KAVIN,WARNING
10.127,-48.35,19.32,45.74,4.52,KAVIN,NORMAL
12.65,-53.49,17.91,10.77,12.28,KAVIN,WARNING
23.914,-72.9,16.94,88.5,15.55,KAVIN,NORMAL
19.25,-52.86,14.18,62.32,11.43,KAVIN,WARNING
13.531,-59.77,20.0,18.36,5.55,KAVIN,NORMAL
7.872,-35.0,19.49,91.54,7.4,KAVIN,NORMAL
23.044,-75.8,15.72,79.59,12.13,KAVIN,WARNING
5.823,-35.0,20.0,57.94,5.25,KAVIN,WARNING
27.884,-83.37,15.81,50.21,12.85,KAVIN,NORMAL
4.934,-35.0,18.45,73.53,10.78,KAVIN,NORMAL
24.246,-72.56,13.78,42.59,14.85,KAVIN,NORMAL
13.015,-52.85,17.5,68.94,0.0,KAVIN,NORMAL
5.987,-35.0,19.92,23.58,6.27,KAVIN,NORMAL
12.37,-45.23,13.64,22.82,15.54,KAVIN,WARNING
7.036,-41.85,20.0,38.0,6.86,KAVIN,WARNING
4.512,-35.0,20.0,89.72,12.94,KAVIN,FAILURE
7.555,-44.32,20.0,86.53,4.01,KAVIN,WARNING
26.088,-75.61,6.71,54.29,11.69,KAVIN,WARNING
3.625,-35.0,20.0,62.69,2.17,KAVIN,NORMAL
29.19,-84.6,10.06,66.48,9.28,KAVIN,NORMAL
0.647,-35.0,19.37,43.59,12.43,KAVIN,FAILURE
19.918,-66.05,14.39,73.12,7.83,KAVIN,WARNING
25.767,-60.64,16.52,64.73,1.68,KAVIN,WARNING
28.052,-75.89,11.48,41.89,11.17,KAVIN,NORMAL
4.748,-35.0,20.0,35.55,2.84,KAVIN,WARNING
21.097,-76.83,10.96,98.27,11.9,KAVIN,WARNING
3.667,-35.0,20.0,35.59,3.69,KAVIN,WARNING
10.902,-50.24,18.73,25.66,2.42,KAVIN,NORMAL
22.092,-74.9,14.23,85.11,0.0,KAVIN,FAILURE
10.706,-51.04,13.79,82.98,10.07,KAVIN,WARNING
9.745,-36.92,20.0,31.49,0.0,KAVIN,NORMAL
3.924,-35.0,20.0,86.38,0.0,KAVIN,NORMAL
2.46,-35.0,20.0,92.05,0.0,KAVIN,FAILURE
3.901,-35.0,16.4,39.86,9.75,KAVIN,NORMAL
26.327,-70.87,16.19,39.57,13.71,KAVIN,WARNING
0.83,-35.0,20.0,21.79,12.32,KAVIN,NORMAL
20.94,-59.68,16.0,64.97,8.89,KAVIN,WARNING
23.174,-61.85,15.92,72.46,16.13,KAVIN,WARNING
17.253,-49.77,18.12,16.61,13.11,KAVIN,WARNING
22.058,-68.78,12.76,28.8,7.75,KAVIN,FAILURE
19.742,-69.66,10.53,34.34,4.47,KAVIN,WARNING
13.939,-38.13,17.19,50.15,3.73,KAVIN,WARNING
11.79,-38.79,19.54,84.13,3.52,KAVIN,NORMAL
28.269,-65.77,15.13,30.18,11.73,KAVIN,FAILURE
29.172,-74.55,19.54,82.68,5.97,KAVIN,NORMAL
19.713,-53.66,19.25,90.09,0.0,KAVIN,NORMAL
6.32,-35.0,20.0,28.05,0.0,KAVIN,WARNING
13.713,-39.3,19.37,99.36,0.0,KAVIN,FAILURE
15.148,-59.31,15.33,56.51,15.97,KAVIN,WARNING
22.86,-57.19,17.58,59.66,0.0,KAVIN,WARNING
20.199,-69.24,12.24,65.45,5.3,KAVIN,NORMAL
15.687,-57.11,17.2,82.25,0.04,KAVIN,WARNING
20.571,-73.37,8.35,68.79,4.9,KAVIN,NORMAL
1.21,-35.0,20.0,76.14,0.07,KAVIN,NORMAL
23.411,-66.5,11.7,49.57,11.39,KAVIN,WARNING
6.743,-35.0,16.63,63.1,8.5,KAVIN,WARNING
19.864,-63.23,16.87,32.24,8.68,KAVIN,WARNING
3.862,-35.0,19.9,42.69,9.46,KAVIN,FAILURE
3.877,-35.0,20.0,66.84,6.45,KAVIN,NORMAL
1.552,-35.45,17.46,13.69,14.03,KAVIN,FAILURE
27.352,-69.09,14.34,62.08,12.84,KAVIN,WARNING
18.334,-53.86,18.1,59.57,0.0,KAVIN,WARNING
11.178,-53.8,20.0,26.8,12.05,KAVIN,WARNING
23.739,-66.17,17.15,94.01,0.0,KAVIN,NORMAL
18.969,-58.56,16.92,17.53,15.15,KAVIN,WARNING
18.792,-63.11,16.1,14.64,0.0,KAVIN,WARNING
14.868,-51.77,20.0,87.51,12.59,KAVIN,FAILURE
0.734,-35.0,19.74,85.63,9.15,KAVIN,WARNING
8.125,-40.36,18.65,45.66,0.0,KAVIN,WARNING
3.718,-35.52,16.95,97.79,9.08,KAVIN,WARNING
20.041,-65.76,11.33,97.79,1.48,KAVIN,WARNING
7.834,-39.96,20.0,21.25,10.05,KAVIN,NORMAL
13.78,-39.62,20.0,53.15,0.0,KAVIN,NORMAL
10.926,-51.82,11.0,14.8,15.68,KAVIN,NORMAL
4.724,-35.0,20.0,42.2,8.35,KAVIN,NORMAL
28.772,-85.72,8.51,16.45,12.36,KAVIN,FAILURE
28.036,-72.34,14.6,24.47,4.9,KAVIN,WARNING
2.996,-35.0,20.0,90.34,9.91,KAVIN,NORMAL
24.907,-78.61,14.66,85.99,11.43,KAVIN,NORMAL
14.907,-39.16,16.38,87.21,12.38,KAVIN,NORMAL
23.325,-74.75,9.88,12.94,3.75,KAVIN,FAILURE
4.959,-36.81,20.0,61.23,7.26,KAVIN,WARNING
4.402,-35.0,20.0,79.67,14.27,KAVIN,WARNING
26.777,-68.06,16.37,72.25,0.0,KAVIN,NORMAL
26.986,-62.54,11.96,55.05,8.26,KAVIN,WARNING
14.244,-50.4,16.49,20.96,12.33,KAVIN,NORMAL
26.17,-68.07,12.87,79.66,13.4,KAVIN,NORMAL
20.19,-65.72,12.68,90.09,5.65,KAVIN,WARNING
5.958,-36.38,19.41,34.15,8.03,KAVIN,NORMAL
10.204,-45.02,20.0,58.56,10.4,KAVIN,WARNING
4.514,-35.0,20.0,54.14,0.0,KAVIN,NORMAL
23.331,-81.73,9.15,75.98,6.33,KAVIN,NORMAL
29.565,-80.48,12.03,93.34,5.36,KAVIN,NORMAL
16.618,-47.85,20.0,50.78,8.21,KAVIN,NORMAL
19.848,-61.07,16.14,51.62,8.97,KAVIN,WARNING
22.51,-70.07,20.0,30.35,6.93,KAVIN,NORMAL
7.116,-35.0,20.0,26.13,7.4,KAVIN,FAILURE
10.412,-42.19,20.0,13.47,0.0,KAVIN,WARNING
12.663,-48.74,20.0,83.58,4.45,KAVIN,WARNING
18.04,-52.01,20.0,46.21,3.48,KAVIN,WARNING
25.59,-73.18,14.97,16.59,12.48,KAVIN,NORMAL
7.999,-35.0,20.0,59.6,6.52,KAVIN,WARNING
14.391,-45.67,18.56,40.18,14.95,KAVIN,FAILURE
22.67,-67.81,17.79,97.43,0.0,KAVIN,NORMAL
3.078,-35.44,20.0,50.3,19.79,KAVIN,NORMAL
15.63,-63.23,14.71,19.25,3.86,KAVIN,NORMAL
4.759,-35.0,20.0,67.44,5.68,KAVIN,NORMAL
16.405,-44.82,18.3,81.41,7.31,KAVIN,NORMAL
23.151,-62.29,10.64,62.32,11.53,KAVIN,WARNING
7.49,-48.34,19.42,79.73,0.0,KAVIN,WARNING
25.56,-63.71,16.13,36.97,13.28,KAVIN,FAILURE
10.377,-54.54,15.31,57.81,6.68,KAVIN,NORMAL
6.128,-36.27,20.0,84.43,11.71,KAVIN,WARNING
14.227,-44.17,14.85,16.77,3.22,KAVIN,NORMAL
26.344,-80.89,16.67,33.35,12.23,KAVIN,NORMAL
2.534,-35.0,17.95,66.42,1.58,KAVIN,NORMAL
10.163,-44.31,20.0,55.54,0.0,KAVIN,WARNING
19.768,-67.19,19.32,79.27,1.05,KAVIN,WARNING
11.049,-53.26,20.0,26.03,5.56,KAVIN,NORMAL
2.589,-35.0,20.0,86.26,1.85,KAVIN,NORMAL
10.294,-35.32,18.17,65.67,6.37,KAVIN,WARNING
24.718,-55.32,18.98,28.3,9.46,KAVIN,WARNING
29.057,-81.47,11.19,15.09,12.84,KAVIN,WARNING
1.673,-35.0,20.0,98.38,0.0,KAVIN,FAILURE
17.294,-60.82,20.0,49.96,4.68,KAVIN,FAILURE
3.606,-35.09,20.0,34.08,8.83,KAVIN,WARNING
20.572,-60.81,15.32,26.23,2.77,KAVIN,NORMAL
0.733,-35.0,19.71,31.98,9.49,KAVIN,WARNING
0.935,-35.0,20.0,54.08,16.18,KAVIN,WARNING
23.418,-77.97,10.88,86.76,0.25,KAVIN,WARNING
2.696,-35.0,20.0,28.76,0.0,KAVIN,WARNING
9.503,-43.43,20.0,43.14,0.0,KAVIN,WARNING
28.762,-76.53,9.02,81.76,14.1,KAVIN,WARNING
29.565,-82.36,9.81,69.8,10.11,KAVIN,WARNING
5.261,-35.0,20.0,12.58,10.72,KAVIN,WARNING
17.047,-60.1,20.0,32.53,8.95,KAVIN,WARNING
16.995,-56.02,18.14,21.47,6.94,KAVIN,WARNING
13.845,-49.73,20.0,13.72,4.09,KAVIN,NORMAL
27.779,-83.19,11.51,95.25,12.95,KAVIN,WARNING
22.744,-62.72,16.63,65.89,11.29,KAVIN,NORMAL
23.054,-77.45,12.6,58.76,1.05,KAVIN,WARNING
8.452,-35.0,20.0,87.41,8.13,KAVIN,NORMAL
13.312,-41.81,15.15,63.23,8.76,KAVIN,WARNING
14.879,-52.77,16.27,61.99,0.0,KAVIN,WARNING
